Workbook

Sheet Parameters
A1: R0.01 | B1: * Valve Error 관련 Parameter는 Alarm Parameter로 이동
A2: 25.05.07 | B2: MOCS Parameter list
A3: COSMO Page | B3: Category1 | C3: Category2 | D3: Category3 | E3: Index | F3: Name | G3: Description1 | H3: Description2 | I3: Default | J3: Range | M3: Scale | N3: Remark | O3: MATLAB Interface
J4: Min | K4: Max | L4: Unit
A5: 11 | B5: Common[0..199] | C5: System (Comm[0..49]) | D5: SystemType[0..3] (Comm[0..3]) | E5: 0 | F5: MOCSType | G5: 0: without SCR 1: with SCR 2: with SCR & bypass | H5: MOCS 승온 방식 선택 | I5: 1 | J5: 0 | K5: 10 | L5: - | M5: 1 | N5: ComboBox | O5: =CONCATENATE("IF_CommPara[",E5,"]") -> IF_CommPara[0]
A6: 11 | E6: 1 | F6: NumofGE | G6: Number of GE | H6: MOCS 승온 방식 선택 | I6: 1 | J6: 0 | K6: 8 | L6: - | M6: 1 | O6: =CONCATENATE("IF_CommPara[",E6,"]") -> IF_CommPara[1]
A7: 11 | E7: 2 | F7: HeatingSystem | G7: 0: F.O. Dosing System 1: Burner System | H7: MOCS 승온 방식 선택 | I7: 0 | J7: 0 | K7: 1 | L7: - | M7: 1 | N7: ComboBox | O7: =CONCATENATE("IF_CommPara[",E7,"]") -> IF_CommPara[2]
A8: 11 | E8: 3 | F8: FOSuppUnit | G8: 0: MOCS Controller 1: Yard | I8: 0 | J8: 0 | K8: 1 | L8: - | M8: 1 | N8: ComboBox | O8: =CONCATENATE("IF_CommPara[",E8,"]") -> IF_CommPara[3]
A9: - | D9: System Reserved[4..49] (Comm[4..49]) | E9: 4 | F9: SystemReserved4 | O9: =CONCATENATE("IF_CommPara[",E9,"]") -> IF_CommPara[4]
A10: - | E10: ... | F10: ... | O10: =CONCATENATE("IF_CommPara[",E10,"]") -> IF_CommPara[...]
A11: - | E11: 49 | F11: SystemReserved49 | O11: =CONCATENATE("IF_CommPara[",E11,"]") -> IF_CommPara[49]
A12: 11 | C12: State Flag (Comm[50..99]) | D12: MSS Normal Flag[0..4] (Comm[50..54]) | E12: 50 | F12: MOCSMinEngineLoad | G12: MOCS Ready Minimum Engine Load w/ MSS Active | H12: Engage State 진입 기준 Engine Load | I12: 20 | J12: 0 | K12: 120 | L12: % | M12: 100 | O12: =CONCATENATE("IF_CommPara[",E12,"]") -> IF_CommPara[50]
A13: 11 | E13: 51 | F13: MOCSReadyEngineLoad | G13: MOCS Ready Engine Load w/o MSS Active | H13: MSS Run signal 이 참에서 거짓으로 바뀔 때 Delay time 내 다시 참으로 돌아오면 신호를 참으로 유지 | I13: 50 | J13: 0 | K13: 120 | L13: % | M13: 100 | O13: =CONCATENATE("IF_CommPara[",E13,"]") -> IF_CommPara[51]
A14: 11 | E14: 52 | F14: MSSNormalFallingHysteresis | G14: Hysteresis for MSS Normal Flag to fall from True to False during MSS re-entry | I14: 5 | J14: 0 | K14: 120 | L14: % | M14: 100 | O14: =CONCATENATE("IF_CommPara[",E14,"]") -> IF_CommPara[52]
A15: 11 | E15: 53 | F15: MSSNormalFallingDelay | G15: Delay time for MSS Normal Flag to fall from True to False during MSS re-entry | H15: MSS Run signal 이 참에서 거짓으로 바뀔 때 Delay time 내 다시 참으로 돌아오면 신호를 참으로 유지 | I15: 10 | J15: 0 | K15: 100 | L15: sec | M15: 10 | O15: =CONCATENATE("IF_CommPara[",E15,"]") -> IF_CommPara[53]
A16: - | E16: 54 | F16: MSSFlagReserved4 | O16: =CONCATENATE("IF_CommPara[",E16,"]") -> IF_CommPara[54]
A17: 11 | D17: Load Change Flag[0..4] (Comm[55..59]) | E17: 55 | F17: MovAvgPeriod | G17: Moving average sampling period | I17: 1 | J17: 0 | K17: 10 | L17: sec | M17: 10 | O17: =CONCATENATE("IF_CommPara[",E17,"]") -> IF_CommPara[55]
A18: 11 | E18: 56 | F18: ComparePoint | G18: Moving average compare point | I18: 1 | J18: 0 | K18: 10 | L18: sec | M18: 10 | O18: =CONCATENATE("IF_CommPara[",E18,"]") -> IF_CommPara[56]
A19: 11 | E19: 57 | F19: LoadChangeThreshold | G19: Load change detection threshold | I19: 5 | J19: 0 | K19: 1000 | L19: %/sec | M19: 10 | O19: =CONCATENATE("IF_CommPara[",E19,"]") -> IF_CommPara[57]
A20: 11 | E20: 58 | F20: LoadCangeFlagFallingDelay | G20: Load Cange Flag Falling Delay | I20: 180 | J20: 0 | K20: 3600 | L20: sec | M20: 100 | O20: =CONCATENATE("IF_CommPara[",E20,"]") -> IF_CommPara[58]
A21: - | E21: 59 | F21: LoadCangeFlagReserved4 | O21: =CONCATENATE("IF_CommPara[",E21,"]") -> IF_CommPara[59]
A22: 11 | D22: System Warmed Up Flag[0..4] (Comm[60..64]) | E22: 60 | F22: WarmUpDTemp | G22: (T/C outlet temp. - MOCS chamber inlet temp.) < HUReadyDTemp | H22: Active State 진입 기준 시스템 온도차 | I22: 50 | J22: 0 | K22: 800 | L22: degC | M22: 10 | O22: =CONCATENATE("IF_CommPara[",E22,"]") -> IF_CommPara[60]
A23: 11 | E23: 61 | F23: WarmUpITemp | G23: Mixer Inlet Temp > [HUReadyHUITemp] | H23: Active State 진입 기준 Chamber Inlet 온도 | I23: 300 | J23: 0 | K23: 800 | L23: degC | M23: 10 | O23: =CONCATENATE("IF_CommPara[",E23,"]") -> IF_CommPara[61]
A24: 11 | E24: 62 | F24: WarmUpChITemp | G24: Chamber Inlet01 Temp > [HUReadyChITemp] | H24: Active State 진입 기준 Chamber Mid 온도 | I24: 300 | J24: 0 | K24: 800 | L24: degC | M24: 10 | O24: =CONCATENATE("IF_CommPara[",E24,"]") -> IF_CommPara[62]
A25: 11 | E25: 63 | F25: WarmUpChMTemp | G25: Chamber Mid01 Temp > [HUReadyChMTemp] | H25: Active State 진입 기준 Chamber Outlet 온도 | I25: 300 | J25: 0 | K25: 800 | L25: degC | M25: 10 | O25: =CONCATENATE("IF_CommPara[",E25,"]") -> IF_CommPara[63]
A26: 11 | E26: 64 | F26: WarmUpChOTemp | G26: Chamber Outlet01 Temp > [HUReadyChOTemp] | H26: Active State 진입 기준 Mixer Inlet(Heating Unit Inlet)온도 | I26: 300 | J26: 0 | K26: 800 | L26: degC | M26: 10 | O26: =CONCATENATE("IF_CommPara[",E26,"]") -> IF_CommPara[64]
A27: - | D27: Flag Reserved[0..34] (Comm[65..99]) | E27: 65 | F27: FlagReserved15 | O27: =CONCATENATE("IF_CommPara[",E27,"]") -> IF_CommPara[65]
A28: - | E28: ... | F28: ... | O28: =CONCATENATE("IF_CommPara[",E28,"]") -> IF_CommPara[...]
A29: - | E29: 99 | F29: FlagReserved49 | O29: =CONCATENATE("IF_CommPara[",E29,"]") -> IF_CommPara[99]
A30: - | C30: Main (Comm[100..149]) | D30: Init[0..4] (Comm[100..104]) | E30: 100 | F30: InitReserved0 | I30: 0 | J30: 0 | K30: 1000 | L30: - | M30: 1 | O30: =CONCATENATE("IF_CommPara[",E30,"]") -> IF_CommPara[100]
A31: - | E31: 101 | F31: InitReserved1 | I31: 0 | J31: 0 | K31: 1000 | L31: - | M31: 1 | O31: =CONCATENATE("IF_CommPara[",E31,"]") -> IF_CommPara[101]
A32: - | E32: 102 | F32: InitReserved2 | I32: 0 | J32: 0 | K32: 1000 | L32: - | M32: 1 | O32: =CONCATENATE("IF_CommPara[",E32,"]") -> IF_CommPara[102]
A33: - | E33: 103 | F33: InitReserved3 | I33: 0 | J33: 0 | K33: 1000 | L33: - | M33: 1 | O33: =CONCATENATE("IF_CommPara[",E33,"]") -> IF_CommPara[103]
A34: - | E34: 104 | F34: InitReserved4 | I34: 0 | J34: 0 | K34: 1000 | L34: - | M34: 1 | O34: =CONCATENATE("IF_CommPara[",E34,"]") -> IF_CommPara[104]
A35: 11 | D35: Sealing[0..9] (Comm[105..114]) | E35: 105 | F35: VSSolValveOpenDP | G35: VS sol valve Open dP | H35: V&S Valve Open 하는 RTV PDT 압력 | I35: 10 | J35: 0 | K35: 100 | L35: mbar | M35: 100 | N35: 비활성화: (HeatingSystem == Burner) & (VentingSealingUnit == Not Availavle) | O35: =CONCATENATE("IF_CommPara[",E35,"]") -> IF_CommPara[105]
A36: 11 | E36: 106 | F36: VSSolValveCloseDP | G36: VS sol valve Close dP | H36: V&S Valve Close 하는 RTV PDT 압력 | I36: 20 | J36: 0 | K36: 100 | L36: mbar | M36: 100 | N36: 비활성화: (HeatingSystem == Burner) & (VentingSealingUnit == Not Availavle) | O36: =CONCATENATE("IF_CommPara[",E36,"]") -> IF_CommPara[106]
A37: 11 | E37: 107 | F37: RTVOpenDP | G37: RTV Open dP | H37: RTV Open하는 RTV PDT압력 | I37: 45 | J37: 0 | K37: 100 | L37: mbar | M37: 100 | O37: =CONCATENATE("IF_CommPara[",E37,"]") -> IF_CommPara[107]
A38: 11 | E38: 108 | F38: RTVCloseDP | G38: RTV Close dP | H38: RTV Close하는 RTV PDT압력 | I38: 30 | J38: 0 | K38: 100 | L38: mbar | M38: 100 | O38: =CONCATENATE("IF_CommPara[",E38,"]") -> IF_CommPara[108]
A39: 11 | E39: 109 | F39: SealRTVSetpoint | G39: RTV Open Target Position on Sealing State | H39: Sealing State, RTV Open dP에서 RTV 개도량 | I39: 10 | J39: 0 | K39: 100 | L39: % | M39: 100 | O39: =CONCATENATE("IF_CommPara[",E39,"]") -> IF_CommPara[109]
A40: 11 | E40: 110 | F40: VSSolValveOpenDuration | G40: VS Sol Valve Open duration on Sealing State | I40: 5 | J40: 0 | K40: 10 | L40: sec | M40: 10 | O40: =CONCATENATE("IF_CommPara[",E40,"]") -> IF_CommPara[110]
A41: 11 | E41: 111 | F41: VSSolValveCloseDuration | G41: VS Sol Valve Close duration on Sealing State | I41: 1 | J41: 0 | K41: 10 | L41: sec | M41: 10 | O41: =CONCATENATE("IF_CommPara[",E41,"]") -> IF_CommPara[111]
A42: - | E42: 112 | F42: SealingReserved7 | I42: 0 | J42: 0 | K42: 1000 | L42: - | M42: 1 | O42: =CONCATENATE("IF_CommPara[",E42,"]") -> IF_CommPara[112]
A43: - | E43: 113 | F43: SealingReserved8 | I43: 0 | J43: 0 | K43: 1000 | L43: - | M43: 1 | O43: =CONCATENATE("IF_CommPara[",E43,"]") -> IF_CommPara[113]
A44: - | E44: 114 | F44: SealingReserved9 | I44: 0 | J44: 0 | K44: 1000 | L44: - | M44: 1 | O44: =CONCATENATE("IF_CommPara[",E44,"]") -> IF_CommPara[114]
A45: 11 | D45: Engage[0..4] (Comm[115..119]) | E45: 115 | F45: EnRTVSlope | G45: Engage RTV Ramp Open Slope | H45: RTV 가 0%에서 100%로 열릴 때의 속도 | I45: 100 | J45: 0 | K45: 100 | L45: (+)%/sec | M45: 100 | O45: =CONCATENATE("IF_CommPara[",E45,"]") -> IF_CommPara[115]
A46: - | E46: 116 | F46: EngageReserved1 | I46: 0 | J46: 0 | K46: 1000 | L46: - | M46: 1 | O46: =CONCATENATE("IF_CommPara[",E46,"]") -> IF_CommPara[116]
A47: - | E47: 117 | F47: EngageReserved2 | I47: 0 | J47: 0 | K47: 1000 | L47: - | M47: 1 | O47: =CONCATENATE("IF_CommPara[",E47,"]") -> IF_CommPara[117]
A48: - | E48: 118 | F48: EngageReserved3 | I48: 0 | J48: 0 | K48: 1000 | L48: - | M48: 1 | O48: =CONCATENATE("IF_CommPara[",E48,"]") -> IF_CommPara[118]
A49: - | E49: 119 | F49: EngageReserved4 | I49: 0 | J49: 0 | K49: 1000 | L49: - | M49: 1 | O49: =CONCATENATE("IF_CommPara[",E49,"]") -> IF_CommPara[119]
A50: 11 | D50: Active[0..4] (Comm[120..124]) | E50: 120 | F50: HUTargetTemp | G50: Heating Unit Target Temperature | H50: MOCS Target Temperature | I50: 422 | J50: 0 | K50: 800 | L50: degC | M50: 10 | O50: =CONCATENATE("IF_CommPara[",E50,"]") -> IF_CommPara[120]
A51: 11 | E51: 121 | F51: HUActiveTemp | G51: Heating Unit Active Temperature | H51: FODS: FODS Ready 에서 FODS Cooling State로 전환 되는 온도 BS: BS Ready에서 BS Active State로 전환 되는 온도 | I51: 410 | J51: 0 | K51: 800 | L51: degC | M51: 10 | O51: =CONCATENATE("IF_CommPara[",E51,"]") -> IF_CommPara[121]
A52: 11 | E52: 122 | F52: HUInactiveOffsetTemp | G52: Heating Unit Inctive Temperature = HUTargetTemp + HUInctiveOffsetTemp | H52: FODS: FODS Dosing 에서 FODS Flushing State로 전환 되는 온도 BS: BS Active/Cooling에서 BS Purging State로 전환 되는 온도 | I52: 5 | J52: 0 | K52: 800 | L52: degC | M52: 10 | O52: =CONCATENATE("IF_CommPara[",E52,"]") -> IF_CommPara[122]
A53: - | E53: 123 | F53: ActiveReserved3 | I53: 0 | J53: 0 | K53: 1000 | L53: - | M53: 1 | O53: =CONCATENATE("IF_CommPara[",E53,"]") -> IF_CommPara[123]
A54: - | E54: 124 | F54: ActiveReserved4 | I54: 0 | J54: 0 | K54: 1000 | L54: - | M54: 1 | O54: =CONCATENATE("IF_CommPara[",E54,"]") -> IF_CommPara[124]
A55: 11 | D55: TMB[0..4] (Comm[125..129]) | E55: 125 | F55: TMBBypassMinDuration | G55: TMB Bypass Minimum Duration | H55: RTV 가 100%에서 0%로 닫힐 때의 속도 | I55: 600 | J55: 0 | K55: 3600 | L55: sec | M55: 10 | O55: =CONCATENATE("IF_CommPara[",E55,"]") -> IF_CommPara[125]
A56: 11 | E56: 126 | F56: TMBTimeoutThreshold | G56: TMB States Timout Threshold(MOCS Shutdown) | I56: 1200 | J56: 0 | K56: 3600 | L56: sec | M56: 10 | O56: =CONCATENATE("IF_CommPara[",E56,"]") -> IF_CommPara[126]
A57: - | E57: 127 | F57: TMBReserved2 | I57: 0 | J57: 0 | K57: 1000 | L57: - | M57: 1 | O57: =CONCATENATE("IF_CommPara[",E57,"]") -> IF_CommPara[127]
A58: - | E58: 128 | F58: TMBReserved3 | I58: 0 | J58: 0 | K58: 1000 | L58: - | M58: 1 | O58: =CONCATENATE("IF_CommPara[",E58,"]") -> IF_CommPara[128]
A59: - | E59: 129 | F59: TMBReserved4 | I59: 0 | J59: 0 | K59: 1000 | L59: - | M59: 1 | O59: =CONCATENATE("IF_CommPara[",E59,"]") -> IF_CommPara[129]
A60: 11 | D60: Disengage[0..4] (Comm[130..134]) | E60: 130 | F60: DisenRTVSlope | G60: Disengage RTV Ramp Close Slope | H60: RTV 가 100%에서 0%로 닫힐 때의 속도 | I60: 100 | J60: 0 | K60: 100 | L60: (-)%/sec | M60: 100 | O60: =CONCATENATE("IF_CommPara[",E60,"]") -> IF_CommPara[130]
A61: - | E61: 131 | F61: DisengageReserved1 | I61: 0 | J61: 0 | K61: 1000 | L61: - | M61: 1 | O61: =CONCATENATE("IF_CommPara[",E61,"]") -> IF_CommPara[131]
A62: - | E62: 132 | F62: DisengageReserved2 | I62: 0 | J62: 0 | K62: 1000 | L62: - | M62: 1 | O62: =CONCATENATE("IF_CommPara[",E62,"]") -> IF_CommPara[132]
A63: - | E63: 133 | F63: DisengageReserved3 | I63: 0 | J63: 0 | K63: 1000 | L63: - | M63: 1 | O63: =CONCATENATE("IF_CommPara[",E63,"]") -> IF_CommPara[133]
A64: - | E64: 134 | F64: DisengageReserved4 | I64: 0 | J64: 0 | K64: 1000 | L64: - | M64: 1 | O64: =CONCATENATE("IF_CommPara[",E64,"]") -> IF_CommPara[134]
A65: 11 | D65: Air venting[0..4] (Comm[135..139]) | E65: 135 | F65: VentRTVSetpoint | G65: RTV Open Target Position on Air Venting State | H65: Air Venting State 시 RTV 개도량 | I65: 10 | J65: 0 | K65: 100 | L65: % | M65: 100 | O65: =CONCATENATE("IF_CommPara[",E65,"]") -> IF_CommPara[135]
A66: 11 | E66: 136 | F66: VentDuration | G66: Venting duration | H66: Venting 명령을 수행하는 시간 | I66: 600 | J66: 0 | K66: 3600 | L66: sec | M66: 10 | N66: 10 min | O66: =CONCATENATE("IF_CommPara[",E66,"]") -> IF_CommPara[136]
A67: - | E67: 137 | F67: AirVentingReserved2 | I67: 0 | J67: 0 | K67: 1000 | L67: - | M67: 1 | O67: =CONCATENATE("IF_CommPara[",E67,"]") -> IF_CommPara[137]
A68: - | E68: 138 | F68: AirVentingReserved3 | I68: 0 | J68: 0 | K68: 1000 | L68: - | M68: 1 | O68: =CONCATENATE("IF_CommPara[",E68,"]") -> IF_CommPara[138]
A69: - | E69: 139 | F69: AirVentingReserved4 | I69: 0 | J69: 0 | K69: 1000 | L69: - | M69: 1 | O69: =CONCATENATE("IF_CommPara[",E69,"]") -> IF_CommPara[139]
A70: - | D70: MOCS shutdown[0..4] (Comm[140..144]) | E70: 140 | F70: MOCSShutdownReserved0 | I70: 0 | J70: 0 | K70: 1000 | L70: - | M70: 1 | O70: =CONCATENATE("IF_CommPara[",E70,"]") -> IF_CommPara[140]
A71: - | E71: 141 | F71: MOCSShutdownReserved1 | I71: 0 | J71: 0 | K71: 1000 | L71: - | M71: 1 | O71: =CONCATENATE("IF_CommPara[",E71,"]") -> IF_CommPara[141]
A72: - | E72: 142 | F72: MOCSShutdownReserved2 | I72: 0 | J72: 0 | K72: 1000 | L72: - | M72: 1 | O72: =CONCATENATE("IF_CommPara[",E72,"]") -> IF_CommPara[142]
A73: - | E73: 143 | F73: MOCSShutdownReserved3 | I73: 0 | J73: 0 | K73: 1000 | L73: - | M73: 1 | O73: =CONCATENATE("IF_CommPara[",E73,"]") -> IF_CommPara[143]
A74: - | E74: 144 | F74: MOCSShutdownReserved4 | I74: 0 | J74: 0 | K74: 1000 | L74: - | M74: 1 | O74: =CONCATENATE("IF_CommPara[",E74,"]") -> IF_CommPara[144]
A75: - | D75: Valve shutdown[0..4] (Comm[145..149]) | E75: 145 | F75: ValveShutdownReserved0 | I75: 0 | J75: 0 | K75: 1000 | L75: - | M75: 1 | O75: =CONCATENATE("IF_CommPara[",E75,"]") -> IF_CommPara[145]
A76: - | E76: 146 | F76: ValveShutdownReserved1 | I76: 0 | J76: 0 | K76: 1000 | L76: - | M76: 1 | O76: =CONCATENATE("IF_CommPara[",E76,"]") -> IF_CommPara[146]
A77: - | E77: 147 | F77: ValveShutdownReserved2 | I77: 0 | J77: 0 | K77: 1000 | L77: - | M77: 1 | O77: =CONCATENATE("IF_CommPara[",E77,"]") -> IF_CommPara[147]
A78: - | E78: 148 | F78: ValveShutdownReserved3 | I78: 0 | J78: 0 | K78: 1000 | L78: - | M78: 1 | O78: =CONCATENATE("IF_CommPara[",E78,"]") -> IF_CommPara[148]
A79: - | E79: 149 | F79: ValveShutdownReserved4 | I79: 0 | J79: 0 | K79: 1000 | L79: - | M79: 1 | O79: =CONCATENATE("IF_CommPara[",E79,"]") -> IF_CommPara[149]
A80: - | C80: FODS[0..29] (Comm[150..179]) | D80: FODS InitReady[0..4] (Comm[150..154]) | E80: 150 | F80: FODSInitReserved0 | O80: =CONCATENATE("IF_CommPara[",E80,"]") -> IF_CommPara[150]
A81: - | E81: 151 | F81: FODSInitReserved1 | O81: =CONCATENATE("IF_CommPara[",E81,"]") -> IF_CommPara[151]
A82: - | E82: 152 | F82: FODSInitReserved2 | O82: =CONCATENATE("IF_CommPara[",E82,"]") -> IF_CommPara[152]
A83: - | E83: 153 | F83: FODSInitReserved3 | O83: =CONCATENATE("IF_CommPara[",E83,"]") -> IF_CommPara[153]
A84: - | E84: 154 | F84: FODSInitReserved4 | O84: =CONCATENATE("IF_CommPara[",E84,"]") -> IF_CommPara[154]
A85: 12 | D85: FODS Cooling[0..4] (Comm[155..159]) | E85: 155 | F85: FOCoolDuration | G85: F.O. Dosing line Cooling Duration | H85: Cooling 수행 시간 | I85: 600 | J85: 0 | K85: 3600 | L85: sec | M85: 10 | N85: 10 min | O85: =CONCATENATE("IF_CommPara[",E85,"]") -> IF_CommPara[155]
A86: - | E86: 156 | F86: FODSCoolingReserved1 | I86: 0 | J86: 0 | K86: 1000 | L86: - | M86: 1 | O86: =CONCATENATE("IF_CommPara[",E86,"]") -> IF_CommPara[156]
A87: - | E87: 157 | F87: FODSCoolingReserved2 | I87: 0 | J87: 0 | K87: 1000 | L87: - | M87: 1 | O87: =CONCATENATE("IF_CommPara[",E87,"]") -> IF_CommPara[157]
A88: - | E88: 158 | F88: FODSCoolingReserved3 | I88: 0 | J88: 0 | K88: 1000 | L88: - | M88: 1 | O88: =CONCATENATE("IF_CommPara[",E88,"]") -> IF_CommPara[158]
A89: - | E89: 159 | F89: FODSCoolingReserved4 | I89: 0 | J89: 0 | K89: 1000 | L89: - | M89: 1 | O89: =CONCATENATE("IF_CommPara[",E89,"]") -> IF_CommPara[159]
A90: 12 | D90: FODS Dosing[0..14] (Comm[160..174]) | E90: 160 | F90: PumpChangeOverTime | G90: Pump Timer > PumpChangeOverTime | H90: 펌프 한대의 운전 시간이 PumpChangeOverTime 시간 초과하면 다른 펌프와 교대 | I90: 36000 | J90: 0 | K90: 65000 | L90: sec | M90: 1 | O90: =CONCATENATE("IF_CommPara[",E90,"]") -> IF_CommPara[160]
A91: 12 | E91: 161 | F91: SolVVDelay | G91: Dosing Sol VV Delay | H91: Dosing F.O. Valve 순서대로 동작시 대기 시간 | I91: 3 | J91: 0 | K91: 100 | L91: sec | M91: 10 | O91: =CONCATENATE("IF_CommPara[",E91,"]") -> IF_CommPara[161]
A92: 12 | E92: 162 | F92: LowRefQFOTimeout | G92: Dosing Stop when Ref F.O. Flowrate ≤ 0, for [LowRefQFOTimeout] | H92: F.O. Flowrate ≤ 0 인 상태로 LowRefQFODelay 시간을 초과하면 FODS Flushing | I92: 120 | J92: 0 | K92: 3600 | L92: sec | M92: 10 | O92: =CONCATENATE("IF_CommPara[",E92,"]") -> IF_CommPara[162]
A93: 12 | E93: 163 | F93: QFOLowLimitTimeout | G93: Dosing Stop when F.O. Flowrate Setpoint = QFOLowLimitValue for [QFOLowLimitTimeout] | H93: F.O. Flowrate Setpoint가 Low Limit에 걸린 상태로 QFOLowLimitDelay 시간을 초과하면 FODS Flushing | I93: 120 | J93: 0 | K93: 3600 | L93: sec | M93: 10 | O93: =CONCATENATE("IF_CommPara[",E93,"]") -> IF_CommPara[163]
A94: 12 | E94: 164 | F94: SFFlowrateThHigh | G94: Single Fluid Flowrate Threshold High | H94: Single Fluid System에서 F.O. 와 Air를 섞어 분사하는 것을 멈추는 기준 유량 | I94: 20 | J94: 0 | K94: 100 | L94: L/h | M94: 100 | O94: =CONCATENATE("IF_CommPara[",E94,"]") -> IF_CommPara[164]
A95: 12 | E95: 165 | F95: SFFlowrateThLow | G95: Single Fluid Flowrate Threshold Low | H95: Single Fluid System에서 F.O. 와 Air를 섞어 분사하기 시작하는 기준 유량 | I95: 10 | J95: 0 | K95: 100 | L95: L/h | M95: 100 | O95: =CONCATENATE("IF_CommPara[",E95,"]") -> IF_CommPara[165]
A96: 12 | E96: 166 | F96: QFOHighLimitGain | G96: F.O. Flowrate High Limit = Reference F.O. Flowrate * F.O. Flowrate High Limit Gain | H96: F.O Flowrate 최대 유량 계산 비율 | I96: 1.5 | J96: - | K96: - | L96: - | M96: 100 | N96: Saturator1 | O96: =CONCATENATE("IF_CommPara[",E96,"]") -> IF_CommPara[166]
A97: 12 | E97: 167 | F97: QFOHighLimitMin | G97: Minimum Value of F.O. Flowrate High Limit | H97: F.O Flowrate 최대 유량의 최소값(0이 나오지 않도록) | I97: 3 | J97: 0 | K97: 100 | L97: L/h | M97: 100 | N97: Saturator3 | O97: =CONCATENATE("IF_CommPara[",E97,"]") -> IF_CommPara[167]
A98: 12 | E98: 168 | F98: QFOLowLimitValue | G98: F.O. Flowrate Low Limit | I98: 1.5 | J98: 0 | K98: 100 | L98: L/h | M98: 100 | N98: Saturator1 | O98: =CONCATENATE("IF_CommPara[",E98,"]") -> IF_CommPara[168]
A99: 12 | E99: 169 | F99: FOCValHighLimitValue | G99: F.O. Dosing Control Valve Setposition High Limit | I99: 50 | J99: 0 | K99: 100 | L99: % | M99: 100 | N99: Saturator2 | O99: =CONCATENATE("IF_CommPara[",E99,"]") -> IF_CommPara[169]
A100: 12 | E100: 170 | F100: FOCValLowLimitValue | G100: F.O. Dosing Control Valve Setposition Low Limit | I100: 0 | J100: 0 | K100: 100 | L100: % | M100: 100 | N100: Saturator2 | O100: =CONCATENATE("IF_CommPara[",E100,"]") -> IF_CommPara[170]
...

Sheet AS_Struct
A1: Category1 | F1: Category2 | K1: Category3
A2: var | C2: typ | D2: struct | E2: val | F2: var | H2: typ | I2: struct | J2: val | K2: var | M2: typ | N2: struct | O2: val
A3: =SUBSTITUTE(LEFT(Parameters!B5,IF(IFERROR(FIND("[",Parameters!B5),100)>IFERROR(FIND("(",Parameters!B5),100),IFERROR(FIND("(",Parameters!B5),100),IFERROR(FIND("[",Parameters!B5),100))-1)," ","") -> Common | B3: {=_xlfn.UNIQUE(A3:A192)} -> Common | C3: =IF(B3="","",_xlfn.CONCAT(B3,"_typ")) -> Common_typ | D3: =IF(C3 = "","",_xlfn.CONCAT(C3," : STRUCT END_STRUCT;")) -> Common_typ : STRUCT END_STRUCT; | E3: =IF(B3="","",_xlfn.CONCAT(B3," : ",C3,";")) -> Common : Common_typ; | F3: =SUBSTITUTE(LEFT(Parameters!C5,IF(IFERROR(FIND("[",Parameters!C5),100)>IFERROR(FIND("(",Parameters!C5),100),IFERROR(FIND("(",Parameters!C5),100),IFERROR(FIND("[",Parameters!C5),100))-1)," ","") -> System | G3: {=_xlfn.UNIQUE(F3:F192)} -> System | H3: =IF(G3="","",_xlfn.CONCAT(G3,"_typ")) -> System _typ | I3: =IF(H3 = "","",_xlfn.CONCAT(H3," : STRUCT END_STRUCT;")) -> System _typ : STRUCT END_STRUCT; | J3: =IF(G3="","",_xlfn.CONCAT(G3," : ",H3,";")) -> System : System _typ; | K3: =SUBSTITUTE(LEFT(Parameters!D5,IF(IFERROR(FIND("[",Parameters!D5),100)>IFERROR(FIND("(",Parameters!D5),100),IFERROR(FIND("(",Parameters!D5),100),IFERROR(FIND("[",Parameters!D5),100))-1)," ","") -> SystemType | L3: {=_xlfn.UNIQUE(K3:K192)} -> SystemType | M3: =IF(L3="","",_xlfn.CONCAT(L3,"_typ")) -> SystemType_typ | N3: =IF(M3 = "","",_xlfn.CONCAT(M3," : STRUCT END_STRUCT;")) -> SystemType_typ : STRUCT END_STRUCT; | O3: =IF(L3="","",_xlfn.CONCAT(L3," : ",M3,";")) -> SystemType : SystemType_typ; | P3: =K3 -> SystemType | Q3: =Parameters!E5 -> 0 | R3: =Parameters!F5 -> MOCSType | S3: =IF(R3 = "","",_xlfn.CONCAT(R3," : REAL;")) -> MOCSType : REAL; | U3: SystemReserved4 | V3: =IF(U3 = "","",_xlfn.CONCAT(U3," : REAL;")) -> SystemReserved4 : REAL;
A4: =SUBSTITUTE(LEFT(Parameters!B6,IF(IFERROR(FIND("[",Parameters!B6),100)>IFERROR(FIND("(",Parameters!B6),100),IFERROR(FIND("(",Parameters!B6),100),IFERROR(FIND("[",Parameters!B6),100))-1)," ","") | C4: =IF(B4="","",_xlfn.CONCAT(B4,"_typ")) | D4: =IF(C4 = "","",_xlfn.CONCAT(C4," : STRUCT END_STRUCT;")) | E4: =IF(B4="","",_xlfn.CONCAT(B4," : ",C4,";")) | F4: =SUBSTITUTE(LEFT(Parameters!C6,IF(IFERROR(FIND("[",Parameters!C6),100)>IFERROR(FIND("(",Parameters!C6),100),IFERROR(FIND("(",Parameters!C6),100),IFERROR(FIND("[",Parameters!C6),100))-1)," ","") | H4: =IF(G4="","",_xlfn.CONCAT(G4,"_typ")) | I4: =IF(H4 = "","",_xlfn.CONCAT(H4," : STRUCT END_STRUCT;")) | J4: =IF(G4="","",_xlfn.CONCAT(G4," : ",H4,";")) | K4: =SUBSTITUTE(LEFT(Parameters!D6,IF(IFERROR(FIND("[",Parameters!D6),100)>IFERROR(FIND("(",Parameters!D6),100),IFERROR(FIND("(",Parameters!D6),100),IFERROR(FIND("[",Parameters!D6),100))-1)," ","") | M4: =IF(L4="","",_xlfn.CONCAT(L4,"_typ")) | N4: =IF(M4 = "","",_xlfn.CONCAT(M4," : STRUCT END_STRUCT;")) | O4: =IF(L4="","",_xlfn.CONCAT(L4," : ",M4,";")) | P4: =K4 | Q4: =Parameters!E6 -> 1 | R4: =Parameters!F6 -> NumofGE | S4: =IF(R4 = "","",_xlfn.CONCAT(R4," : REAL;")) -> NumofGE : REAL; | U4: SystemReserved5 | V4: =IF(U4 = "","",_xlfn.CONCAT(U4," : REAL;")) -> SystemReserved5 : REAL;
A5: =SUBSTITUTE(LEFT(Parameters!B7,IF(IFERROR(FIND("[",Parameters!B7),100)>IFERROR(FIND("(",Parameters!B7),100),IFERROR(FIND("(",Parameters!B7),100),IFERROR(FIND("[",Parameters!B7),100))-1)," ","") | B5: Indiv | C5: =IF(B5="","",_xlfn.CONCAT(B5,"_typ")) -> Indiv_typ | D5: =IF(C5 = "","",_xlfn.CONCAT(C5," : STRUCT END_STRUCT;")) -> Indiv_typ : STRUCT END_STRUCT; | E5: =IF(B5="","",_xlfn.CONCAT(B5," : ",C5,";")) -> Indiv : Indiv_typ; | F5: =SUBSTITUTE(LEFT(Parameters!C7,IF(IFERROR(FIND("[",Parameters!C7),100)>IFERROR(FIND("(",Parameters!C7),100),IFERROR(FIND("(",Parameters!C7),100),IFERROR(FIND("[",Parameters!C7),100))-1)," ","") | G5: StateFlag | H5: =IF(G5="","",_xlfn.CONCAT(G5,"_typ")) -> StateFlag _typ | I5: =IF(H5 = "","",_xlfn.CONCAT(H5," : STRUCT END_STRUCT;")) -> StateFlag _typ : STRUCT END_STRUCT; | J5: =IF(G5="","",_xlfn.CONCAT(G5," : ",H5,";")) -> StateFlag : StateFlag _typ; | K5: =SUBSTITUTE(LEFT(Parameters!D7,IF(IFERROR(FIND("[",Parameters!D7),100)>IFERROR(FIND("(",Parameters!D7),100),IFERROR(FIND("(",Parameters!D7),100),IFERROR(FIND("[",Parameters!D7),100))-1)," ","") | L5: SystemReserved | M5: =IF(L5="","",_xlfn.CONCAT(L5,"_typ")) -> SystemReserved_typ | N5: =IF(M5 = "","",_xlfn.CONCAT(M5," : STRUCT END_STRUCT;")) -> SystemReserved_typ : STRUCT END_STRUCT; | O5: =IF(L5="","",_xlfn.CONCAT(L5," : ",M5,";")) -> SystemReserved : SystemReserved_typ; | P5: =K5 | Q5: =Parameters!E7 -> 2 | R5: =Parameters!F7 -> HeatingSystem | S5: =IF(R5 = "","",_xlfn.CONCAT(R5," : REAL;")) -> HeatingSystem : REAL; | U5: SystemReserved6 | V5: =IF(U5 = "","",_xlfn.CONCAT(U5," : REAL;")) -> SystemReserved6 : REAL;
A6: =SUBSTITUTE(LEFT(Parameters!B8,IF(IFERROR(FIND("[",Parameters!B8),100)>IFERROR(FIND("(",Parameters!B8),100),IFERROR(FIND("(",Parameters!B8),100),IFERROR(FIND("[",Parameters!B8),100))-1)," ","") | C6: =IF(B6="","",_xlfn.CONCAT(B6,"_typ")) | D6: =IF(C6 = "","",_xlfn.CONCAT(C6," : STRUCT END_STRUCT;")) | E6: =IF(B6="","",_xlfn.CONCAT(B6," : ",C6,";")) | F6: =SUBSTITUTE(LEFT(Parameters!C8,IF(IFERROR(FIND("[",Parameters!C8),100)>IFERROR(FIND("(",Parameters!C8),100),IFERROR(FIND("(",Parameters!C8),100),IFERROR(FIND("[",Parameters!C8),100))-1)," ","") | G6: Main | H6: =IF(G6="","",_xlfn.CONCAT(G6,"_typ")) -> Main _typ | I6: =IF(H6 = "","",_xlfn.CONCAT(H6," : STRUCT END_STRUCT;")) -> Main _typ : STRUCT END_STRUCT; | J6: =IF(G6="","",_xlfn.CONCAT(G6," : ",H6,";")) -> Main : Main _typ; | K6: =SUBSTITUTE(LEFT(Parameters!D8,IF(IFERROR(FIND("[",Parameters!D8),100)>IFERROR(FIND("(",Parameters!D8),100),IFERROR(FIND("(",Parameters!D8),100),IFERROR(FIND("[",Parameters!D8),100))-1)," ","") | L6: MSSNormalFlag | M6: =IF(L6="","",_xlfn.CONCAT(L6,"_typ")) -> MSSNormalFlag_typ | N6: =IF(M6 = "","",_xlfn.CONCAT(M6," : STRUCT END_STRUCT;")) -> MSSNormalFlag_typ : STRUCT END_STRUCT; | O6: =IF(L6="","",_xlfn.CONCAT(L6," : ",M6,";")) -> MSSNormalFlag : MSSNormalFlag_typ; | P6: =K6 | Q6: =Parameters!E8 -> 3 | R6: =Parameters!F8 -> FOSuppUnit | S6: =IF(R6 = "","",_xlfn.CONCAT(R6," : REAL;")) -> FOSuppUnit : REAL; | U6: SystemReserved7 | V6: =IF(U6 = "","",_xlfn.CONCAT(U6," : REAL;")) -> SystemReserved7 : REAL;
A7: =SUBSTITUTE(LEFT(Parameters!B9,IF(IFERROR(FIND("[",Parameters!B9),100)>IFERROR(FIND("(",Parameters!B9),100),IFERROR(FIND("(",Parameters!B9),100),IFERROR(FIND("[",Parameters!B9),100))-1)," ","") | C7: =IF(B7="","",_xlfn.CONCAT(B7,"_typ")) | D7: =IF(C7 = "","",_xlfn.CONCAT(C7," : STRUCT END_STRUCT;")) | E7: =IF(B7="","",_xlfn.CONCAT(B7," : ",C7,";")) | F7: =SUBSTITUTE(LEFT(Parameters!C9,IF(IFERROR(FIND("[",Parameters!C9),100)>IFERROR(FIND("(",Parameters!C9),100),IFERROR(FIND("(",Parameters!C9),100),IFERROR(FIND("[",Parameters!C9),100))-1)," ","") | G7: FODS | H7: =IF(G7="","",_xlfn.CONCAT(G7,"_typ")) -> FODS_typ | I7: =IF(H7 = "","",_xlfn.CONCAT(H7," : STRUCT END_STRUCT;")) -> FODS_typ : STRUCT END_STRUCT; | J7: =IF(G7="","",_xlfn.CONCAT(G7," : ",H7,";")) -> FODS : FODS_typ; | K7: =SUBSTITUTE(LEFT(Parameters!D9,IF(IFERROR(FIND("[",Parameters!D9),100)>IFERROR(FIND("(",Parameters!D9),100),IFERROR(FIND("(",Parameters!D9),100),IFERROR(FIND("[",Parameters!D9),100))-1)," ","") -> SystemReserved | L7: LoadChangeFlag | M7: =IF(L7="","",_xlfn.CONCAT(L7,"_typ")) -> LoadChangeFlag_typ | N7: =IF(M7 = "","",_xlfn.CONCAT(M7," : STRUCT END_STRUCT;")) -> LoadChangeFlag_typ : STRUCT END_STRUCT; | O7: =IF(L7="","",_xlfn.CONCAT(L7," : ",M7,";")) -> LoadChangeFlag : LoadChangeFlag_typ; | P7: =K7 -> SystemReserved | Q7: =Parameters!E9 -> 4 | R7: =Parameters!F9 -> SystemReserved4 | S7: =IF(R7 = "","",_xlfn.CONCAT(R7," : REAL;")) -> SystemReserved4 : REAL; | U7: SystemReserved8 | V7: =IF(U7 = "","",_xlfn.CONCAT(U7," : REAL;")) -> SystemReserved8 : REAL;
A8: =SUBSTITUTE(LEFT(Parameters!B10,IF(IFERROR(FIND("[",Parameters!B10),100)>IFERROR(FIND("(",Parameters!B10),100),IFERROR(FIND("(",Parameters!B10),100),IFERROR(FIND("[",Parameters!B10),100))-1)," ","") | C8: =IF(B8="","",_xlfn.CONCAT(B8,"_typ")) | D8: =IF(C8 = "","",_xlfn.CONCAT(C8," : STRUCT END_STRUCT;")) | E8: =IF(B8="","",_xlfn.CONCAT(B8," : ",C8,";")) | F8: =SUBSTITUTE(LEFT(Parameters!C10,IF(IFERROR(FIND("[",Parameters!C10),100)>IFERROR(FIND("(",Parameters!C10),100),IFERROR(FIND("(",Parameters!C10),100),IFERROR(FIND("[",Parameters!C10),100))-1)," ","") | G8: CommonReservedCat2 | H8: =IF(G8="","",_xlfn.CONCAT(G8,"_typ")) -> CommonReservedCat2_typ | I8: =IF(H8 = "","",_xlfn.CONCAT(H8," : STRUCT END_STRUCT;")) -> CommonReservedCat2_typ : STRUCT END_STRUCT; | J8: =IF(G8="","",_xlfn.CONCAT(G8," : ",H8,";")) -> CommonReservedCat2 : CommonReservedCat2_typ; | K8: =SUBSTITUTE(LEFT(Parameters!D10,IF(IFERROR(FIND("[",Parameters!D10),100)>IFERROR(FIND("(",Parameters!D10),100),IFERROR(FIND("(",Parameters!D10),100),IFERROR(FIND("[",Parameters!D10),100))-1)," ","") | L8: SystemWarmedUpFlag | M8: =IF(L8="","",_xlfn.CONCAT(L8,"_typ")) -> SystemWarmedUpFlag_typ | N8: =IF(M8 = "","",_xlfn.CONCAT(M8," : STRUCT END_STRUCT;")) -> SystemWarmedUpFlag_typ : STRUCT END_STRUCT; | O8: =IF(L8="","",_xlfn.CONCAT(L8," : ",M8,";")) -> SystemWarmedUpFlag : SystemWarmedUpFlag_typ; | P8: =K8 | Q8: =Parameters!E10 -> ... | R8: =Parameters!F10 -> ... | S8: =IF(R8 = "","",_xlfn.CONCAT(R8," : REAL;")) -> ... : REAL; | U8: SystemReserved9 | V8: =IF(U8 = "","",_xlfn.CONCAT(U8," : REAL;")) -> SystemReserved9 : REAL;
A9: =SUBSTITUTE(LEFT(Parameters!B11,IF(IFERROR(FIND("[",Parameters!B11),100)>IFERROR(FIND("(",Parameters!B11),100),IFERROR(FIND("(",Parameters!B11),100),IFERROR(FIND("[",Parameters!B11),100))-1)," ","") | C9: =IF(B9="","",_xlfn.CONCAT(B9,"_typ")) | D9: =IF(C9 = "","",_xlfn.CONCAT(C9," : STRUCT END_STRUCT;")) | E9: =IF(B9="","",_xlfn.CONCAT(B9," : ",C9,";")) | F9: =SUBSTITUTE(LEFT(Parameters!C11,IF(IFERROR(FIND("[",Parameters!C11),100)>IFERROR(FIND("(",Parameters!C11),100),IFERROR(FIND("(",Parameters!C11),100),IFERROR(FIND("[",Parameters!C11),100))-1)," ","") | G9: FODSFeedforward | H9: =IF(G9="","",_xlfn.CONCAT(G9,"_typ")) -> FODSFeedforward_typ | I9: =IF(H9 = "","",_xlfn.CONCAT(H9," : STRUCT END_STRUCT;")) -> FODSFeedforward_typ : STRUCT END_STRUCT; | J9: =IF(G9="","",_xlfn.CONCAT(G9," : ",H9,";")) -> FODSFeedforward : FODSFeedforward_typ; | K9: =SUBSTITUTE(LEFT(Parameters!D11,IF(IFERROR(FIND("[",Parameters!D11),100)>IFERROR(FIND("(",Parameters!D11),100),IFERROR(FIND("(",Parameters!D11),100),IFERROR(FIND("[",Parameters!D11),100))-1)," ","") | L9: FlagReserved | M9: =IF(L9="","",_xlfn.CONCAT(L9,"_typ")) -> FlagReserved_typ | N9: =IF(M9 = "","",_xlfn.CONCAT(M9," : STRUCT END_STRUCT;")) -> FlagReserved_typ : STRUCT END_STRUCT; | O9: =IF(L9="","",_xlfn.CONCAT(L9," : ",M9,";")) -> FlagReserved : FlagReserved_typ; | P9: =K9 | Q9: =Parameters!E11 -> 49 | R9: =Parameters!F11 -> SystemReserved49 | S9: =IF(R9 = "","",_xlfn.CONCAT(R9," : REAL;")) -> SystemReserved49 : REAL; | U9: SystemReserved10 | V9: =IF(U9 = "","",_xlfn.CONCAT(U9," : REAL;")) -> SystemReserved10 : REAL;
A10: =SUBSTITUTE(LEFT(Parameters!B12,IF(IFERROR(FIND("[",Parameters!B12),100)>IFERROR(FIND("(",Parameters!B12),100),IFERROR(FIND("(",Parameters!B12),100),IFERROR(FIND("[",Parameters!B12),100))-1)," ","") | C10: =IF(B10="","",_xlfn.CONCAT(B10,"_typ")) | D10: =IF(C10 = "","",_xlfn.CONCAT(C10," : STRUCT END_STRUCT;")) | E10: =IF(B10="","",_xlfn.CONCAT(B10," : ",C10,";")) | F10: =SUBSTITUTE(LEFT(Parameters!C12,IF(IFERROR(FIND("[",Parameters!C12),100)>IFERROR(FIND("(",Parameters!C12),100),IFERROR(FIND("(",Parameters!C12),100),IFERROR(FIND("[",Parameters!C12),100))-1)," ","") -> StateFlag | G10: FODSFeedback | H10: =IF(G10="","",_xlfn.CONCAT(G10,"_typ")) -> FODSFeedback_typ | I10: =IF(H10 = "","",_xlfn.CONCAT(H10," : STRUCT END_STRUCT;")) -> FODSFeedback_typ : STRUCT END_STRUCT; | J10: =IF(G10="","",_xlfn.CONCAT(G10," : ",H10,";")) -> FODSFeedback : FODSFeedback_typ; | K10: =SUBSTITUTE(LEFT(Parameters!D12,IF(IFERROR(FIND("[",Parameters!D12),100)>IFERROR(FIND("(",Parameters!D12),100),IFERROR(FIND("(",Parameters!D12),100),IFERROR(FIND("[",Parameters!D12),100))-1)," ","") -> MSSNormalFlag | L10: Init | M10: =IF(L10="","",_xlfn.CONCAT(L10,"_typ")) -> Init_typ | N10: =IF(M10 = "","",_xlfn.CONCAT(M10," : STRUCT END_STRUCT;")) -> Init_typ : STRUCT END_STRUCT; | O10: =IF(L10="","",_xlfn.CONCAT(L10," : ",M10,";")) -> Init : Init_typ; | P10: =K10 -> MSSNormalFlag | Q10: =Parameters!E12 -> 50 | R10: =Parameters!F12 -> MOCSMinEngineLoad | S10: =IF(R10 = "","",_xlfn.CONCAT(R10," : REAL;")) -> MOCSMinEngineLoad : REAL; | U10: SystemReserved11 | V10: =IF(U10 = "","",_xlfn.CONCAT(U10," : REAL;")) -> SystemReserved11 : REAL;
A11: =SUBSTITUTE(LEFT(Parameters!B13,IF(IFERROR(FIND("[",Parameters!B13),100)>IFERROR(FIND("(",Parameters!B13),100),IFERROR(FIND("(",Parameters!B13),100),IFERROR(FIND("[",Parameters!B13),100))-1)," ","") | C11: =IF(B11="","",_xlfn.CONCAT(B11,"_typ")) | D11: =IF(C11 = "","",_xlfn.CONCAT(C11," : STRUCT END_STRUCT;")) | E11: =IF(B11="","",_xlfn.CONCAT(B11," : ",C11,";")) | F11: =SUBSTITUTE(LEFT(Parameters!C13,IF(IFERROR(FIND("[",Parameters!C13),100)>IFERROR(FIND("(",Parameters!C13),100),IFERROR(FIND("(",Parameters!C13),100),IFERROR(FIND("[",Parameters!C13),100))-1)," ","") | G11: IndivReservedCat2 | H11: =IF(G11="","",_xlfn.CONCAT(G11,"_typ")) -> IndivReservedCat2 _typ | I11: =IF(H11 = "","",_xlfn.CONCAT(H11," : STRUCT END_STRUCT;")) -> IndivReservedCat2 _typ : STRUCT END_STRUCT; | J11: =IF(G11="","",_xlfn.CONCAT(G11," : ",H11,";")) -> IndivReservedCat2 : IndivReservedCat2 _typ; | K11: =SUBSTITUTE(LEFT(Parameters!D13,IF(IFERROR(FIND("[",Parameters!D13),100)>IFERROR(FIND("(",Parameters!D13),100),IFERROR(FIND("(",Parameters!D13),100),IFERROR(FIND("[",Parameters!D13),100))-1)," ","") | L11: Sealing | M11: =IF(L11="","",_xlfn.CONCAT(L11,"_typ")) -> Sealing_typ | N11: =IF(M11 = "","",_xlfn.CONCAT(M11," : STRUCT END_STRUCT;")) -> Sealing_typ : STRUCT END_STRUCT; | O11: =IF(L11="","",_xlfn.CONCAT(L11," : ",M11,";")) -> Sealing : Sealing_typ; | P11: =K11 | Q11: =Parameters!E13 -> 51 | R11: =Parameters!F13 -> MOCSReadyEngineLoad | S11: =IF(R11 = "","",_xlfn.CONCAT(R11," : REAL;")) -> MOCSReadyEngineLoad : REAL; | U11: SystemReserved12 | V11: =IF(U11 = "","",_xlfn.CONCAT(U11," : REAL;")) -> SystemReserved12 : REAL;
A12: =SUBSTITUTE(LEFT(Parameters!B14,IF(IFERROR(FIND("[",Parameters!B14),100)>IFERROR(FIND("(",Parameters!B14),100),IFERROR(FIND("(",Parameters!B14),100),IFERROR(FIND("[",Parameters!B14),100))-1)," ","") | C12: =IF(B12="","",_xlfn.CONCAT(B12,"_typ")) | D12: =IF(C12 = "","",_xlfn.CONCAT(C12," : STRUCT END_STRUCT;")) | E12: =IF(B12="","",_xlfn.CONCAT(B12," : ",C12,";")) | F12: =SUBSTITUTE(LEFT(Parameters!C14,IF(IFERROR(FIND("[",Parameters!C14),100)>IFERROR(FIND("(",Parameters!C14),100),IFERROR(FIND("(",Parameters!C14),100),IFERROR(FIND("[",Parameters!C14),100))-1)," ","") | H12: =IF(G12="","",_xlfn.CONCAT(G12,"_typ")) | I12: =IF(H12 = "","",_xlfn.CONCAT(H12," : STRUCT END_STRUCT;")) | J12: =IF(G12="","",_xlfn.CONCAT(G12," : ",H12,";")) | K12: =SUBSTITUTE(LEFT(Parameters!D14,IF(IFERROR(FIND("[",Parameters!D14),100)>IFERROR(FIND("(",Parameters!D14),100),IFERROR(FIND("(",Parameters!D14),100),IFERROR(FIND("[",Parameters!D14),100))-1)," ","") | L12: Engage | M12: =IF(L12="","",_xlfn.CONCAT(L12,"_typ")) -> Engage_typ | N12: =IF(M12 = "","",_xlfn.CONCAT(M12," : STRUCT END_STRUCT;")) -> Engage_typ : STRUCT END_STRUCT; | O12: =IF(L12="","",_xlfn.CONCAT(L12," : ",M12,";")) -> Engage : Engage_typ; | P12: =K12 | Q12: =Parameters!E14 -> 52 | R12: =Parameters!F14 -> MSSNormalFallingHysteresis | S12: =IF(R12 = "","",_xlfn.CONCAT(R12," : REAL;")) -> MSSNormalFallingHysteresis : REAL; | U12: SystemReserved13 | V12: =IF(U12 = "","",_xlfn.CONCAT(U12," : REAL;")) -> SystemReserved13 : REAL;
A13: =SUBSTITUTE(LEFT(Parameters!B15,IF(IFERROR(FIND("[",Parameters!B15),100)>IFERROR(FIND("(",Parameters!B15),100),IFERROR(FIND("(",Parameters!B15),100),IFERROR(FIND("[",Parameters!B15),100))-1)," ","") | C13: =IF(B13="","",_xlfn.CONCAT(B13,"_typ")) | D13: =IF(C13 = "","",_xlfn.CONCAT(C13," : STRUCT END_STRUCT;")) | E13: =IF(B13="","",_xlfn.CONCAT(B13," : ",C13,";")) | F13: =SUBSTITUTE(LEFT(Parameters!C15,IF(IFERROR(FIND("[",Parameters!C15),100)>IFERROR(FIND("(",Parameters!C15),100),IFERROR(FIND("(",Parameters!C15),100),IFERROR(FIND("[",Parameters!C15),100))-1)," ","") | H13: =IF(G13="","",_xlfn.CONCAT(G13,"_typ")) | I13: =IF(H13 = "","",_xlfn.CONCAT(H13," : STRUCT END_STRUCT;")) | J13: =IF(G13="","",_xlfn.CONCAT(G13," : ",H13,";")) | K13: =SUBSTITUTE(LEFT(Parameters!D15,IF(IFERROR(FIND("[",Parameters!D15),100)>IFERROR(FIND("(",Parameters!D15),100),IFERROR(FIND("(",Parameters!D15),100),IFERROR(FIND("[",Parameters!D15),100))-1)," ","") | L13: Active | M13: =IF(L13="","",_xlfn.CONCAT(L13,"_typ")) -> Active_typ | N13: =IF(M13 = "","",_xlfn.CONCAT(M13," : STRUCT END_STRUCT;")) -> Active_typ : STRUCT END_STRUCT; | O13: =IF(L13="","",_xlfn.CONCAT(L13," : ",M13,";")) -> Active : Active_typ; | P13: =K13 | Q13: =Parameters!E15 -> 53 | R13: =Parameters!F15 -> MSSNormalFallingDelay | S13: =IF(R13 = "","",_xlfn.CONCAT(R13," : REAL;")) -> MSSNormalFallingDelay : REAL; | U13: SystemReserved14 | V13: =IF(U13 = "","",_xlfn.CONCAT(U13," : REAL;")) -> SystemReserved14 : REAL;
A14: =SUBSTITUTE(LEFT(Parameters!B16,IF(IFERROR(FIND("[",Parameters!B16),100)>IFERROR(FIND("(",Parameters!B16),100),IFERROR(FIND("(",Parameters!B16),100),IFERROR(FIND("[",Parameters!B16),100))-1)," ","") | C14: =IF(B14="","",_xlfn.CONCAT(B14,"_typ")) | D14: =IF(C14 = "","",_xlfn.CONCAT(C14," : STRUCT END_STRUCT;")) | E14: =IF(B14="","",_xlfn.CONCAT(B14," : ",C14,";")) | F14: =SUBSTITUTE(LEFT(Parameters!C16,IF(IFERROR(FIND("[",Parameters!C16),100)>IFERROR(FIND("(",Parameters!C16),100),IFERROR(FIND("(",Parameters!C16),100),IFERROR(FIND("[",Parameters!C16),100))-1)," ","") | H14: =IF(G14="","",_xlfn.CONCAT(G14,"_typ")) | I14: =IF(H14 = "","",_xlfn.CONCAT(H14," : STRUCT END_STRUCT;")) | J14: =IF(G14="","",_xlfn.CONCAT(G14," : ",H14,";")) | K14: =SUBSTITUTE(LEFT(Parameters!D16,IF(IFERROR(FIND("[",Parameters!D16),100)>IFERROR(FIND("(",Parameters!D16),100),IFERROR(FIND("(",Parameters!D16),100),IFERROR(FIND("[",Parameters!D16),100))-1)," ","") | L14: TMB | M14: =IF(L14="","",_xlfn.CONCAT(L14,"_typ")) -> TMB_typ | N14: =IF(M14 = "","",_xlfn.CONCAT(M14," : STRUCT END_STRUCT;")) -> TMB_typ : STRUCT END_STRUCT; | O14: =IF(L14="","",_xlfn.CONCAT(L14," : ",M14,";")) -> TMB : TMB_typ; | P14: =K14 | Q14: =Parameters!E16 -> 54 | R14: =Parameters!F16 -> MSSFlagReserved4 | S14: =IF(R14 = "","",_xlfn.CONCAT(R14," : REAL;")) -> MSSFlagReserved4 : REAL; | U14: SystemReserved15 | V14: =IF(U14 = "","",_xlfn.CONCAT(U14," : REAL;")) -> SystemReserved15 : REAL;
A15: =SUBSTITUTE(LEFT(Parameters!B17,IF(IFERROR(FIND("[",Parameters!B17),100)>IFERROR(FIND("(",Parameters!B17),100),IFERROR(FIND("(",Parameters!B17),100),IFERROR(FIND("[",Parameters!B17),100))-1)," ","") | C15: =IF(B15="","",_xlfn.CONCAT(B15,"_typ")) | D15: =IF(C15 = "","",_xlfn.CONCAT(C15," : STRUCT END_STRUCT;")) | E15: =IF(B15="","",_xlfn.CONCAT(B15," : ",C15,";")) | F15: =SUBSTITUTE(LEFT(Parameters!C17,IF(IFERROR(FIND("[",Parameters!C17),100)>IFERROR(FIND("(",Parameters!C17),100),IFERROR(FIND("(",Parameters!C17),100),IFERROR(FIND("[",Parameters!C17),100))-1)," ","") | H15: =IF(G15="","",_xlfn.CONCAT(G15,"_typ")) | I15: =IF(H15 = "","",_xlfn.CONCAT(H15," : STRUCT END_STRUCT;")) | J15: =IF(G15="","",_xlfn.CONCAT(G15," : ",H15,";")) | K15: =SUBSTITUTE(LEFT(Parameters!D17,IF(IFERROR(FIND("[",Parameters!D17),100)>IFERROR(FIND("(",Parameters!D17),100),IFERROR(FIND("(",Parameters!D17),100),IFERROR(FIND("[",Parameters!D17),100))-1)," ","") -> LoadChangeFlag | L15: Disengage | M15: =IF(L15="","",_xlfn.CONCAT(L15,"_typ")) -> Disengage_typ | N15: =IF(M15 = "","",_xlfn.CONCAT(M15," : STRUCT END_STRUCT;")) -> Disengage_typ : STRUCT END_STRUCT; | O15: =IF(L15="","",_xlfn.CONCAT(L15," : ",M15,";")) -> Disengage : Disengage_typ; | P15: =K15 -> LoadChangeFlag | Q15: =Parameters!E17 -> 55 | R15: =Parameters!F17 -> MovAvgPeriod | S15: =IF(R15 = "","",_xlfn.CONCAT(R15," : REAL;")) -> MovAvgPeriod : REAL; | U15: SystemReserved16 | V15: =IF(U15 = "","",_xlfn.CONCAT(U15," : REAL;")) -> SystemReserved16 : REAL;
A16: =SUBSTITUTE(LEFT(Parameters!B18,IF(IFERROR(FIND("[",Parameters!B18),100)>IFERROR(FIND("(",Parameters!B18),100),IFERROR(FIND("(",Parameters!B18),100),IFERROR(FIND("[",Parameters!B18),100))-1)," ","") | C16: =IF(B16="","",_xlfn.CONCAT(B16,"_typ")) | D16: =IF(C16 = "","",_xlfn.CONCAT(C16," : STRUCT END_STRUCT;")) | E16: =IF(B16="","",_xlfn.CONCAT(B16," : ",C16,";")) | F16: =SUBSTITUTE(LEFT(Parameters!C18,IF(IFERROR(FIND("[",Parameters!C18),100)>IFERROR(FIND("(",Parameters!C18),100),IFERROR(FIND("(",Parameters!C18),100),IFERROR(FIND("[",Parameters!C18),100))-1)," ","") | H16: =IF(G16="","",_xlfn.CONCAT(G16,"_typ")) | I16: =IF(H16 = "","",_xlfn.CONCAT(H16," : STRUCT END_STRUCT;")) | J16: =IF(G16="","",_xlfn.CONCAT(G16," : ",H16,";")) | K16: =SUBSTITUTE(LEFT(Parameters!D18,IF(IFERROR(FIND("[",Parameters!D18),100)>IFERROR(FIND("(",Parameters!D18),100),IFERROR(FIND("(",Parameters!D18),100),IFERROR(FIND("[",Parameters!D18),100))-1)," ","") | L16: Airventing | M16: =IF(L16="","",_xlfn.CONCAT(L16,"_typ")) -> Airventing_typ | N16: =IF(M16 = "","",_xlfn.CONCAT(M16," : STRUCT END_STRUCT;")) -> Airventing_typ : STRUCT END_STRUCT; | O16: =IF(L16="","",_xlfn.CONCAT(L16," : ",M16,";")) -> Airventing : Airventing_typ; | P16: =K16 | Q16: =Parameters!E18 -> 56 | R16: =Parameters!F18 -> ComparePoint | S16: =IF(R16 = "","",_xlfn.CONCAT(R16," : REAL;")) -> ComparePoint : REAL; | U16: SystemReserved17 | V16: =IF(U16 = "","",_xlfn.CONCAT(U16," : REAL;")) -> SystemReserved17 : REAL;
A17: =SUBSTITUTE(LEFT(Parameters!B19,IF(IFERROR(FIND("[",Parameters!B19),100)>IFERROR(FIND("(",Parameters!B19),100),IFERROR(FIND("(",Parameters!B19),100),IFERROR(FIND("[",Parameters!B19),100))-1)," ","") | C17: =IF(B17="","",_xlfn.CONCAT(B17,"_typ")) | D17: =IF(C17 = "","",_xlfn.CONCAT(C17," : STRUCT END_STRUCT;")) | E17: =IF(B17="","",_xlfn.CONCAT(B17," : ",C17,";")) | F17: =SUBSTITUTE(LEFT(Parameters!C19,IF(IFERROR(FIND("[",Parameters!C19),100)>IFERROR(FIND("(",Parameters!C19),100),IFERROR(FIND("(",Parameters!C19),100),IFERROR(FIND("[",Parameters!C19),100))-1)," ","") | H17: =IF(G17="","",_xlfn.CONCAT(G17,"_typ")) | I17: =IF(H17 = "","",_xlfn.CONCAT(H17," : STRUCT END_STRUCT;")) | J17: =IF(G17="","",_xlfn.CONCAT(G17," : ",H17,";")) | K17: =SUBSTITUTE(LEFT(Parameters!D19,IF(IFERROR(FIND("[",Parameters!D19),100)>IFERROR(FIND("(",Parameters!D19),100),IFERROR(FIND("(",Parameters!D19),100),IFERROR(FIND("[",Parameters!D19),100))-1)," ","") | L17: MOCSshutdown | M17: =IF(L17="","",_xlfn.CONCAT(L17,"_typ")) -> MOCSshutdown_typ | N17: =IF(M17 = "","",_xlfn.CONCAT(M17," : STRUCT END_STRUCT;")) -> MOCSshutdown_typ : STRUCT END_STRUCT; | O17: =IF(L17="","",_xlfn.CONCAT(L17," : ",M17,";")) -> MOCSshutdown : MOCSshutdown_typ; | P17: =K17 | Q17: =Parameters!E19 -> 57 | R17: =Parameters!F19 -> LoadChangeThreshold | S17: =IF(R17 = "","",_xlfn.CONCAT(R17," : REAL;")) -> LoadChangeThreshold : REAL; | U17: SystemReserved18 | V17: =IF(U17 = "","",_xlfn.CONCAT(U17," : REAL;")) -> SystemReserved18 : REAL;
A18: =SUBSTITUTE(LEFT(Parameters!B20,IF(IFERROR(FIND("[",Parameters!B20),100)>IFERROR(FIND("(",Parameters!B20),100),IFERROR(FIND("(",Parameters!B20),100),IFERROR(FIND("[",Parameters!B20),100))-1)," ","") | C18: =IF(B18="","",_xlfn.CONCAT(B18,"_typ")) | D18: =IF(C18 = "","",_xlfn.CONCAT(C18," : STRUCT END_STRUCT;")) | E18: =IF(B18="","",_xlfn.CONCAT(B18," : ",C18,";")) | F18: =SUBSTITUTE(LEFT(Parameters!C20,IF(IFERROR(FIND("[",Parameters!C20),100)>IFERROR(FIND("(",Parameters!C20),100),IFERROR(FIND("(",Parameters!C20),100),IFERROR(FIND("[",Parameters!C20),100))-1)," ","") | H18: =IF(G18="","",_xlfn.CONCAT(G18,"_typ")) | I18: =IF(H18 = "","",_xlfn.CONCAT(H18," : STRUCT END_STRUCT;")) | J18: =IF(G18="","",_xlfn.CONCAT(G18," : ",H18,";")) | K18: =SUBSTITUTE(LEFT(Parameters!D20,IF(IFERROR(FIND("[",Parameters!D20),100)>IFERROR(FIND("(",Parameters!D20),100),IFERROR(FIND("(",Parameters!D20),100),IFERROR(FIND("[",Parameters!D20),100))-1)," ","") | L18: Valveshutdown | M18: =IF(L18="","",_xlfn.CONCAT(L18,"_typ")) -> Valveshutdown_typ | N18: =IF(M18 = "","",_xlfn.CONCAT(M18," : STRUCT END_STRUCT;")) -> Valveshutdown_typ : STRUCT END_STRUCT; | O18: =IF(L18="","",_xlfn.CONCAT(L18," : ",M18,";")) -> Valveshutdown : Valveshutdown_typ; | P18: =K18 | Q18: =Parameters!E20 -> 58 | R18: =Parameters!F20 -> LoadCangeFlagFallingDelay | S18: =IF(R18 = "","",_xlfn.CONCAT(R18," : REAL;")) -> LoadCangeFlagFallingDelay : REAL; | U18: SystemReserved19 | V18: =IF(U18 = "","",_xlfn.CONCAT(U18," : REAL;")) -> SystemReserved19 : REAL;
A19: =SUBSTITUTE(LEFT(Parameters!B21,IF(IFERROR(FIND("[",Parameters!B21),100)>IFERROR(FIND("(",Parameters!B21),100),IFERROR(FIND("(",Parameters!B21),100),IFERROR(FIND("[",Parameters!B21),100))-1)," ","") | C19: =IF(B19="","",_xlfn.CONCAT(B19,"_typ")) | D19: =IF(C19 = "","",_xlfn.CONCAT(C19," : STRUCT END_STRUCT;")) | E19: =IF(B19="","",_xlfn.CONCAT(B19," : ",C19,";")) | F19: =SUBSTITUTE(LEFT(Parameters!C21,IF(IFERROR(FIND("[",Parameters!C21),100)>IFERROR(FIND("(",Parameters!C21),100),IFERROR(FIND("(",Parameters!C21),100),IFERROR(FIND("[",Parameters!C21),100))-1)," ","") | H19: =IF(G19="","",_xlfn.CONCAT(G19,"_typ")) | I19: =IF(H19 = "","",_xlfn.CONCAT(H19," : STRUCT END_STRUCT;")) | J19: =IF(G19="","",_xlfn.CONCAT(G19," : ",H19,";")) | K19: =SUBSTITUTE(LEFT(Parameters!D21,IF(IFERROR(FIND("[",Parameters!D21),100)>IFERROR(FIND("(",Parameters!D21),100),IFERROR(FIND("(",Parameters!D21),100),IFERROR(FIND("[",Parameters!D21),100))-1)," ","") | L19: FODSInitReady | M19: =IF(L19="","",_xlfn.CONCAT(L19,"_typ")) -> FODSInitReady_typ | N19: =IF(M19 = "","",_xlfn.CONCAT(M19," : STRUCT END_STRUCT;")) -> FODSInitReady_typ : STRUCT END_STRUCT; | O19: =IF(L19="","",_xlfn.CONCAT(L19," : ",M19,";")) -> FODSInitReady : FODSInitReady_typ; | P19: =K19 | Q19: =Parameters!E21 -> 59 | R19: =Parameters!F21 -> LoadCangeFlagReserved4 | S19: =IF(R19 = "","",_xlfn.CONCAT(R19," : REAL;")) -> LoadCangeFlagReserved4 : REAL; | U19: SystemReserved20 | V19: =IF(U19 = "","",_xlfn.CONCAT(U19," : REAL;")) -> SystemReserved20 : REAL;
A20: =SUBSTITUTE(LEFT(Parameters!B22,IF(IFERROR(FIND("[",Parameters!B22),100)>IFERROR(FIND("(",Parameters!B22),100),IFERROR(FIND("(",Parameters!B22),100),IFERROR(FIND("[",Parameters!B22),100))-1)," ","") | C20: =IF(B20="","",_xlfn.CONCAT(B20,"_typ")) | D20: =IF(C20 = "","",_xlfn.CONCAT(C20," : STRUCT END_STRUCT;")) | E20: =IF(B20="","",_xlfn.CONCAT(B20," : ",C20,";")) | F20: =SUBSTITUTE(LEFT(Parameters!C22,IF(IFERROR(FIND("[",Parameters!C22),100)>IFERROR(FIND("(",Parameters!C22),100),IFERROR(FIND("(",Parameters!C22),100),IFERROR(FIND("[",Parameters!C22),100))-1)," ","") | H20: =IF(G20="","",_xlfn.CONCAT(G20,"_typ")) | I20: =IF(H20 = "","",_xlfn.CONCAT(H20," : STRUCT END_STRUCT;")) | J20: =IF(G20="","",_xlfn.CONCAT(G20," : ",H20,";")) | K20: =SUBSTITUTE(LEFT(Parameters!D22,IF(IFERROR(FIND("[",Parameters!D22),100)>IFERROR(FIND("(",Parameters!D22),100),IFERROR(FIND("(",Parameters!D22),100),IFERROR(FIND("[",Parameters!D22),100))-1)," ","") -> SystemWarmedUpFlag | L20: FODSCooling | M20: =IF(L20="","",_xlfn.CONCAT(L20,"_typ")) -> FODSCooling_typ | N20: =IF(M20 = "","",_xlfn.CONCAT(M20," : STRUCT END_STRUCT;")) -> FODSCooling_typ : STRUCT END_STRUCT; | O20: =IF(L20="","",_xlfn.CONCAT(L20," : ",M20,";")) -> FODSCooling : FODSCooling_typ; | P20: =K20 -> SystemWarmedUpFlag | Q20: =Parameters!E22 -> 60 | R20: =Parameters!F22 -> WarmUpDTemp | S20: =IF(R20 = "","",_xlfn.CONCAT(R20," : REAL;")) -> WarmUpDTemp : REAL; | U20: SystemReserved21 | V20: =IF(U20 = "","",_xlfn.CONCAT(U20," : REAL;")) -> SystemReserved21 : REAL;
A21: =SUBSTITUTE(LEFT(Parameters!B23,IF(IFERROR(FIND("[",Parameters!B23),100)>IFERROR(FIND("(",Parameters!B23),100),IFERROR(FIND("(",Parameters!B23),100),IFERROR(FIND("[",Parameters!B23),100))-1)," ","") | C21: =IF(B21="","",_xlfn.CONCAT(B21,"_typ")) | D21: =IF(C21 = "","",_xlfn.CONCAT(C21," : STRUCT END_STRUCT;")) | E21: =IF(B21="","",_xlfn.CONCAT(B21," : ",C21,";")) | F21: =SUBSTITUTE(LEFT(Parameters!C23,IF(IFERROR(FIND("[",Parameters!C23),100)>IFERROR(FIND("(",Parameters!C23),100),IFERROR(FIND("(",Parameters!C23),100),IFERROR(FIND("[",Parameters!C23),100))-1)," ","") | H21: =IF(G21="","",_xlfn.CONCAT(G21,"_typ")) | I21: =IF(H21 = "","",_xlfn.CONCAT(H21," : STRUCT END_STRUCT;")) | J21: =IF(G21="","",_xlfn.CONCAT(G21," : ",H21,";")) | K21: =SUBSTITUTE(LEFT(Parameters!D23,IF(IFERROR(FIND("[",Parameters!D23),100)>IFERROR(FIND("(",Parameters!D23),100),IFERROR(FIND("(",Parameters!D23),100),IFERROR(FIND("[",Parameters!D23),100))-1)," ","") | L21: FODSDosing | M21: =IF(L21="","",_xlfn.CONCAT(L21,"_typ")) -> FODSDosing_typ | N21: =IF(M21 = "","",_xlfn.CONCAT(M21," : STRUCT END_STRUCT;")) -> FODSDosing_typ : STRUCT END_STRUCT; | O21: =IF(L21="","",_xlfn.CONCAT(L21," : ",M21,";")) -> FODSDosing : FODSDosing_typ; | P21: =K21 | Q21: =Parameters!E23 -> 61 | R21: =Parameters!F23 -> WarmUpITemp | S21: =IF(R21 = "","",_xlfn.CONCAT(R21," : REAL;")) -> WarmUpITemp : REAL; | U21: SystemReserved22 | V21: =IF(U21 = "","",_xlfn.CONCAT(U21," : REAL;")) -> SystemReserved22 : REAL;
A22: =SUBSTITUTE(LEFT(Parameters!B24,IF(IFERROR(FIND("[",Parameters!B24),100)>IFERROR(FIND("(",Parameters!B24),100),IFERROR(FIND("(",Parameters!B24),100),IFERROR(FIND("[",Parameters!B24),100))-1)," ","") | C22: =IF(B22="","",_xlfn.CONCAT(B22,"_typ")) | D22: =IF(C22 = "","",_xlfn.CONCAT(C22," : STRUCT END_STRUCT;")) | E22: =IF(B22="","",_xlfn.CONCAT(B22," : ",C22,";")) | F22: =SUBSTITUTE(LEFT(Parameters!C24,IF(IFERROR(FIND("[",Parameters!C24),100)>IFERROR(FIND("(",Parameters!C24),100),IFERROR(FIND("(",Parameters!C24),100),IFERROR(FIND("[",Parameters!C24),100))-1)," ","") | H22: =IF(G22="","",_xlfn.CONCAT(G22,"_typ")) | I22: =IF(H22 = "","",_xlfn.CONCAT(H22," : STRUCT END_STRUCT;")) | J22: =IF(G22="","",_xlfn.CONCAT(G22," : ",H22,";")) | K22: =SUBSTITUTE(LEFT(Parameters!D24,IF(IFERROR(FIND("[",Parameters!D24),100)>IFERROR(FIND("(",Parameters!D24),100),IFERROR(FIND("(",Parameters!D24),100),IFERROR(FIND("[",Parameters!D24),100))-1)," ","") | L22: FODSFlushing | M22: =IF(L22="","",_xlfn.CONCAT(L22,"_typ")) -> FODSFlushing_typ | N22: =IF(M22 = "","",_xlfn.CONCAT(M22," : STRUCT END_STRUCT;")) -> FODSFlushing_typ : STRUCT END_STRUCT; | O22: =IF(L22="","",_xlfn.CONCAT(L22," : ",M22,";")) -> FODSFlushing : FODSFlushing_typ; | P22: =K22 | Q22: =Parameters!E24 -> 62 | R22: =Parameters!F24 -> WarmUpChITemp | S22: =IF(R22 = "","",_xlfn.CONCAT(R22," : REAL;")) -> WarmUpChITemp : REAL; | U22: SystemReserved23 | V22: =IF(U22 = "","",_xlfn.CONCAT(U22," : REAL;")) -> SystemReserved23 : REAL;
A23: =SUBSTITUTE(LEFT(Parameters!B25,IF(IFERROR(FIND("[",Parameters!B25),100)>IFERROR(FIND("(",Parameters!B25),100),IFERROR(FIND("(",Parameters!B25),100),IFERROR(FIND("[",Parameters!B25),100))-1)," ","") | C23: =IF(B23="","",_xlfn.CONCAT(B23,"_typ")) | D23: =IF(C23 = "","",_xlfn.CONCAT(C23," : STRUCT END_STRUCT;")) | E23: =IF(B23="","",_xlfn.CONCAT(B23," : ",C23,";")) | F23: =SUBSTITUTE(LEFT(Parameters!C25,IF(IFERROR(FIND("[",Parameters!C25),100)>IFERROR(FIND("(",Parameters!C25),100),IFERROR(FIND("(",Parameters!C25),100),IFERROR(FIND("[",Parameters!C25),100))-1)," ","") | H23: =IF(G23="","",_xlfn.CONCAT(G23,"_typ")) | I23: =IF(H23 = "","",_xlfn.CONCAT(H23," : STRUCT END_STRUCT;")) | J23: =IF(G23="","",_xlfn.CONCAT(G23," : ",H23,";")) | K23: =SUBSTITUTE(LEFT(Parameters!D25,IF(IFERROR(FIND("[",Parameters!D25),100)>IFERROR(FIND("(",Parameters!D25),100),IFERROR(FIND("(",Parameters!D25),100),IFERROR(FIND("[",Parameters!D25),100))-1)," ","") | L23: CommonReservedCat3 | M23: =IF(L23="","",_xlfn.CONCAT(L23,"_typ")) -> CommonReservedCat3_typ | N23: =IF(M23 = "","",_xlfn.CONCAT(M23," : STRUCT END_STRUCT;")) -> CommonReservedCat3_typ : STRUCT END_STRUCT; | O23: =IF(L23="","",_xlfn.CONCAT(L23," : ",M23,";")) -> CommonReservedCat3 : CommonReservedCat3_typ; | P23: =K23 | Q23: =Parameters!E25 -> 63 | R23: =Parameters!F25 -> WarmUpChMTemp | S23: =IF(R23 = "","",_xlfn.CONCAT(R23," : REAL;")) -> WarmUpChMTemp : REAL; | U23: SystemReserved24 | V23: =IF(U23 = "","",_xlfn.CONCAT(U23," : REAL;")) -> SystemReserved24 : REAL;
A24: =SUBSTITUTE(LEFT(Parameters!B26,IF(IFERROR(FIND("[",Parameters!B26),100)>IFERROR(FIND("(",Parameters!B26),100),IFERROR(FIND("(",Parameters!B26),100),IFERROR(FIND("[",Parameters!B26),100))-1)," ","") | C24: =IF(B24="","",_xlfn.CONCAT(B24,"_typ")) | D24: =IF(C24 = "","",_xlfn.CONCAT(C24," : STRUCT END_STRUCT;")) | E24: =IF(B24="","",_xlfn.CONCAT(B24," : ",C24,";")) | F24: =SUBSTITUTE(LEFT(Parameters!C26,IF(IFERROR(FIND("[",Parameters!C26),100)>IFERROR(FIND("(",Parameters!C26),100),IFERROR(FIND("(",Parameters!C26),100),IFERROR(FIND("[",Parameters!C26),100))-1)," ","") | H24: =IF(G24="","",_xlfn.CONCAT(G24,"_typ")) | I24: =IF(H24 = "","",_xlfn.CONCAT(H24," : STRUCT END_STRUCT;")) | J24: =IF(G24="","",_xlfn.CONCAT(G24," : ",H24,";")) | K24: =SUBSTITUTE(LEFT(Parameters!D26,IF(IFERROR(FIND("[",Parameters!D26),100)>IFERROR(FIND("(",Parameters!D26),100),IFERROR(FIND("(",Parameters!D26),100),IFERROR(FIND("[",Parameters!D26),100))-1)," ","") | L24: FFpara | M24: =IF(L24="","",_xlfn.CONCAT(L24,"_typ")) -> FFpara_typ | N24: =IF(M24 = "","",_xlfn.CONCAT(M24," : STRUCT END_STRUCT;")) -> FFpara_typ : STRUCT END_STRUCT; | O24: =IF(L24="","",_xlfn.CONCAT(L24," : ",M24,";")) -> FFpara : FFpara_typ; | P24: =K24 | Q24: =Parameters!E26 -> 64 | R24: =Parameters!F26 -> WarmUpChOTemp | S24: =IF(R24 = "","",_xlfn.CONCAT(R24," : REAL;")) -> WarmUpChOTemp : REAL; | U24: SystemReserved25 | V24: =IF(U24 = "","",_xlfn.CONCAT(U24," : REAL;")) -> SystemReserved25 : REAL;
A25: =SUBSTITUTE(LEFT(Parameters!B27,IF(IFERROR(FIND("[",Parameters!B27),100)>IFERROR(FIND("(",Parameters!B27),100),IFERROR(FIND("(",Parameters!B27),100),IFERROR(FIND("[",Parameters!B27),100))-1)," ","") | C25: =IF(B25="","",_xlfn.CONCAT(B25,"_typ")) | D25: =IF(C25 = "","",_xlfn.CONCAT(C25," : STRUCT END_STRUCT;")) | E25: =IF(B25="","",_xlfn.CONCAT(B25," : ",C25,";")) | F25: =SUBSTITUTE(LEFT(Parameters!C27,IF(IFERROR(FIND("[",Parameters!C27),100)>IFERROR(FIND("(",Parameters!C27),100),IFERROR(FIND("(",Parameters!C27),100),IFERROR(FIND("[",Parameters!C27),100))-1)," ","") | H25: =IF(G25="","",_xlfn.CONCAT(G25,"_typ")) | I25: =IF(H25 = "","",_xlfn.CONCAT(H25," : STRUCT END_STRUCT;")) | J25: =IF(G25="","",_xlfn.CONCAT(G25," : ",H25,";")) | K25: =SUBSTITUTE(LEFT(Parameters!D27,IF(IFERROR(FIND("[",Parameters!D27),100)>IFERROR(FIND("(",Parameters!D27),100),IFERROR(FIND("(",Parameters!D27),100),IFERROR(FIND("[",Parameters!D27),100))-1)," ","") -> FlagReserved | L25: EngineLoad | M25: =IF(L25="","",_xlfn.CONCAT(L25,"_typ")) -> EngineLoad_typ | N25: =IF(M25 = "","",_xlfn.CONCAT(M25," : STRUCT END_STRUCT;")) -> EngineLoad_typ : STRUCT END_STRUCT; | O25: =IF(L25="","",_xlfn.CONCAT(L25," : ",M25,";")) -> EngineLoad : EngineLoad_typ; | P25: =K25 -> FlagReserved | Q25: =Parameters!E27 -> 65 | R25: =Parameters!F27 -> FlagReserved15 | S25: =IF(R25 = "","",_xlfn.CONCAT(R25," : REAL;")) -> FlagReserved15 : REAL; | U25: SystemReserved26 | V25: =IF(U25 = "","",_xlfn.CONCAT(U25," : REAL;")) -> SystemReserved26 : REAL; | W25: FlagReserved15 | X25: =IF(W25 = "","",_xlfn.CONCAT(W25," : REAL;")) -> FlagReserved15 : REAL;
A26: =SUBSTITUTE(LEFT(Parameters!B28,IF(IFERROR(FIND("[",Parameters!B28),100)>IFERROR(FIND("(",Parameters!B28),100),IFERROR(FIND("(",Parameters!B28),100),IFERROR(FIND("[",Parameters!B28),100))-1)," ","") | C26: =IF(B26="","",_xlfn.CONCAT(B26,"_typ")) | D26: =IF(C26 = "","",_xlfn.CONCAT(C26," : STRUCT END_STRUCT;")) | E26: =IF(B26="","",_xlfn.CONCAT(B26," : ",C26,";")) | F26: =SUBSTITUTE(LEFT(Parameters!C28,IF(IFERROR(FIND("[",Parameters!C28),100)>IFERROR(FIND("(",Parameters!C28),100),IFERROR(FIND("(",Parameters!C28),100),IFERROR(FIND("[",Parameters!C28),100))-1)," ","") | H26: =IF(G26="","",_xlfn.CONCAT(G26,"_typ")) | I26: =IF(H26 = "","",_xlfn.CONCAT(H26," : STRUCT END_STRUCT;")) | J26: =IF(G26="","",_xlfn.CONCAT(G26," : ",H26,";")) | K26: =SUBSTITUTE(LEFT(Parameters!D28,IF(IFERROR(FIND("[",Parameters!D28),100)>IFERROR(FIND("(",Parameters!D28),100),IFERROR(FIND("(",Parameters!D28),100),IFERROR(FIND("[",Parameters!D28),100))-1)," ","") | L26: ExhFlowrate | M26: =IF(L26="","",_xlfn.CONCAT(L26,"_typ")) -> ExhFlowrate_typ | N26: =IF(M26 = "","",_xlfn.CONCAT(M26," : STRUCT END_STRUCT;")) -> ExhFlowrate_typ : STRUCT END_STRUCT; | O26: =IF(L26="","",_xlfn.CONCAT(L26," : ",M26,";")) -> ExhFlowrate : ExhFlowrate_typ; | P26: =K26 | Q26: =Parameters!E28 -> ... | R26: =Parameters!F28 -> ... | S26: =IF(R26 = "","",_xlfn.CONCAT(R26," : REAL;")) -> ... : REAL; | U26: SystemReserved27 | V26: =IF(U26 = "","",_xlfn.CONCAT(U26," : REAL;")) -> SystemReserved27 : REAL; | W26: FlagReserved16 | X26: =IF(W26 = "","",_xlfn.CONCAT(W26," : REAL;")) -> FlagReserved16 : REAL;
A27: =SUBSTITUTE(LEFT(Parameters!B29,IF(IFERROR(FIND("[",Parameters!B29),100)>IFERROR(FIND("(",Parameters!B29),100),IFERROR(FIND("(",Parameters!B29),100),IFERROR(FIND("[",Parameters!B29),100))-1)," ","") | C27: =IF(B27="","",_xlfn.CONCAT(B27,"_typ")) | D27: =IF(C27 = "","",_xlfn.CONCAT(C27," : STRUCT END_STRUCT;")) | E27: =IF(B27="","",_xlfn.CONCAT(B27," : ",C27,";")) | F27: =SUBSTITUTE(LEFT(Parameters!C29,IF(IFERROR(FIND("[",Parameters!C29),100)>IFERROR(FIND("(",Parameters!C29),100),IFERROR(FIND("(",Parameters!C29),100),IFERROR(FIND("[",Parameters!C29),100))-1)," ","") | H27: =IF(G27="","",_xlfn.CONCAT(G27,"_typ")) | I27: =IF(H27 = "","",_xlfn.CONCAT(H27," : STRUCT END_STRUCT;")) | J27: =IF(G27="","",_xlfn.CONCAT(G27," : ",H27,";")) | K27: =SUBSTITUTE(LEFT(Parameters!D29,IF(IFERROR(FIND("[",Parameters!D29),100)>IFERROR(FIND("(",Parameters!D29),100),IFERROR(FIND("(",Parameters!D29),100),IFERROR(FIND("[",Parameters!D29),100))-1)," ","") | L27: HUInletRefTemp | M27: =IF(L27="","",_xlfn.CONCAT(L27,"_typ")) -> HUInletRefTemp_typ | N27: =IF(M27 = "","",_xlfn.CONCAT(M27," : STRUCT END_STRUCT;")) -> HUInletRefTemp_typ : STRUCT END_STRUCT; | O27: =IF(L27="","",_xlfn.CONCAT(L27," : ",M27,";")) -> HUInletRefTemp : HUInletRefTemp_typ; | P27: =K27 | Q27: =Parameters!E29 -> 99 | R27: =Parameters!F29 -> FlagReserved49 | S27: =IF(R27 = "","",_xlfn.CONCAT(R27," : REAL;")) -> FlagReserved49 : REAL; | U27: SystemReserved28 | V27: =IF(U27 = "","",_xlfn.CONCAT(U27," : REAL;")) -> SystemReserved28 : REAL; | W27: FlagReserved17 | X27: =IF(W27 = "","",_xlfn.CONCAT(W27," : REAL;")) -> FlagReserved17 : REAL;
A28: =SUBSTITUTE(LEFT(Parameters!B30,IF(IFERROR(FIND("[",Parameters!B30),100)>IFERROR(FIND("(",Parameters!B30),100),IFERROR(FIND("(",Parameters!B30),100),IFERROR(FIND("[",Parameters!B30),100))-1)," ","") | C28: =IF(B28="","",_xlfn.CONCAT(B28,"_typ")) | D28: =IF(C28 = "","",_xlfn.CONCAT(C28," : STRUCT END_STRUCT;")) | E28: =IF(B28="","",_xlfn.CONCAT(B28," : ",C28,";")) | F28: =SUBSTITUTE(LEFT(Parameters!C30,IF(IFERROR(FIND("[",Parameters!C30),100)>IFERROR(FIND("(",Parameters!C30),100),IFERROR(FIND("(",Parameters!C30),100),IFERROR(FIND("[",Parameters!C30),100))-1)," ","") -> Main | H28: =IF(G28="","",_xlfn.CONCAT(G28,"_typ")) | I28: =IF(H28 = "","",_xlfn.CONCAT(H28," : STRUCT END_STRUCT;")) | J28: =IF(G28="","",_xlfn.CONCAT(G28," : ",H28,";")) | K28: =SUBSTITUTE(LEFT(Parameters!D30,IF(IFERROR(FIND("[",Parameters!D30),100)>IFERROR(FIND("(",Parameters!D30),100),IFERROR(FIND("(",Parameters!D30),100),IFERROR(FIND("[",Parameters!D30),100))-1)," ","") -> Init | L28: CorrectionFactor | M28: =IF(L28="","",_xlfn.CONCAT(L28,"_typ")) -> CorrectionFactor_typ | N28: =IF(M28 = "","",_xlfn.CONCAT(M28," : STRUCT END_STRUCT;")) -> CorrectionFactor_typ : STRUCT END_STRUCT; | O28: =IF(L28="","",_xlfn.CONCAT(L28," : ",M28,";")) -> CorrectionFactor : CorrectionFactor_typ; | P28: =K28 -> Init | Q28: =Parameters!E30 -> 100 | R28: =Parameters!F30 -> InitReserved0 | S28: =IF(R28 = "","",_xlfn.CONCAT(R28," : REAL;")) -> InitReserved0 : REAL; | U28: SystemReserved29 | V28: =IF(U28 = "","",_xlfn.CONCAT(U28," : REAL;")) -> SystemReserved29 : REAL; | W28: FlagReserved18 | X28: =IF(W28 = "","",_xlfn.CONCAT(W28," : REAL;")) -> FlagReserved18 : REAL;
A29: =SUBSTITUTE(LEFT(Parameters!B31,IF(IFERROR(FIND("[",Parameters!B31),100)>IFERROR(FIND("(",Parameters!B31),100),IFERROR(FIND("(",Parameters!B31),100),IFERROR(FIND("[",Parameters!B31),100))-1)," ","") | C29: =IF(B29="","",_xlfn.CONCAT(B29,"_typ")) | D29: =IF(C29 = "","",_xlfn.CONCAT(C29," : STRUCT END_STRUCT;")) | E29: =IF(B29="","",_xlfn.CONCAT(B29," : ",C29,";")) | F29: =SUBSTITUTE(LEFT(Parameters!C31,IF(IFERROR(FIND("[",Parameters!C31),100)>IFERROR(FIND("(",Parameters!C31),100),IFERROR(FIND("(",Parameters!C31),100),IFERROR(FIND("[",Parameters!C31),100))-1)," ","") | H29: =IF(G29="","",_xlfn.CONCAT(G29,"_typ")) | I29: =IF(H29 = "","",_xlfn.CONCAT(H29," : STRUCT END_STRUCT;")) | J29: =IF(G29="","",_xlfn.CONCAT(G29," : ",H29,";")) | K29: =SUBSTITUTE(LEFT(Parameters!D31,IF(IFERROR(FIND("[",Parameters!D31),100)>IFERROR(FIND("(",Parameters!D31),100),IFERROR(FIND("(",Parameters!D31),100),IFERROR(FIND("[",Parameters!D31),100))-1)," ","") | L29: MOCSTempPgain | M29: =IF(L29="","",_xlfn.CONCAT(L29,"_typ")) -> MOCSTempPgain_typ | N29: =IF(M29 = "","",_xlfn.CONCAT(M29," : STRUCT END_STRUCT;")) -> MOCSTempPgain_typ : STRUCT END_STRUCT; | O29: =IF(L29="","",_xlfn.CONCAT(L29," : ",M29,";")) -> MOCSTempPgain : MOCSTempPgain_typ; | P29: =K29 | Q29: =Parameters!E31 -> 101 | R29: =Parameters!F31 -> InitReserved1 | S29: =IF(R29 = "","",_xlfn.CONCAT(R29," : REAL;")) -> InitReserved1 : REAL; | U29: SystemReserved30 | V29: =IF(U29 = "","",_xlfn.CONCAT(U29," : REAL;")) -> SystemReserved30 : REAL; | W29: FlagReserved19 | X29: =IF(W29 = "","",_xlfn.CONCAT(W29," : REAL;")) -> FlagReserved19 : REAL;
A30: =SUBSTITUTE(LEFT(Parameters!B32,IF(IFERROR(FIND("[",Parameters!B32),100)>IFERROR(FIND("(",Parameters!B32),100),IFERROR(FIND("(",Parameters!B32),100),IFERROR(FIND("[",Parameters!B32),100))-1)," ","") | C30: =IF(B30="","",_xlfn.CONCAT(B30,"_typ")) | D30: =IF(C30 = "","",_xlfn.CONCAT(C30," : STRUCT END_STRUCT;")) | E30: =IF(B30="","",_xlfn.CONCAT(B30," : ",C30,";")) | F30: =SUBSTITUTE(LEFT(Parameters!C32,IF(IFERROR(FIND("[",Parameters!C32),100)>IFERROR(FIND("(",Parameters!C32),100),IFERROR(FIND("(",Parameters!C32),100),IFERROR(FIND("[",Parameters!C32),100))-1)," ","") | H30: =IF(G30="","",_xlfn.CONCAT(G30,"_typ")) | I30: =IF(H30 = "","",_xlfn.CONCAT(H30," : STRUCT END_STRUCT;")) | J30: =IF(G30="","",_xlfn.CONCAT(G30," : ",H30,";")) | K30: =SUBSTITUTE(LEFT(Parameters!D32,IF(IFERROR(FIND("[",Parameters!D32),100)>IFERROR(FIND("(",Parameters!D32),100),IFERROR(FIND("(",Parameters!D32),100),IFERROR(FIND("[",Parameters!D32),100))-1)," ","") | L30: APIDgain | M30: =IF(L30="","",_xlfn.CONCAT(L30,"_typ")) -> APIDgain_typ | N30: =IF(M30 = "","",_xlfn.CONCAT(M30," : STRUCT END_STRUCT;")) -> APIDgain_typ : STRUCT END_STRUCT; | O30: =IF(L30="","",_xlfn.CONCAT(L30," : ",M30,";")) -> APIDgain : APIDgain_typ; | P30: =K30 | Q30: =Parameters!E32 -> 102 | R30: =Parameters!F32 -> InitReserved2 | S30: =IF(R30 = "","",_xlfn.CONCAT(R30," : REAL;")) -> InitReserved2 : REAL; | U30: SystemReserved31 | V30: =IF(U30 = "","",_xlfn.CONCAT(U30," : REAL;")) -> SystemReserved31 : REAL; | W30: FlagReserved20 | X30: =IF(W30 = "","",_xlfn.CONCAT(W30," : REAL;")) -> FlagReserved20 : REAL;
A31: =SUBSTITUTE(LEFT(Parameters!B33,IF(IFERROR(FIND("[",Parameters!B33),100)>IFERROR(FIND("(",Parameters!B33),100),IFERROR(FIND("(",Parameters!B33),100),IFERROR(FIND("[",Parameters!B33),100))-1)," ","") | C31: =IF(B31="","",_xlfn.CONCAT(B31,"_typ")) | D31: =IF(C31 = "","",_xlfn.CONCAT(C31," : STRUCT END_STRUCT;")) | E31: =IF(B31="","",_xlfn.CONCAT(B31," : ",C31,";")) | F31: =SUBSTITUTE(LEFT(Parameters!C33,IF(IFERROR(FIND("[",Parameters!C33),100)>IFERROR(FIND("(",Parameters!C33),100),IFERROR(FIND("(",Parameters!C33),100),IFERROR(FIND("[",Parameters!C33),100))-1)," ","") | H31: =IF(G31="","",_xlfn.CONCAT(G31,"_typ")) | I31: =IF(H31 = "","",_xlfn.CONCAT(H31," : STRUCT END_STRUCT;")) | J31: =IF(G31="","",_xlfn.CONCAT(G31," : ",H31,";")) | K31: =SUBSTITUTE(LEFT(Parameters!D33,IF(IFERROR(FIND("[",Parameters!D33),100)>IFERROR(FIND("(",Parameters!D33),100),IFERROR(FIND("(",Parameters!D33),100),IFERROR(FIND("[",Parameters!D33),100))-1)," ","") | L31: IndivReservedCat3 | M31: =IF(L31="","",_xlfn.CONCAT(L31,"_typ")) -> IndivReservedCat3 _typ | N31: =IF(M31 = "","",_xlfn.CONCAT(M31," : STRUCT END_STRUCT;")) -> IndivReservedCat3 _typ : STRUCT END_STRUCT; | O31: =IF(L31="","",_xlfn.CONCAT(L31," : ",M31,";")) -> IndivReservedCat3 : IndivReservedCat3 _typ; | P31: =K31 | Q31: =Parameters!E33 -> 103 | R31: =Parameters!F33 -> InitReserved3 | S31: =IF(R31 = "","",_xlfn.CONCAT(R31," : REAL;")) -> InitReserved3 : REAL; | U31: SystemReserved32 | V31: =IF(U31 = "","",_xlfn.CONCAT(U31," : REAL;")) -> SystemReserved32 : REAL; | W31: FlagReserved21 | X31: =IF(W31 = "","",_xlfn.CONCAT(W31," : REAL;")) -> FlagReserved21 : REAL;
A32: =SUBSTITUTE(LEFT(Parameters!B34,IF(IFERROR(FIND("[",Parameters!B34),100)>IFERROR(FIND("(",Parameters!B34),100),IFERROR(FIND("(",Parameters!B34),100),IFERROR(FIND("[",Parameters!B34),100))-1)," ","") | C32: =IF(B32="","",_xlfn.CONCAT(B32,"_typ")) | D32: =IF(C32 = "","",_xlfn.CONCAT(C32," : STRUCT END_STRUCT;")) | E32: =IF(B32="","",_xlfn.CONCAT(B32," : ",C32,";")) | F32: =SUBSTITUTE(LEFT(Parameters!C34,IF(IFERROR(FIND("[",Parameters!C34),100)>IFERROR(FIND("(",Parameters!C34),100),IFERROR(FIND("(",Parameters!C34),100),IFERROR(FIND("[",Parameters!C34),100))-1)," ","") | H32: =IF(G32="","",_xlfn.CONCAT(G32,"_typ")) | I32: =IF(H32 = "","",_xlfn.CONCAT(H32," : STRUCT END_STRUCT;")) | J32: =IF(G32="","",_xlfn.CONCAT(G32," : ",H32,";")) | K32: =SUBSTITUTE(LEFT(Parameters!D34,IF(IFERROR(FIND("[",Parameters!D34),100)>IFERROR(FIND("(",Parameters!D34),100),IFERROR(FIND("(",Parameters!D34),100),IFERROR(FIND("[",Parameters!D34),100))-1)," ","") | M32: =IF(L32="","",_xlfn.CONCAT(L32,"_typ")) | N32: =IF(M32 = "","",_xlfn.CONCAT(M32," : STRUCT END_STRUCT;")) | O32: =IF(L32="","",_xlfn.CONCAT(L32," : ",M32,";")) | P32: =K32 | Q32: =Parameters!E34 -> 104 | R32: =Parameters!F34 -> InitReserved4 | S32: =IF(R32 = "","",_xlfn.CONCAT(R32," : REAL;")) -> InitReserved4 : REAL; | U32: SystemReserved33 | V32: =IF(U32 = "","",_xlfn.CONCAT(U32," : REAL;")) -> SystemReserved33 : REAL; | W32: FlagReserved22 | X32: =IF(W32 = "","",_xlfn.CONCAT(W32," : REAL;")) -> FlagReserved22 : REAL;
A33: =SUBSTITUTE(LEFT(Parameters!B35,IF(IFERROR(FIND("[",Parameters!B35),100)>IFERROR(FIND("(",Parameters!B35),100),IFERROR(FIND("(",Parameters!B35),100),IFERROR(FIND("[",Parameters!B35),100))-1)," ","") | C33: =IF(B33="","",_xlfn.CONCAT(B33,"_typ")) | D33: =IF(C33 = "","",_xlfn.CONCAT(C33," : STRUCT END_STRUCT;")) | E33: =IF(B33="","",_xlfn.CONCAT(B33," : ",C33,";")) | F33: =SUBSTITUTE(LEFT(Parameters!C35,IF(IFERROR(FIND("[",Parameters!C35),100)>IFERROR(FIND("(",Parameters!C35),100),IFERROR(FIND("(",Parameters!C35),100),IFERROR(FIND("[",Parameters!C35),100))-1)," ","") | H33: =IF(G33="","",_xlfn.CONCAT(G33,"_typ")) | I33: =IF(H33 = "","",_xlfn.CONCAT(H33," : STRUCT END_STRUCT;")) | J33: =IF(G33="","",_xlfn.CONCAT(G33," : ",H33,";")) | K33: =SUBSTITUTE(LEFT(Parameters!D35,IF(IFERROR(FIND("[",Parameters!D35),100)>IFERROR(FIND("(",Parameters!D35),100),IFERROR(FIND("(",Parameters!D35),100),IFERROR(FIND("[",Parameters!D35),100))-1)," ","") -> Sealing | M33: =IF(L33="","",_xlfn.CONCAT(L33,"_typ")) | N33: =IF(M33 = "","",_xlfn.CONCAT(M33," : STRUCT END_STRUCT;")) | O33: =IF(L33="","",_xlfn.CONCAT(L33," : ",M33,";")) | P33: =K33 -> Sealing | Q33: =Parameters!E35 -> 105 | R33: =Parameters!F35 -> VSSolValveOpenDP | S33: =IF(R33 = "","",_xlfn.CONCAT(R33," : REAL;")) -> VSSolValveOpenDP : REAL; | U33: SystemReserved34 | V33: =IF(U33 = "","",_xlfn.CONCAT(U33," : REAL;")) -> SystemReserved34 : REAL; | W33: FlagReserved23 | X33: =IF(W33 = "","",_xlfn.CONCAT(W33," : REAL;")) -> FlagReserved23 : REAL;
A34: =SUBSTITUTE(LEFT(Parameters!B36,IF(IFERROR(FIND("[",Parameters!B36),100)>IFERROR(FIND("(",Parameters!B36),100),IFERROR(FIND("(",Parameters!B36),100),IFERROR(FIND("[",Parameters!B36),100))-1)," ","") | C34: =IF(B34="","",_xlfn.CONCAT(B34,"_typ")) | D34: =IF(C34 = "","",_xlfn.CONCAT(C34," : STRUCT END_STRUCT;")) | E34: =IF(B34="","",_xlfn.CONCAT(B34," : ",C34,";")) | F34: =SUBSTITUTE(LEFT(Parameters!C36,IF(IFERROR(FIND("[",Parameters!C36),100)>IFERROR(FIND("(",Parameters!C36),100),IFERROR(FIND("(",Parameters!C36),100),IFERROR(FIND("[",Parameters!C36),100))-1)," ","") | H34: =IF(G34="","",_xlfn.CONCAT(G34,"_typ")) | I34: =IF(H34 = "","",_xlfn.CONCAT(H34," : STRUCT END_STRUCT;")) | J34: =IF(G34="","",_xlfn.CONCAT(G34," : ",H34,";")) | K34: =SUBSTITUTE(LEFT(Parameters!D36,IF(IFERROR(FIND("[",Parameters!D36),100)>IFERROR(FIND("(",Parameters!D36),100),IFERROR(FIND("(",Parameters!D36),100),IFERROR(FIND("[",Parameters!D36),100))-1)," ","") | M34: =IF(L34="","",_xlfn.CONCAT(L34,"_typ")) | N34: =IF(M34 = "","",_xlfn.CONCAT(M34," : STRUCT END_STRUCT;")) | O34: =IF(L34="","",_xlfn.CONCAT(L34," : ",M34,";")) | P34: =K34 | Q34: =Parameters!E36 -> 106 | R34: =Parameters!F36 -> VSSolValveCloseDP | S34: =IF(R34 = "","",_xlfn.CONCAT(R34," : REAL;")) -> VSSolValveCloseDP : REAL; | U34: SystemReserved35 | V34: =IF(U34 = "","",_xlfn.CONCAT(U34," : REAL;")) -> SystemReserved35 : REAL; | W34: FlagReserved24 | X34: =IF(W34 = "","",_xlfn.CONCAT(W34," : REAL;")) -> FlagReserved24 : REAL;
A35: =SUBSTITUTE(LEFT(Parameters!B37,IF(IFERROR(FIND("[",Parameters!B37),100)>IFERROR(FIND("(",Parameters!B37),100),IFERROR(FIND("(",Parameters!B37),100),IFERROR(FIND("[",Parameters!B37),100))-1)," ","") | C35: =IF(B35="","",_xlfn.CONCAT(B35,"_typ")) | D35: =IF(C35 = "","",_xlfn.CONCAT(C35," : STRUCT END_STRUCT;")) | E35: =IF(B35="","",_xlfn.CONCAT(B35," : ",C35,";")) | F35: =SUBSTITUTE(LEFT(Parameters!C37,IF(IFERROR(FIND("[",Parameters!C37),100)>IFERROR(FIND("(",Parameters!C37),100),IFERROR(FIND("(",Parameters!C37),100),IFERROR(FIND("[",Parameters!C37),100))-1)," ","") | H35: =IF(G35="","",_xlfn.CONCAT(G35,"_typ")) | I35: =IF(H35 = "","",_xlfn.CONCAT(H35," : STRUCT END_STRUCT;")) | J35: =IF(G35="","",_xlfn.CONCAT(G35," : ",H35,";")) | K35: =SUBSTITUTE(LEFT(Parameters!D37,IF(IFERROR(FIND("[",Parameters!D37),100)>IFERROR(FIND("(",Parameters!D37),100),IFERROR(FIND("(",Parameters!D37),100),IFERROR(FIND("[",Parameters!D37),100))-1)," ","") | M35: =IF(L35="","",_xlfn.CONCAT(L35,"_typ")) | N35: =IF(M35 = "","",_xlfn.CONCAT(M35," : STRUCT END_STRUCT;")) | O35: =IF(L35="","",_xlfn.CONCAT(L35," : ",M35,";")) | P35: =K35 | Q35: =Parameters!E37 -> 107 | R35: =Parameters!F37 -> RTVOpenDP | S35: =IF(R35 = "","",_xlfn.CONCAT(R35," : REAL;")) -> RTVOpenDP : REAL; | U35: SystemReserved36 | V35: =IF(U35 = "","",_xlfn.CONCAT(U35," : REAL;")) -> SystemReserved36 : REAL; | W35: FlagReserved25 | X35: =IF(W35 = "","",_xlfn.CONCAT(W35," : REAL;")) -> FlagReserved25 : REAL;
A36: =SUBSTITUTE(LEFT(Parameters!B38,IF(IFERROR(FIND("[",Parameters!B38),100)>IFERROR(FIND("(",Parameters!B38),100),IFERROR(FIND("(",Parameters!B38),100),IFERROR(FIND("[",Parameters!B38),100))-1)," ","") | C36: =IF(B36="","",_xlfn.CONCAT(B36,"_typ")) | D36: =IF(C36 = "","",_xlfn.CONCAT(C36," : STRUCT END_STRUCT;")) | E36: =IF(B36="","",_xlfn.CONCAT(B36," : ",C36,";")) | F36: =SUBSTITUTE(LEFT(Parameters!C38,IF(IFERROR(FIND("[",Parameters!C38),100)>IFERROR(FIND("(",Parameters!C38),100),IFERROR(FIND("(",Parameters!C38),100),IFERROR(FIND("[",Parameters!C38),100))-1)," ","") | H36: =IF(G36="","",_xlfn.CONCAT(G36,"_typ")) | I36: =IF(H36 = "","",_xlfn.CONCAT(H36," : STRUCT END_STRUCT;")) | J36: =IF(G36="","",_xlfn.CONCAT(G36," : ",H36,";")) | K36: =SUBSTITUTE(LEFT(Parameters!D38,IF(IFERROR(FIND("[",Parameters!D38),100)>IFERROR(FIND("(",Parameters!D38),100),IFERROR(FIND("(",Parameters!D38),100),IFERROR(FIND("[",Parameters!D38),100))-1)," ","") | M36: =IF(L36="","",_xlfn.CONCAT(L36,"_typ")) | N36: =IF(M36 = "","",_xlfn.CONCAT(M36," : STRUCT END_STRUCT;")) | O36: =IF(L36="","",_xlfn.CONCAT(L36," : ",M36,";")) | P36: =K36 | Q36: =Parameters!E38 -> 108 | R36: =Parameters!F38 -> RTVCloseDP | S36: =IF(R36 = "","",_xlfn.CONCAT(R36," : REAL;")) -> RTVCloseDP : REAL; | U36: SystemReserved37 | V36: =IF(U36 = "","",_xlfn.CONCAT(U36," : REAL;")) -> SystemReserved37 : REAL; | W36: FlagReserved26 | X36: =IF(W36 = "","",_xlfn.CONCAT(W36," : REAL;")) -> FlagReserved26 : REAL;
A37: =SUBSTITUTE(LEFT(Parameters!B39,IF(IFERROR(FIND("[",Parameters!B39),100)>IFERROR(FIND("(",Parameters!B39),100),IFERROR(FIND("(",Parameters!B39),100),IFERROR(FIND("[",Parameters!B39),100))-1)," ","") | C37: =IF(B37="","",_xlfn.CONCAT(B37,"_typ")) | D37: =IF(C37 = "","",_xlfn.CONCAT(C37," : STRUCT END_STRUCT;")) | E37: =IF(B37="","",_xlfn.CONCAT(B37," : ",C37,";")) | F37: =SUBSTITUTE(LEFT(Parameters!C39,IF(IFERROR(FIND("[",Parameters!C39),100)>IFERROR(FIND("(",Parameters!C39),100),IFERROR(FIND("(",Parameters!C39),100),IFERROR(FIND("[",Parameters!C39),100))-1)," ","") | H37: =IF(G37="","",_xlfn.CONCAT(G37,"_typ")) | I37: =IF(H37 = "","",_xlfn.CONCAT(H37," : STRUCT END_STRUCT;")) | J37: =IF(G37="","",_xlfn.CONCAT(G37," : ",H37,";")) | K37: =SUBSTITUTE(LEFT(Parameters!D39,IF(IFERROR(FIND("[",Parameters!D39),100)>IFERROR(FIND("(",Parameters!D39),100),IFERROR(FIND("(",Parameters!D39),100),IFERROR(FIND("[",Parameters!D39),100))-1)," ","") | M37: =IF(L37="","",_xlfn.CONCAT(L37,"_typ")) | N37: =IF(M37 = "","",_xlfn.CONCAT(M37," : STRUCT END_STRUCT;")) | O37: =IF(L37="","",_xlfn.CONCAT(L37," : ",M37,";")) | P37: =K37 | Q37: =Parameters!E39 -> 109 | R37: =Parameters!F39 -> SealRTVSetpoint | S37: =IF(R37 = "","",_xlfn.CONCAT(R37," : REAL;")) -> SealRTVSetpoint : REAL; | U37: SystemReserved38 | V37: =IF(U37 = "","",_xlfn.CONCAT(U37," : REAL;")) -> SystemReserved38 : REAL; | W37: FlagReserved27 | X37: =IF(W37 = "","",_xlfn.CONCAT(W37," : REAL;")) -> FlagReserved27 : REAL;
A38: =SUBSTITUTE(LEFT(Parameters!B40,IF(IFERROR(FIND("[",Parameters!B40),100)>IFERROR(FIND("(",Parameters!B40),100),IFERROR(FIND("(",Parameters!B40),100),IFERROR(FIND("[",Parameters!B40),100))-1)," ","") | C38: =IF(B38="","",_xlfn.CONCAT(B38,"_typ")) | D38: =IF(C38 = "","",_xlfn.CONCAT(C38," : STRUCT END_STRUCT;")) | E38: =IF(B38="","",_xlfn.CONCAT(B38," : ",C38,";")) | F38: =SUBSTITUTE(LEFT(Parameters!C40,IF(IFERROR(FIND("[",Parameters!C40),100)>IFERROR(FIND("(",Parameters!C40),100),IFERROR(FIND("(",Parameters!C40),100),IFERROR(FIND("[",Parameters!C40),100))-1)," ","") | H38: =IF(G38="","",_xlfn.CONCAT(G38,"_typ")) | I38: =IF(H38 = "","",_xlfn.CONCAT(H38," : STRUCT END_STRUCT;")) | J38: =IF(G38="","",_xlfn.CONCAT(G38," : ",H38,";")) | K38: =SUBSTITUTE(LEFT(Parameters!D40,IF(IFERROR(FIND("[",Parameters!D40),100)>IFERROR(FIND("(",Parameters!D40),100),IFERROR(FIND("(",Parameters!D40),100),IFERROR(FIND("[",Parameters!D40),100))-1)," ","") | M38: =IF(L38="","",_xlfn.CONCAT(L38,"_typ")) | N38: =IF(M38 = "","",_xlfn.CONCAT(M38," : STRUCT END_STRUCT;")) | O38: =IF(L38="","",_xlfn.CONCAT(L38," : ",M38,";")) | P38: =K38 | Q38: =Parameters!E40 -> 110 | R38: =Parameters!F40 -> VSSolValveOpenDuration | S38: =IF(R38 = "","",_xlfn.CONCAT(R38," : REAL;")) -> VSSolValveOpenDuration : REAL; | U38: SystemReserved39 | V38: =IF(U38 = "","",_xlfn.CONCAT(U38," : REAL;")) -> SystemReserved39 : REAL; | W38: FlagReserved28 | X38: =IF(W38 = "","",_xlfn.CONCAT(W38," : REAL;")) -> FlagReserved28 : REAL;
A39: =SUBSTITUTE(LEFT(Parameters!B41,IF(IFERROR(FIND("[",Parameters!B41),100)>IFERROR(FIND("(",Parameters!B41),100),IFERROR(FIND("(",Parameters!B41),100),IFERROR(FIND("[",Parameters!B41),100))-1)," ","") | C39: =IF(B39="","",_xlfn.CONCAT(B39,"_typ")) | D39: =IF(C39 = "","",_xlfn.CONCAT(C39," : STRUCT END_STRUCT;")) | E39: =IF(B39="","",_xlfn.CONCAT(B39," : ",C39,";")) | F39: =SUBSTITUTE(LEFT(Parameters!C41,IF(IFERROR(FIND("[",Parameters!C41),100)>IFERROR(FIND("(",Parameters!C41),100),IFERROR(FIND("(",Parameters!C41),100),IFERROR(FIND("[",Parameters!C41),100))-1)," ","") | H39: =IF(G39="","",_xlfn.CONCAT(G39,"_typ")) | I39: =IF(H39 = "","",_xlfn.CONCAT(H39," : STRUCT END_STRUCT;")) | J39: =IF(G39="","",_xlfn.CONCAT(G39," : ",H39,";")) | K39: =SUBSTITUTE(LEFT(Parameters!D41,IF(IFERROR(FIND("[",Parameters!D41),100)>IFERROR(FIND("(",Parameters!D41),100),IFERROR(FIND("(",Parameters!D41),100),IFERROR(FIND("[",Parameters!D41),100))-1)," ","") | M39: =IF(L39="","",_xlfn.CONCAT(L39,"_typ")) | N39: =IF(M39 = "","",_xlfn.CONCAT(M39," : STRUCT END_STRUCT;")) | O39: =IF(L39="","",_xlfn.CONCAT(L39," : ",M39,";")) | P39: =K39 | Q39: =Parameters!E41 -> 111 | R39: =Parameters!F41 -> VSSolValveCloseDuration | S39: =IF(R39 = "","",_xlfn.CONCAT(R39," : REAL;")) -> VSSolValveCloseDuration : REAL; | U39: SystemReserved40 | V39: =IF(U39 = "","",_xlfn.CONCAT(U39," : REAL;")) -> SystemReserved40 : REAL; | W39: FlagReserved29 | X39: =IF(W39 = "","",_xlfn.CONCAT(W39," : REAL;")) -> FlagReserved29 : REAL;
A40: =SUBSTITUTE(LEFT(Parameters!B42,IF(IFERROR(FIND("[",Parameters!B42),100)>IFERROR(FIND("(",Parameters!B42),100),IFERROR(FIND("(",Parameters!B42),100),IFERROR(FIND("[",Parameters!B42),100))-1)," ","") | C40: =IF(B40="","",_xlfn.CONCAT(B40,"_typ")) | D40: =IF(C40 = "","",_xlfn.CONCAT(C40," : STRUCT END_STRUCT;")) | E40: =IF(B40="","",_xlfn.CONCAT(B40," : ",C40,";")) | F40: =SUBSTITUTE(LEFT(Parameters!C42,IF(IFERROR(FIND("[",Parameters!C42),100)>IFERROR(FIND("(",Parameters!C42),100),IFERROR(FIND("(",Parameters!C42),100),IFERROR(FIND("[",Parameters!C42),100))-1)," ","") | H40: =IF(G40="","",_xlfn.CONCAT(G40,"_typ")) | I40: =IF(H40 = "","",_xlfn.CONCAT(H40," : STRUCT END_STRUCT;")) | J40: =IF(G40="","",_xlfn.CONCAT(G40," : ",H40,";")) | K40: =SUBSTITUTE(LEFT(Parameters!D42,IF(IFERROR(FIND("[",Parameters!D42),100)>IFERROR(FIND("(",Parameters!D42),100),IFERROR(FIND("(",Parameters!D42),100),IFERROR(FIND("[",Parameters!D42),100))-1)," ","") | M40: =IF(L40="","",_xlfn.CONCAT(L40,"_typ")) | N40: =IF(M40 = "","",_xlfn.CONCAT(M40," : STRUCT END_STRUCT;")) | O40: =IF(L40="","",_xlfn.CONCAT(L40," : ",M40,";")) | P40: =K40 | Q40: =Parameters!E42 -> 112 | R40: =Parameters!F42 -> SealingReserved7 | S40: =IF(R40 = "","",_xlfn.CONCAT(R40," : REAL;")) -> SealingReserved7 : REAL; | U40: SystemReserved41 | V40: =IF(U40 = "","",_xlfn.CONCAT(U40," : REAL;")) -> SystemReserved41 : REAL; | W40: FlagReserved30 | X40: =IF(W40 = "","",_xlfn.CONCAT(W40," : REAL;")) -> FlagReserved30 : REAL;
A41: =SUBSTITUTE(LEFT(Parameters!B43,IF(IFERROR(FIND("[",Parameters!B43),100)>IFERROR(FIND("(",Parameters!B43),100),IFERROR(FIND("(",Parameters!B43),100),IFERROR(FIND("[",Parameters!B43),100))-1)," ","") | C41: =IF(B41="","",_xlfn.CONCAT(B41,"_typ")) | D41: =IF(C41 = "","",_xlfn.CONCAT(C41," : STRUCT END_STRUCT;")) | E41: =IF(B41="","",_xlfn.CONCAT(B41," : ",C41,";")) | F41: =SUBSTITUTE(LEFT(Parameters!C43,IF(IFERROR(FIND("[",Parameters!C43),100)>IFERROR(FIND("(",Parameters!C43),100),IFERROR(FIND("(",Parameters!C43),100),IFERROR(FIND("[",Parameters!C43),100))-1)," ","") | H41: =IF(G41="","",_xlfn.CONCAT(G41,"_typ")) | I41: =IF(H41 = "","",_xlfn.CONCAT(H41," : STRUCT END_STRUCT;")) | J41: =IF(G41="","",_xlfn.CONCAT(G41," : ",H41,";")) | K41: =SUBSTITUTE(LEFT(Parameters!D43,IF(IFERROR(FIND("[",Parameters!D43),100)>IFERROR(FIND("(",Parameters!D43),100),IFERROR(FIND("(",Parameters!D43),100),IFERROR(FIND("[",Parameters!D43),100))-1)," ","") | M41: =IF(L41="","",_xlfn.CONCAT(L41,"_typ")) | N41: =IF(M41 = "","",_xlfn.CONCAT(M41," : STRUCT END_STRUCT;")) | O41: =IF(L41="","",_xlfn.CONCAT(L41," : ",M41,";")) | P41: =K41 | Q41: =Parameters!E43 -> 113 | R41: =Parameters!F43 -> SealingReserved8 | S41: =IF(R41 = "","",_xlfn.CONCAT(R41," : REAL;")) -> SealingReserved8 : REAL; | U41: SystemReserved42 | V41: =IF(U41 = "","",_xlfn.CONCAT(U41," : REAL;")) -> SystemReserved42 : REAL; | W41: FlagReserved31 | X41: =IF(W41 = "","",_xlfn.CONCAT(W41," : REAL;")) -> FlagReserved31 : REAL;
A42: =SUBSTITUTE(LEFT(Parameters!B44,IF(IFERROR(FIND("[",Parameters!B44),100)>IFERROR(FIND("(",Parameters!B44),100),IFERROR(FIND("(",Parameters!B44),100),IFERROR(FIND("[",Parameters!B44),100))-1)," ","") | C42: =IF(B42="","",_xlfn.CONCAT(B42,"_typ")) | D42: =IF(C42 = "","",_xlfn.CONCAT(C42," : STRUCT END_STRUCT;")) | E42: =IF(B42="","",_xlfn.CONCAT(B42," : ",C42,";")) | F42: =SUBSTITUTE(LEFT(Parameters!C44,IF(IFERROR(FIND("[",Parameters!C44),100)>IFERROR(FIND("(",Parameters!C44),100),IFERROR(FIND("(",Parameters!C44),100),IFERROR(FIND("[",Parameters!C44),100))-1)," ","") | H42: =IF(G42="","",_xlfn.CONCAT(G42,"_typ")) | I42: =IF(H42 = "","",_xlfn.CONCAT(H42," : STRUCT END_STRUCT;")) | J42: =IF(G42="","",_xlfn.CONCAT(G42," : ",H42,";")) | K42: =SUBSTITUTE(LEFT(Parameters!D44,IF(IFERROR(FIND("[",Parameters!D44),100)>IFERROR(FIND("(",Parameters!D44),100),IFERROR(FIND("(",Parameters!D44),100),IFERROR(FIND("[",Parameters!D44),100))-1)," ","") | M42: =IF(L42="","",_xlfn.CONCAT(L42,"_typ")) | N42: =IF(M42 = "","",_xlfn.CONCAT(M42," : STRUCT END_STRUCT;")) | O42: =IF(L42="","",_xlfn.CONCAT(L42," : ",M42,";")) | P42: =K42 | Q42: =Parameters!E44 -> 114 | R42: =Parameters!F44 -> SealingReserved9 | S42: =IF(R42 = "","",_xlfn.CONCAT(R42," : REAL;")) -> SealingReserved9 : REAL; | U42: SystemReserved43 | V42: =IF(U42 = "","",_xlfn.CONCAT(U42," : REAL;")) -> SystemReserved43 : REAL; | W42: FlagReserved32 | X42: =IF(W42 = "","",_xlfn.CONCAT(W42," : REAL;")) -> FlagReserved32 : REAL;
A43: =SUBSTITUTE(LEFT(Parameters!B45,IF(IFERROR(FIND("[",Parameters!B45),100)>IFERROR(FIND("(",Parameters!B45),100),IFERROR(FIND("(",Parameters!B45),100),IFERROR(FIND("[",Parameters!B45),100))-1)," ","") | C43: =IF(B43="","",_xlfn.CONCAT(B43,"_typ")) | D43: =IF(C43 = "","",_xlfn.CONCAT(C43," : STRUCT END_STRUCT;")) | E43: =IF(B43="","",_xlfn.CONCAT(B43," : ",C43,";")) | F43: =SUBSTITUTE(LEFT(Parameters!C45,IF(IFERROR(FIND("[",Parameters!C45),100)>IFERROR(FIND("(",Parameters!C45),100),IFERROR(FIND("(",Parameters!C45),100),IFERROR(FIND("[",Parameters!C45),100))-1)," ","") | H43: =IF(G43="","",_xlfn.CONCAT(G43,"_typ")) | I43: =IF(H43 = "","",_xlfn.CONCAT(H43," : STRUCT END_STRUCT;")) | J43: =IF(G43="","",_xlfn.CONCAT(G43," : ",H43,";")) | K43: =SUBSTITUTE(LEFT(Parameters!D45,IF(IFERROR(FIND("[",Parameters!D45),100)>IFERROR(FIND("(",Parameters!D45),100),IFERROR(FIND("(",Parameters!D45),100),IFERROR(FIND("[",Parameters!D45),100))-1)," ","") -> Engage | M43: =IF(L43="","",_xlfn.CONCAT(L43,"_typ")) | N43: =IF(M43 = "","",_xlfn.CONCAT(M43," : STRUCT END_STRUCT;")) | O43: =IF(L43="","",_xlfn.CONCAT(L43," : ",M43,";")) | P43: =K43 -> Engage | Q43: =Parameters!E45 -> 115 | R43: =Parameters!F45 -> EnRTVSlope | S43: =IF(R43 = "","",_xlfn.CONCAT(R43," : REAL;")) -> EnRTVSlope : REAL; | U43: SystemReserved44 | V43: =IF(U43 = "","",_xlfn.CONCAT(U43," : REAL;")) -> SystemReserved44 : REAL; | W43: FlagReserved33 | X43: =IF(W43 = "","",_xlfn.CONCAT(W43," : REAL;")) -> FlagReserved33 : REAL;
... A48: =SUBSTITUTE(LEFT(Parameters!B50,IF(IFERROR(FIND("[",Parameters!B50),100)>IFERROR(FIND("(",Parameters!B50),100),IFERROR(FIND("(",Parameters!B50),100),IFERROR(FIND("[",Parameters!B50),100))-1)," ","") | C48: =IF(B48="","",_xlfn.CONCAT(B48,"_typ")) | D48: =IF(C48 = "","",_xlfn.CONCAT(C48," : STRUCT END_STRUCT;")) | E48: =IF(B48="","",_xlfn.CONCAT(B48," : ",C48,";")) | F48: =SUBSTITUTE(LEFT(Parameters!C50,IF(IFERROR(FIND("[",Parameters!C50),100)>IFERROR(FIND("(",Parameters!C50),100),IFERROR(FIND("(",Parameters!C50),100),IFERROR(FIND("[",Parameters!C50),100))-1)," ","") | H48: =IF(G48="","",_xlfn.CONCAT(G48,"_typ")) | I48: =IF(H48 = "","",_xlfn.CONCAT(H48," : STRUCT END_STRUCT;")) | J48: =IF(G48="","",_xlfn.CONCAT(G48," : ",H48,";")) | K48: =SUBSTITUTE(LEFT(Parameters!D50,IF(IFERROR(FIND("[",Parameters!D50),100)>IFERROR(FIND("(",Parameters!D50),100),IFERROR(FIND("(",Parameters!D50),100),IFERROR(FIND("[",Parameters!D50),100))-1)," ","") -> Active | M48: =IF(L48="","",_xlfn.CONCAT(L48,"_typ")) | N48: =IF(M48 = "","",_xlfn.CONCAT(M48," : STRUCT END_STRUCT;")) | O48: =IF(L48="","",_xlfn.CONCAT(L48," : ",M48,";")) | P48: =K48 -> Active | Q48: =Parameters!E50 -> 120 | R48: =Parameters!F50 -> HUTargetTemp | S48: =IF(R48 = "","",_xlfn.CONCAT(R48," : REAL;")) -> HUTargetTemp : REAL; | U48: SystemReserved49 | V48: =IF(U48 = "","",_xlfn.CONCAT(U48," : REAL;")) -> SystemReserved49 : REAL; | W48: FlagReserved38 | X48: =IF(W48 = "","",_xlfn.CONCAT(W48," : REAL;")) -> FlagReserved38 : REAL;
A49: =SUBSTITUTE(LEFT(Parameters!B51,IF(IFERROR(FIND("[",Parameters!B51),100)>IFERROR(FIND("(",Parameters!B51),100),IFERROR(FIND("(",Parameters!B51),100),IFERROR(FIND("[",Parameters!B51),100))-1)," ","") | C49: =IF(B49="","",_xlfn.CONCAT(B49,"_typ")) | D49: =IF(C49 = "","",_xlfn.CONCAT(C49," : STRUCT END_STRUCT;")) | E49: =IF(B49="","",_xlfn.CONCAT(B49," : ",C49,";")) | F49: =SUBSTITUTE(LEFT(Parameters!C51,IF(IFERROR(FIND("[",Parameters!C51),100)>IFERROR(FIND("(",Parameters!C51),100),IFERROR(FIND("(",Parameters!C51),100),IFERROR(FIND("[",Parameters!C51),100))-1)," ","") | H49: =IF(G49="","",_xlfn.CONCAT(G49,"_typ")) | I49: =IF(H49 = "","",_xlfn.CONCAT(H49," : STRUCT END_STRUCT;")) | J49: =IF(G49="","",_xlfn.CONCAT(G49," : ",H49,";")) | K49: =SUBSTITUTE(LEFT(Parameters!D51,IF(IFERROR(FIND("[",Parameters!D51),100)>IFERROR(FIND("(",Parameters!D51),100),IFERROR(FIND("(",Parameters!D51),100),IFERROR(FIND("[",Parameters!D51),100))-1)," ","") | M49: =IF(L49="","",_xlfn.CONCAT(L49,"_typ")) | N49: =IF(M49 = "","",_xlfn.CONCAT(M49," : STRUCT END_STRUCT;")) | O49: =IF(L49="","",_xlfn.CONCAT(L49," : ",M49,";")) | P49: =K49 | Q49: =Parameters!E51 -> 121 | R49: =Parameters!F51 -> HUActiveTemp | S49: =IF(R49 = "","",_xlfn.CONCAT(R49," : REAL;")) -> HUActiveTemp : REAL; | W49: FlagReserved39 | X49: =IF(W49 = "","",_xlfn.CONCAT(W49," : REAL;")) -> FlagReserved39 : REAL;
A50: =SUBSTITUTE(LEFT(Parameters!B52,IF(IFERROR(FIND("[",Parameters!B52),100)>IFERROR(FIND("(",Parameters!B52),100),IFERROR(FIND("(",Parameters!B52),100),IFERROR(FIND("[",Parameters!B52),100))-1)," ","") | C50: =IF(B50="","",_xlfn.CONCAT(B50,"_typ")) | D50: =IF(C50 = "","",_xlfn.CONCAT(C50," : STRUCT END_STRUCT;")) | E50: =IF(B50="","",_xlfn.CONCAT(B50," : ",C50,";")) | F50: =SUBSTITUTE(LEFT(Parameters!C52,IF(IFERROR(FIND("[",Parameters!C52),100)>IFERROR(FIND("(",Parameters!C52),100),IFERROR(FIND("(",Parameters!C52),100),IFERROR(FIND("[",Parameters!C52),100))-1)," ","") | H50: =IF(G50="","",_xlfn.CONCAT(G50,"_typ")) | I50: =IF(H50 = "","",_xlfn.CONCAT(H50," : STRUCT END_STRUCT;")) | J50: =IF(G50="","",_xlfn.CONCAT(G50," : ",H50,";")) | K50: =SUBSTITUTE(LEFT(Parameters!D52,IF(IFERROR(FIND("[",Parameters!D52),100)>IFERROR(FIND("(",Parameters!D52),100),IFERROR(FIND("(",Parameters!D52),100),IFERROR(FIND("[",Parameters!D52),100))-1)," ","") | M50: =IF(L50="","",_xlfn.CONCAT(L50,"_typ")) | N50: =IF(M50 = "","",_xlfn.CONCAT(M50," : STRUCT END_STRUCT;")) | O50: =IF(L50="","",_xlfn.CONCAT(L50," : ",M50,";")) | P50: =K50 | Q50: =Parameters!E52 -> 122 | R50: =Parameters!F52 -> HUInactiveOffsetTemp | S50: =IF(R50 = "","",_xlfn.CONCAT(R50," : REAL;")) -> HUInactiveOffsetTemp : REAL; | W50: FlagReserved40 | X50: =IF(W50 = "","",_xlfn.CONCAT(W50," : REAL;")) -> FlagReserved40 : REAL;
A51: =SUBSTITUTE(LEFT(Parameters!B53,IF(IFERROR(FIND("[",Parameters!B53),100)>IFERROR(FIND("(",Parameters!B53),100),IFERROR(FIND("(",Parameters!B53),100),IFERROR(FIND("[",Parameters!B53),100))-1)," ","") | C51: =IF(B51="","",_xlfn.CONCAT(B51,"_typ")) | D51: =IF(C51 = "","",_xlfn.CONCAT(C51," : STRUCT END_STRUCT;")) | E51: =IF(B51="","",_xlfn.CONCAT(B51," : ",C51,";")) | F51: =SUBSTITUTE(LEFT(Parameters!C53,IF(IFERROR(FIND("[",Parameters!C53),100)>IFERROR(FIND("(",Parameters!C53),100),IFERROR(FIND("(",Parameters!C53),100),IFERROR(FIND("[",Parameters!C53),100))-1)," ","") | H51: =IF(G51="","",_xlfn.CONCAT(G51,"_typ")) | I51: =IF(H51 = "","",_xlfn.CONCAT(H51," : STRUCT END_STRUCT;")) | J51: =IF(G51="","",_xlfn.CONCAT(G51," : ",H51,";")) | K51: =SUBSTITUTE(LEFT(Parameters!D53,IF(IFERROR(FIND("[",Parameters!D53),100)>IFERROR(FIND("(",Parameters!D53),100),IFERROR(FIND("(",Parameters!D53),100),IFERROR(FIND("[",Parameters!D53),100))-1)," ","") | M51: =IF(L51="","",_xlfn.CONCAT(L51,"_typ")) | N51: =IF(M51 = "","",_xlfn.CONCAT(M51," : STRUCT END_STRUCT;")) | O51: =IF(L51="","",_xlfn.CONCAT(L51," : ",M51,";")) | P51: =K51 | Q51: =Parameters!E53 -> 123 | R51: =Parameters!F53 -> ActiveReserved3 | S51: =IF(R51 = "","",_xlfn.CONCAT(R51," : REAL;")) -> ActiveReserved3 : REAL; | W51: FlagReserved41 | X51: =IF(W51 = "","",_xlfn.CONCAT(W51," : REAL;")) -> FlagReserved41 : REAL;
A52: =SUBSTITUTE(LEFT(Parameters!B54,IF(IFERROR(FIND("[",Parameters!B54),100)>IFERROR(FIND("(",Parameters!B54),100),IFERROR(FIND("(",Parameters!B54),100),IFERROR(FIND("[",Parameters!B54),100))-1)," ","") | C52: =IF(B52="","",_xlfn.CONCAT(B52,"_typ")) | D52: =IF(C52 = "","",_xlfn.CONCAT(C52," : STRUCT END_STRUCT;")) | E52: =IF(B52="","",_xlfn.CONCAT(B52," : ",C52,";")) | F52: =SUBSTITUTE(LEFT(Parameters!C54,IF(IFERROR(FIND("[",Parameters!C54),100)>IFERROR(FIND("(",Parameters!C54),100),IFERROR(FIND("(",Parameters!C54),100),IFERROR(FIND("[",Parameters!C54),100))-1)," ","") | H52: =IF(G52="","",_xlfn.CONCAT(G52,"_typ")) | I52: =IF(H52 = "","",_xlfn.CONCAT(H52," : STRUCT END_STRUCT;")) | J52: =IF(G52="","",_xlfn.CONCAT(G52," : ",H52,";")) | K52: =SUBSTITUTE(LEFT(Parameters!D54,IF(IFERROR(FIND("[",Parameters!D54),100)>IFERROR(FIND("(",Parameters!D54),100),IFERROR(FIND("(",Parameters!D54),100),IFERROR(FIND("[",Parameters!D54),100))-1)," ","") | M52: =IF(L52="","",_xlfn.CONCAT(L52,"_typ")) | N52: =IF(M52 = "","",_xlfn.CONCAT(M52," : STRUCT END_STRUCT;")) | O52: =IF(L52="","",_xlfn.CONCAT(L52," : ",M52,";")) | P52: =K52 | Q52: =Parameters!E54 -> 124 | R52: =Parameters!F54 -> ActiveReserved4 | S52: =IF(R52 = "","",_xlfn.CONCAT(R52," : REAL;")) -> ActiveReserved4 : REAL; | W52: FlagReserved42 | X52: =IF(W52 = "","",_xlfn.CONCAT(W52," : REAL;")) -> FlagReserved42 : REAL;
A53: =SUBSTITUTE(LEFT(Parameters!B55,IF(IFERROR(FIND("[",Parameters!B55),100)>IFERROR(FIND("(",Parameters!B55),100),IFERROR(FIND("(",Parameters!B55),100),IFERROR(FIND("[",Parameters!B55),100))-1)," ","") | C53: =IF(B53="","",_xlfn.CONCAT(B53,"_typ")) | D53: =IF(C53 = "","",_xlfn.CONCAT(C53," : STRUCT END_STRUCT;")) | E53: =IF(B53="","",_xlfn.CONCAT(B53," : ",C53,";")) | F53: =SUBSTITUTE(LEFT(Parameters!C55,IF(IFERROR(FIND("[",Parameters!C55),100)>IFERROR(FIND("(",Parameters!C55),100),IFERROR(FIND("(",Parameters!C55),100),IFERROR(FIND("[",Parameters!C55),100))-1)," ","") | H53: =IF(G53="","",_xlfn.CONCAT(G53,"_typ")) | I53: =IF(H53 = "","",_xlfn.CONCAT(H53," : STRUCT END_STRUCT;")) | J53: =IF(G53="","",_xlfn.CONCAT(G53," : ",H53,";")) | K53: =SUBSTITUTE(LEFT(Parameters!D55,IF(IFERROR(FIND("[",Parameters!D55),100)>IFERROR(FIND("(",Parameters!D55),100),IFERROR(FIND("(",Parameters!D55),100),IFERROR(FIND("[",Parameters!D55),100))-1)," ","") -> TMB | M53: =IF(L53="","",_xlfn.CONCAT(L53,"_typ")) | N53: =IF(M53 = "","",_xlfn.CONCAT(M53," : STRUCT END_STRUCT;")) | O53: =IF(L53="","",_xlfn.CONCAT(L53," : ",M53,";")) | P53: =K53 -> TMB | Q53: =Parameters!E55 -> 125 | R53: =Parameters!F55 -> TMBBypassMinDuration | S53: =IF(R53 = "","",_xlfn.CONCAT(R53," : REAL;")) -> TMBBypassMinDuration : REAL; | W53: FlagReserved43 | X53: =IF(W53 = "","",_xlfn.CONCAT(W53," : REAL;")) -> FlagReserved43 : REAL;
A54: =SUBSTITUTE(LEFT(Parameters!B56,IF(IFERROR(FIND("[",Parameters!B56),100)>IFERROR(FIND("(",Parameters!B56),100),IFERROR(FIND("(",Parameters!B56),100),IFERROR(FIND("[",Parameters!B56),100))-1)," ","") | C54: =IF(B54="","",_xlfn.CONCAT(B54,"_typ")) | D54: =IF(C54 = "","",_xlfn.CONCAT(C54," : STRUCT END_STRUCT;")) | E54: =IF(B54="","",_xlfn.CONCAT(B54," : ",C54,";")) | F54: =SUBSTITUTE(LEFT(Parameters!C56,IF(IFERROR(FIND("[",Parameters!C56),100)>IFERROR(FIND("(",Parameters!C56),100),IFERROR(FIND("(",Parameters!C56),100),IFERROR(FIND("[",Parameters!C56),100))-1)," ","") | H54: =IF(G54="","",_xlfn.CONCAT(G54,"_typ")) | I54: =IF(H54 = "","",_xlfn.CONCAT(H54," : STRUCT END_STRUCT;")) | J54: =IF(G54="","",_xlfn.CONCAT(G54," : ",H54,";")) | K54: =SUBSTITUTE(LEFT(Parameters!D56,IF(IFERROR(FIND("[",Parameters!D56),100)>IFERROR(FIND("(",Parameters!D56),100),IFERROR(FIND("(",Parameters!D56),100),IFERROR(FIND("[",Parameters!D56),100))-1)," ","") | M54: =IF(L54="","",_xlfn.CONCAT(L54,"_typ")) | N54: =IF(M54 = "","",_xlfn.CONCAT(M54," : STRUCT END_STRUCT;")) | O54: =IF(L54="","",_xlfn.CONCAT(L54," : ",M54,";")) | P54: =K54 | Q54: =Parameters!E56 -> 126 | R54: =Parameters!F56 -> TMBTimeoutThreshold | S54: =IF(R54 = "","",_xlfn.CONCAT(R54," : REAL;")) -> TMBTimeoutThreshold : REAL; | W54: FlagReserved44 | X54: =IF(W54 = "","",_xlfn.CONCAT(W54," : REAL;")) -> FlagReserved44 : REAL;
A55: =SUBSTITUTE(LEFT(Parameters!B57,IF(IFERROR(FIND("[",Parameters!B57),100)>IFERROR(FIND("(",Parameters!B57),100),IFERROR(FIND("(",Parameters!B57),100),IFERROR(FIND("[",Parameters!B57),100))-1)," ","") | C55: =IF(B55="","",_xlfn.CONCAT(B55,"_typ")) | D55: =IF(C55 = "","",_xlfn.CONCAT(C55," : STRUCT END_STRUCT;")) | E55: =IF(B55="","",_xlfn.CONCAT(B55," : ",C55,";")) | F55: =SUBSTITUTE(LEFT(Parameters!C57,IF(IFERROR(FIND("[",Parameters!C57),100)>IFERROR(FIND("(",Parameters!C57),100),IFERROR(FIND("(",Parameters!C57),100),IFERROR(FIND("[",Parameters!C57),100))-1)," ","") | H55: =IF(G55="","",_xlfn.CONCAT(G55,"_typ")) | I55: =IF(H55 = "","",_xlfn.CONCAT(H55," : STRUCT END_STRUCT;")) | J55: =IF(G55="","",_xlfn.CONCAT(G55," : ",H55,";")) | K55: =SUBSTITUTE(LEFT(Parameters!D57,IF(IFERROR(FIND("[",Parameters!D57),100)>IFERROR(FIND("(",Parameters!D57),100),IFERROR(FIND("(",Parameters!D57),100),IFERROR(FIND("[",Parameters!D57),100))-1)," ","") | M55: =IF(L55="","",_xlfn.CONCAT(L55,"_typ")) | N55: =IF(M55 = "","",_xlfn.CONCAT(M55," : STRUCT END_STRUCT;")) | O55: =IF(L55="","",_xlfn.CONCAT(L55," : ",M55,";")) | P55: =K55 | Q55: =Parameters!E57 -> 127 | R55: =Parameters!F57 -> TMBReserved2 | S55: =IF(R55 = "","",_xlfn.CONCAT(R55," : REAL;")) -> TMBReserved2 : REAL; | W55: FlagReserved45 | X55: =IF(W55 = "","",_xlfn.CONCAT(W55," : REAL;")) -> FlagReserved45 : REAL;
A56: =SUBSTITUTE(LEFT(Parameters!B58,IF(IFERROR(FIND("[",Parameters!B58),100)>IFERROR(FIND("(",Parameters!B58),100),IFERROR(FIND("(",Parameters!B58),100),IFERROR(FIND("[",Parameters!B58),100))-1)," ","") | C56: =IF(B56="","",_xlfn.CONCAT(B56,"_typ")) | D56: =IF(C56 = "","",_xlfn.CONCAT(C56," : STRUCT END_STRUCT;")) | E56: =IF(B56="","",_xlfn.CONCAT(B56," : ",C56,";")) | F56: =SUBSTITUTE(LEFT(Parameters!C58,IF(IFERROR(FIND("[",Parameters!C58),100)>IFERROR(FIND("(",Parameters!C58),100),IFERROR(FIND("(",Parameters!C58),100),IFERROR(FIND("[",Parameters!C58),100))-1)," ","") | H56: =IF(G56="","",_xlfn.CONCAT(G56,"_typ")) | I56: =IF(H56 = "","",_xlfn.CONCAT(H56," : STRUCT END_STRUCT;")) | J56: =IF(G56="","",_xlfn.CONCAT(G56," : ",H56,";")) | K56: =SUBSTITUTE(LEFT(Parameters!D58,IF(IFERROR(FIND("[",Parameters!D58),100)>IFERROR(FIND("(",Parameters!D58),100),IFERROR(FIND("(",Parameters!D58),100),IFERROR(FIND("[",Parameters!D58),100))-1)," ","") | M56: =IF(L56="","",_xlfn.CONCAT(L56,"_typ")) | N56: =IF(M56 = "","",_xlfn.CONCAT(M56," : STRUCT END_STRUCT;")) | O56: =IF(L56="","",_xlfn.CONCAT(L56," : ",M56,";")) | P56: =K56 | Q56: =Parameters!E58 -> 128 | R56: =Parameters!F58 -> TMBReserved3 | S56: =IF(R56 = "","",_xlfn.CONCAT(R56," : REAL;")) -> TMBReserved3 : REAL; | W56: FlagReserved46 | X56: =IF(W56 = "","",_xlfn.CONCAT(W56," : REAL;")) -> FlagReserved46 : REAL;
A57: =SUBSTITUTE(LEFT(Parameters!B59,IF(IFERROR(FIND("[",Parameters!B59),100)>IFERROR(FIND("(",Parameters!B59),100),IFERROR(FIND("(",Parameters!B59),100),IFERROR(FIND("[",Parameters!B59),100))-1)," ","") | C57: =IF(B57="","",_xlfn.CONCAT(B57,"_typ")) | D57: =IF(C57 = "","",_xlfn.CONCAT(C57," : STRUCT END_STRUCT;")) | E57: =IF(B57="","",_xlfn.CONCAT(B57," : ",C57,";")) | F57: =SUBSTITUTE(LEFT(Parameters!C59,IF(IFERROR(FIND("[",Parameters!C59),100)>IFERROR(FIND("(",Parameters!C59),100),IFERROR(FIND("(",Parameters!C59),100),IFERROR(FIND("[",Parameters!C59),100))-1)," ","") | H57: =IF(G57="","",_xlfn.CONCAT(G57,"_typ")) | I57: =IF(H57 = "","",_xlfn.CONCAT(H57," : STRUCT END_STRUCT;")) | J57: =IF(G57="","",_xlfn.CONCAT(G57," : ",H57,";")) | K57: =SUBSTITUTE(LEFT(Parameters!D59,IF(IFERROR(FIND("[",Parameters!D59),100)>IFERROR(FIND("(",Parameters!D59),100),IFERROR(FIND("(",Parameters!D59),100),IFERROR(FIND("[",Parameters!D59),100))-1)," ","") | M57: =IF(L57="","",_xlfn.CONCAT(L57,"_typ")) | N57: =IF(M57 = "","",_xlfn.CONCAT(M57," : STRUCT END_STRUCT;")) | O57: =IF(L57="","",_xlfn.CONCAT(L57," : ",M57,";")) | P57: =K57 | Q57: =Parameters!E59 -> 129 | R57: =Parameters!F59 -> TMBReserved4 | S57: =IF(R57 = "","",_xlfn.CONCAT(R57," : REAL;")) -> TMBReserved4 : REAL; | W57: FlagReserved47 | X57: =IF(W57 = "","",_xlfn.CONCAT(W57," : REAL;")) -> FlagReserved47 : REAL;
A58: =SUBSTITUTE(LEFT(Parameters!B60,IF(IFERROR(FIND("[",Parameters!B60),100)>IFERROR(FIND("(",Parameters!B60),100),IFERROR(FIND("(",Parameters!B60),100),IFERROR(FIND("[",Parameters!B60),100))-1)," ","") | C58: =IF(B58="","",_xlfn.CONCAT(B58,"_typ")) | D58: =IF(C58 = "","",_xlfn.CONCAT(C58," : STRUCT END_STRUCT;")) | E58: =IF(B58="","",_xlfn.CONCAT(B58," : ",C58,";")) | F58: =SUBSTITUTE(LEFT(Parameters!C60,IF(IFERROR(FIND("[",Parameters!C60),100)>IFERROR(FIND("(",Parameters!C60),100),IFERROR(FIND("(",Parameters!C60),100),IFERROR(FIND("[",Parameters!C60),100))-1)," ","") | H58: =IF(G58="","",_xlfn.CONCAT(G58,"_typ")) | I58: =IF(H58 = "","",_xlfn.CONCAT(H58," : STRUCT END_STRUCT;")) | J58: =IF(G58="","",_xlfn.CONCAT(G58," : ",H58,";")) | K58: =SUBSTITUTE(LEFT(Parameters!D60,IF(IFERROR(FIND("[",Parameters!D60),100)>IFERROR(FIND("(",Parameters!D60),100),IFERROR(FIND("(",Parameters!D60),100),IFERROR(FIND("[",Parameters!D60),100))-1)," ","") -> Disengage | M58: =IF(L58="","",_xlfn.CONCAT(L58,"_typ")) | N58: =IF(M58 = "","",_xlfn.CONCAT(M58," : STRUCT END_STRUCT;")) | O58: =IF(L58="","",_xlfn.CONCAT(L58," : ",M58,";")) | P58: =K58 -> Disengage | Q58: =Parameters!E60 -> 130 | R58: =Parameters!F60 -> DisenRTVSlope | S58: =IF(R58 = "","",_xlfn.CONCAT(R58," : REAL;")) -> DisenRTVSlope : REAL; | W58: FlagReserved48 | X58: =IF(W58 = "","",_xlfn.CONCAT(W58," : REAL;")) -> FlagReserved48 : REAL;
A59: =SUBSTITUTE(LEFT(Parameters!B61,IF(IFERROR(FIND("[",Parameters!B61),100)>IFERROR(FIND("(",Parameters!B61),100),IFERROR(FIND("(",Parameters!B61),100),IFERROR(FIND("[",Parameters!B61),100))-1)," ","") | C59: =IF(B59="","",_xlfn.CONCAT(B59,"_typ")) | D59: =IF(C59 = "","",_xlfn.CONCAT(C59," : STRUCT END_STRUCT;")) | E59: =IF(B59="","",_xlfn.CONCAT(B59," : ",C59,";")) | F59: =SUBSTITUTE(LEFT(Parameters!C61,IF(IFERROR(FIND("[",Parameters!C61),100)>IFERROR(FIND("(",Parameters!C61),100),IFERROR(FIND("(",Parameters!C61),100),IFERROR(FIND("[",Parameters!C61),100))-1)," ","") | H59: =IF(G59="","",_xlfn.CONCAT(G59,"_typ")) | I59: =IF(H59 = "","",_xlfn.CONCAT(H59," : STRUCT END_STRUCT;")) | J59: =IF(G59="","",_xlfn.CONCAT(G59," : ",H59,";")) | K59: =SUBSTITUTE(LEFT(Parameters!D61,IF(IFERROR(FIND("[",Parameters!D61),100)>IFERROR(FIND("(",Parameters!D61),100),IFERROR(FIND("(",Parameters!D61),100),IFERROR(FIND("[",Parameters!D61),100))-1)," ","") | M59: =IF(L59="","",_xlfn.CONCAT(L59,"_typ")) | N59: =IF(M59 = "","",_xlfn.CONCAT(M59," : STRUCT END_STRUCT;")) | O59: =IF(L59="","",_xlfn.CONCAT(L59," : ",M59,";")) | P59: =K59 | Q59: =Parameters!E61 -> 131 | R59: =Parameters!F61 -> DisengageReserved1 | S59: =IF(R59 = "","",_xlfn.CONCAT(R59," : REAL;")) -> DisengageReserved1 : REAL; | W59: FlagReserved49 | X59: =IF(W59 = "","",_xlfn.CONCAT(W59," : REAL;")) -> FlagReserved49 : REAL;
A60: =SUBSTITUTE(LEFT(Parameters!B62,IF(IFERROR(FIND("[",Parameters!B62),100)>IFERROR(FIND("(",Parameters!B62),100),IFERROR(FIND("(",Parameters!B62),100),IFERROR(FIND("[",Parameters!B62),100))-1)," ","") | C60: =IF(B60="","",_xlfn.CONCAT(B60,"_typ")) | D60: =IF(C60 = "","",_xlfn.CONCAT(C60," : STRUCT END_STRUCT;")) | E60: =IF(B60="","",_xlfn.CONCAT(B60," : ",C60,";")) | F60: =SUBSTITUTE(LEFT(Parameters!C62,IF(IFERROR(FIND("[",Parameters!C62),100)>IFERROR(FIND("(",Parameters!C62),100),IFERROR(FIND("(",Parameters!C62),100),IFERROR(FIND("[",Parameters!C62),100))-1)," ","") | H60: =IF(G60="","",_xlfn.CONCAT(G60,"_typ")) | I60: =IF(H60 = "","",_xlfn.CONCAT(H60," : STRUCT END_STRUCT;")) | J60: =IF(G60="","",_xlfn.CONCAT(G60," : ",H60,";")) | K60: =SUBSTITUTE(LEFT(Parameters!D62,IF(IFERROR(FIND("[",Parameters!D62),100)>IFERROR(FIND("(",Parameters!D62),100),IFERROR(FIND("(",Parameters!D62),100),IFERROR(FIND("[",Parameters!D62),100))-1)," ","") | M60: =IF(L60="","",_xlfn.CONCAT(L60,"_typ")) | N60: =IF(M60 = "","",_xlfn.CONCAT(M60," : STRUCT END_STRUCT;")) | O60: =IF(L60="","",_xlfn.CONCAT(L60," : ",M60,";")) | P60: =K60 | Q60: =Parameters!E62 -> 132 | R60: =Parameters!F62 -> DisengageReserved2 | S60: =IF(R60 = "","",_xlfn.CONCAT(R60," : REAL;")) -> DisengageReserved2 : REAL;
A61: =SUBSTITUTE(LEFT(Parameters!B63,IF(IFERROR(FIND("[",Parameters!B63),100)>IFERROR(FIND("(",Parameters!B63),100),IFERROR(FIND("(",Parameters!B63),100),IFERROR(FIND("[",Parameters!B63),100))-1)," ","") | C61: =IF(B61="","",_xlfn.CONCAT(B61,"_typ")) | D61: =IF(C61 = "","",_xlfn.CONCAT(C61," : STRUCT END_STRUCT;")) | E61: =IF(B61="","",_xlfn.CONCAT(B61," : ",C61,";")) | F61: =SUBSTITUTE(LEFT(Parameters!C63,IF(IFERROR(FIND("[",Parameters!C63),100)>IFERROR(FIND("(",Parameters!C63),100),IFERROR(FIND("(",Parameters!C63),100),IFERROR(FIND("[",Parameters!C63),100))-1)," ","") | H61: =IF(G61="","",_xlfn.CONCAT(G61,"_typ")) | I61: =IF(H61 = "","",_xlfn.CONCAT(H61," : STRUCT END_STRUCT;")) | J61: =IF(G61="","",_xlfn.CONCAT(G61," : ",H61,";")) | K61: =SUBSTITUTE(LEFT(Parameters!D63,IF(IFERROR(FIND("[",Parameters!D63),100)>IFERROR(FIND("(",Parameters!D63),100),IFERROR(FIND("(",Parameters!D63),100),IFERROR(FIND("[",Parameters!D63),100))-1)," ","") | M61: =IF(L61="","",_xlfn.CONCAT(L61,"_typ")) | N61: =IF(M61 = "","",_xlfn.CONCAT(M61," : STRUCT END_STRUCT;")) | O61: =IF(L61="","",_xlfn.CONCAT(L61," : ",M61,";")) | P61: =K61 | Q61: =Parameters!E63 -> 133 | R61: =Parameters!F63 -> DisengageReserved3 | S61: =IF(R61 = "","",_xlfn.CONCAT(R61," : REAL;")) -> DisengageReserved3 : REAL;
A62: =SUBSTITUTE(LEFT(Parameters!B64,IF(IFERROR(FIND("[",Parameters!B64),100)>IFERROR(FIND("(",Parameters!B64),100),IFERROR(FIND("(",Parameters!B64),100),IFERROR(FIND("[",Parameters!B64),100))-1)," ","") | C62: =IF(B62="","",_xlfn.CONCAT(B62,"_typ")) | D62: =IF(C62 = "","",_xlfn.CONCAT(C62," : STRUCT END_STRUCT;")) | E62: =IF(B62="","",_xlfn.CONCAT(B62," : ",C62,";")) | F62: =SUBSTITUTE(LEFT(Parameters!C64,IF(IFERROR(FIND("[",Parameters!C64),100)>IFERROR(FIND("(",Parameters!C64),100),IFERROR(FIND("(",Parameters!C64),100),IFERROR(FIND("[",Parameters!C64),100))-1)," ","") | H62: =IF(G62="","",_xlfn.CONCAT(G62,"_typ")) | I62: =IF(H62 = "","",_xlfn.CONCAT(H62," : STRUCT END_STRUCT;")) | J62: =IF(G62="","",_xlfn.CONCAT(G62," : ",H62,";")) | K62: =SUBSTITUTE(LEFT(Parameters!D64,IF(IFERROR(FIND("[",Parameters!D64),100)>IFERROR(FIND("(",Parameters!D64),100),IFERROR(FIND("(",Parameters!D64),100),IFERROR(FIND("[",Parameters!D64),100))-1)," ","") | M62: =IF(L62="","",_xlfn.CONCAT(L62,"_typ")) | N62: =IF(M62 = "","",_xlfn.CONCAT(M62," : STRUCT END_STRUCT;")) | O62: =IF(L62="","",_xlfn.CONCAT(L62," : ",M62,";")) | P62: =K62 | Q62: =Parameters!E64 -> 134 | R62: =Parameters!F64 -> DisengageReserved4 | S62: =IF(R62 = "","",_xlfn.CONCAT(R62," : REAL;")) -> DisengageReserved4 : REAL;
A63: =SUBSTITUTE(LEFT(Parameters!B65,IF(IFERROR(FIND("[",Parameters!B65),100)>IFERROR(FIND("(",Parameters!B65),100),IFERROR(FIND("(",Parameters!B65),100),IFERROR(FIND("[",Parameters!B65),100))-1)," ","") | C63: =IF(B63="","",_xlfn.CONCAT(B63,"_typ")) | D63: =IF(C63 = "","",_xlfn.CONCAT(C63," : STRUCT END_STRUCT;")) | E63: =IF(B63="","",_xlfn.CONCAT(B63," : ",C63,";")) | F63: =SUBSTITUTE(LEFT(Parameters!C65,IF(IFERROR(FIND("[",Parameters!C65),100)>IFERROR(FIND("(",Parameters!C65),100),IFERROR(FIND("(",Parameters!C65),100),IFERROR(FIND("[",Parameters!C65),100))-1)," ","") | H63: =IF(G63="","",_xlfn.CONCAT(G63,"_typ")) | I63: =IF(H63 = "","",_xlfn.CONCAT(H63," : STRUCT END_STRUCT;")) | J63: =IF(G63="","",_xlfn.CONCAT(G63," : ",H63,";")) | K63: =SUBSTITUTE(LEFT(Parameters!D65,IF(IFERROR(FIND("[",Parameters!D65),100)>IFERROR(FIND("(",Parameters!D65),100),IFERROR(FIND("(",Parameters!D65),100),IFERROR(FIND("[",Parameters!D65),100))-1)," ","") -> Airventing | M63: =IF(L63="","",_xlfn.CONCAT(L63,"_typ")) | N63: =IF(M63 = "","",_xlfn.CONCAT(M63," : STRUCT END_STRUCT;")) | O63: =IF(L63="","",_xlfn.CONCAT(L63," : ",M63,";")) | P63: =K63 -> Airventing | Q63: =Parameters!E65 -> 135 | R63: =Parameters!F65 -> VentRTVSetpoint | S63: =IF(R63 = "","",_xlfn.CONCAT(R63," : REAL;")) -> VentRTVSetpoint : REAL;
A64: =SUBSTITUTE(LEFT(Parameters!B66,IF(IFERROR(FIND("[",Parameters!B66),100)>IFERROR(FIND("(",Parameters!B66),100),IFERROR(FIND("(",Parameters!B66),100),IFERROR(FIND("[",Parameters!B66),100))-1)," ","") | C64: =IF(B64="","",_xlfn.CONCAT(B64,"_typ")) | D64: =IF(C64 = "","",_xlfn.CONCAT(C64," : STRUCT END_STRUCT;")) | E64: =IF(B64="","",_xlfn.CONCAT(B64," : ",C64,";")) | F64: =SUBSTITUTE(LEFT(Parameters!C66,IF(IFERROR(FIND("[",Parameters!C66),100)>IFERROR(FIND("(",Parameters!C66),100),IFERROR(FIND("(",Parameters!C66),100),IFERROR(FIND("[",Parameters!C66),100))-1)," ","") | H64: =IF(G64="","",_xlfn.CONCAT(G64,"_typ")) | I64: =IF(H64 = "","",_xlfn.CONCAT(H64," : STRUCT END_STRUCT;")) | J64: =IF(G64="","",_xlfn.CONCAT(G64," : ",H64,";")) | K64: =SUBSTITUTE(LEFT(Parameters!D66,IF(IFERROR(FIND("[",Parameters!D66),100)>IFERROR(FIND("(",Parameters!D66),100),IFERROR(FIND("(",Parameters!D66),100),IFERROR(FIND("[",Parameters!D66),100))-1)," ","") | M64: =IF(L64="","",_xlfn.CONCAT(L64,"_typ")) | N64: =IF(M64 = "","",_xlfn.CONCAT(M64," : STRUCT END_STRUCT;")) | O64: =IF(L64="","",_xlfn.CONCAT(L64," : ",M64,";")) | P64: =K64 | Q64: =Parameters!E66 -> 136 | R64: =Parameters!F66 -> VentDuration | S64: =IF(R64 = "","",_xlfn.CONCAT(R64," : REAL;")) -> VentDuration : REAL;
A65: =SUBSTITUTE(LEFT(Parameters!B67,IF(IFERROR(FIND("[",Parameters!B67),100)>IFERROR(FIND("(",Parameters!B67),100),IFERROR(FIND("(",Parameters!B67),100),IFERROR(FIND("[",Parameters!B67),100))-1)," ","") | C65: =IF(B65="","",_xlfn.CONCAT(B65,"_typ")) | D65: =IF(C65 = "","",_xlfn.CONCAT(C65," : STRUCT END_STRUCT;")) | E65: =IF(B65="","",_xlfn.CONCAT(B65," : ",C65,";")) | F65: =SUBSTITUTE(LEFT(Parameters!C67,IF(IFERROR(FIND("[",Parameters!C67),100)>IFERROR(FIND("(",Parameters!C67),100),IFERROR(FIND("(",Parameters!C67),100),IFERROR(FIND("[",Parameters!C67),100))-1)," ","") | H65: =IF(G65="","",_xlfn.CONCAT(G65,"_typ")) | I65: =IF(H65 = "","",_xlfn.CONCAT(H65," : STRUCT END_STRUCT;")) | J65: =IF(G65="","",_xlfn.CONCAT(G65," : ",H65,";")) | K65: =SUBSTITUTE(LEFT(Parameters!D67,IF(IFERROR(FIND("[",Parameters!D67),100)>IFERROR(FIND("(",Parameters!D67),100),IFERROR(FIND("(",Parameters!D67),100),IFERROR(FIND("[",Parameters!D67),100))-1)," ","") | M65: =IF(L65="","",_xlfn.CONCAT(L65,"_typ")) | N65: =IF(M65 = "","",_xlfn.CONCAT(M65," : STRUCT END_STRUCT;")) | O65: =IF(L65="","",_xlfn.CONCAT(L65," : ",M65,";")) | P65: =K65 | Q65: =Parameters!E67 -> 137 | R65: =Parameters!F67 -> AirVentingReserved2 | S65: =IF(R65 = "","",_xlfn.CONCAT(R65," : REAL;")) -> AirVentingReserved2 : REAL;
A66: =SUBSTITUTE(LEFT(Parameters!B68,IF(IFERROR(FIND("[",Parameters!B68),100)>IFERROR(FIND("(",Parameters!B68),100),IFERROR(FIND("(",Parameters!B68),100),IFERROR(FIND("[",Parameters!B68),100))-1)," ","") | C66: =IF(B66="","",_xlfn.CONCAT(B66,"_typ")) | D66: =IF(C66 = "","",_xlfn.CONCAT(C66," : STRUCT END_STRUCT;")) | E66: =IF(B66="","",_xlfn.CONCAT(B66," : ",C66,";")) | F66: =SUBSTITUTE(LEFT(Parameters!C68,IF(IFERROR(FIND("[",Parameters!C68),100)>IFERROR(FIND("(",Parameters!C68),100),IFERROR(FIND("(",Parameters!C68),100),IFERROR(FIND("[",Parameters!C68),100))-1)," ","") | H66: =IF(G66="","",_xlfn.CONCAT(G66,"_typ")) | I66: =IF(H66 = "","",_xlfn.CONCAT(H66," : STRUCT END_STRUCT;")) | J66: =IF(G66="","",_xlfn.CONCAT(G66," : ",H66,";")) | K66: =SUBSTITUTE(LEFT(Parameters!D68,IF(IFERROR(FIND("[",Parameters!D68),100)>IFERROR(FIND("(",Parameters!D68),100),IFERROR(FIND("(",Parameters!D68),100),IFERROR(FIND("[",Parameters!D68),100))-1)," ","") | M66: =IF(L66="","",_xlfn.CONCAT(L66,"_typ")) | N66: =IF(M66 = "","",_xlfn.CONCAT(M66," : STRUCT END_STRUCT;")) | O66: =IF(L66="","",_xlfn.CONCAT(L66," : ",M66,";")) | P66: =K66 | Q66: =Parameters!E68 -> 138 | R66: =Parameters!F68 -> AirVentingReserved3 | S66: =IF(R66 = "","",_xlfn.CONCAT(R66," : REAL;")) -> AirVentingReserved3 : REAL;
A67: =SUBSTITUTE(LEFT(Parameters!B69,IF(IFERROR(FIND("[",Parameters!B69),100)>IFERROR(FIND("(",Parameters!B69),100),IFERROR(FIND("(",Parameters!B69),100),IFERROR(FIND("[",Parameters!B69),100))-1)," ","") | C67: =IF(B67="","",_xlfn.CONCAT(B67,"_typ")) | D67: =IF(C67 = "","",_xlfn.CONCAT(C67," : STRUCT END_STRUCT;")) | E67: =IF(B67="","",_xlfn.CONCAT(B67," : ",C67,";")) | F67: =SUBSTITUTE(LEFT(Parameters!C69,IF(IFERROR(FIND("[",Parameters!C69),100)>IFERROR(FIND("(",Parameters!C69),100),IFERROR(FIND("(",Parameters!C69),100),IFERROR(FIND("[",Parameters!C69),100))-1)," ","") | H67: =IF(G67="","",_xlfn.CONCAT(G67,"_typ")) | I67: =IF(H67 = "","",_xlfn.CONCAT(H67," : STRUCT END_STRUCT;")) | J67: =IF(G67="","",_xlfn.CONCAT(G67," : ",H67,";")) | K67: =SUBSTITUTE(LEFT(Parameters!D69,IF(IFERROR(FIND("[",Parameters!D69),100)>IFERROR(FIND("(",Parameters!D69),100),IFERROR(FIND("(",Parameters!D69),100),IFERROR(FIND("[",Parameters!D69),100))-1)," ","") | M67: =IF(L67="","",_xlfn.CONCAT(L67,"_typ")) | N67: =IF(M67 = "","",_xlfn.CONCAT(M67," : STRUCT END_STRUCT;")) | O67: =IF(L67="","",_xlfn.CONCAT(L67," : ",M67,";")) | P67: =K67 | Q67: =Parameters!E69 -> 139 | R67: =Parameters!F69 -> AirVentingReserved4 | S67: =IF(R67 = "","",_xlfn.CONCAT(R67," : REAL;")) -> AirVentingReserved4 : REAL;
A68: =SUBSTITUTE(LEFT(Parameters!B70,IF(IFERROR(FIND("[",Parameters!B70),100)>IFERROR(FIND("(",Parameters!B70),100),IFERROR(FIND("(",Parameters!B70),100),IFERROR(FIND("[",Parameters!B70),100))-1)," ","") | C68: =IF(B68="","",_xlfn.CONCAT(B68,"_typ")) | D68: =IF(C68 = "","",_xlfn.CONCAT(C68," : STRUCT END_STRUCT;")) | E68: =IF(B68="","",_xlfn.CONCAT(B68," : ",C68,";")) | F68: =SUBSTITUTE(LEFT(Parameters!C70,IF(IFERROR(FIND("[",Parameters!C70),100)>IFERROR(FIND("(",Parameters!C70),100),IFERROR(FIND("(",Parameters!C70),100),IFERROR(FIND("[",Parameters!C70),100))-1)," ","") | H68: =IF(G68="","",_xlfn.CONCAT(G68,"_typ")) | I68: =IF(H68 = "","",_xlfn.CONCAT(H68," : STRUCT END_STRUCT;")) | J68: =IF(G68="","",_xlfn.CONCAT(G68," : ",H68,";")) | K68: =SUBSTITUTE(LEFT(Parameters!D70,IF(IFERROR(FIND("[",Parameters!D70),100)>IFERROR(FIND("(",Parameters!D70),100),IFERROR(FIND("(",Parameters!D70),100),IFERROR(FIND("[",Parameters!D70),100))-1)," ","") -> MOCSshutdown | M68: =IF(L68="","",_xlfn.CONCAT(L68,"_typ")) | N68: =IF(M68 = "","",_xlfn.CONCAT(M68," : STRUCT END_STRUCT;")) | O68: =IF(L68="","",_xlfn.CONCAT(L68," : ",M68,";")) | P68: =K68 -> MOCSshutdown | Q68: =Parameters!E70 -> 140 | R68: =Parameters!F70 -> MOCSShutdownReserved0 | S68: =IF(R68 = "","",_xlfn.CONCAT(R68," : REAL;")) -> MOCSShutdownReserved0 : REAL;
A69: =SUBSTITUTE(LEFT(Parameters!B71,IF(IFERROR(FIND("[",Parameters!B71),100)>IFERROR(FIND("(",Parameters!B71),100),IFERROR(FIND("(",Parameters!B71),100),IFERROR(FIND("[",Parameters!B71),100))-1)," ","") | C69: =IF(B69="","",_xlfn.CONCAT(B69,"_typ")) | D69: =IF(C69 = "","",_xlfn.CONCAT(C69," : STRUCT END_STRUCT;")) | E69: =IF(B69="","",_xlfn.CONCAT(B69," : ",C69,";")) | F69: =SUBSTITUTE(LEFT(Parameters!C71,IF(IFERROR(FIND("[",Parameters!C71),100)>IFERROR(FIND("(",Parameters!C71),100),IFERROR(FIND("(",Parameters!C71),100),IFERROR(FIND("[",Parameters!C71),100))-1)," ","") | H69: =IF(G69="","",_xlfn.CONCAT(G69,"_typ")) | I69: =IF(H69 = "","",_xlfn.CONCAT(H69," : STRUCT END_STRUCT;")) | J69: =IF(G69="","",_xlfn.CONCAT(G69," : ",H69,";")) | K69: =SUBSTITUTE(LEFT(Parameters!D71,IF(IFERROR(FIND("[",Parameters!D71),100)>IFERROR(FIND("(",Parameters!D71),100),IFERROR(FIND("(",Parameters!D71),100),IFERROR(FIND("[",Parameters!D71),100))-1)," ","") | M69: =IF(L69="","",_xlfn.CONCAT(L69,"_typ")) | N69: =IF(M69 = "","",_xlfn.CONCAT(M69," : STRUCT END_STRUCT;")) | O69: =IF(L69="","",_xlfn.CONCAT(L69," : ",M69,";")) | P69: =K69 | Q69: =Parameters!E71 -> 141 | R69: =Parameters!F71 -> MOCSShutdownReserved1 | S69: =IF(R69 = "","",_xlfn.CONCAT(R69," : REAL;")) -> MOCSShutdownReserved1 : REAL;
A70: =SUBSTITUTE(LEFT(Parameters!B72,IF(IFERROR(FIND("[",Parameters!B72),100)>IFERROR(FIND("(",Parameters!B72),100),IFERROR(FIND("(",Parameters!B72),100),IFERROR(FIND("[",Parameters!B72),100))-1)," ","") | C70: =IF(B70="","",_xlfn.CONCAT(B70,"_typ")) | D70: =IF(C70 = "","",_xlfn.CONCAT(C70," : STRUCT END_STRUCT;")) | E70: =IF(B70="","",_xlfn.CONCAT(B70," : ",C70,";")) | F70: =SUBSTITUTE(LEFT(Parameters!C72,IF(IFERROR(FIND("[",Parameters!C72),100)>IFERROR(FIND("(",Parameters!C72),100),IFERROR(FIND("(",Parameters!C72),100),IFERROR(FIND("[",Parameters!C72),100))-1)," ","") | H70: =IF(G70="","",_xlfn.CONCAT(G70,"_typ")) | I70: =IF(H70 = "","",_xlfn.CONCAT(H70," : STRUCT END_STRUCT;")) | J70: =IF(G70="","",_xlfn.CONCAT(G70," : ",H70,";")) | K70: =SUBSTITUTE(LEFT(Parameters!D72,IF(IFERROR(FIND("[",Parameters!D72),100)>IFERROR(FIND("(",Parameters!D72),100),IFERROR(FIND("(",Parameters!D72),100),IFERROR(FIND("[",Parameters!D72),100))-1)," ","") | M70: =IF(L70="","",_xlfn.CONCAT(L70,"_typ")) | N70: =IF(M70 = "","",_xlfn.CONCAT(M70," : STRUCT END_STRUCT;")) | O70: =IF(L70="","",_xlfn.CONCAT(L70," : ",M70,";")) | P70: =K70 | Q70: =Parameters!E72 -> 142 | R70: =Parameters!F72 -> MOCSShutdownReserved2 | S70: =IF(R70 = "","",_xlfn.CONCAT(R70," : REAL;")) -> MOCSShutdownReserved2 : REAL;
A71: =SUBSTITUTE(LEFT(Parameters!B73,IF(IFERROR(FIND("[",Parameters!B73),100)>IFERROR(FIND("(",Parameters!B73),100),IFERROR(FIND("(",Parameters!B73),100),IFERROR(FIND("[",Parameters!B73),100))-1)," ","") | C71: =IF(B71="","",_xlfn.CONCAT(B71,"_typ")) | D71: =IF(C71 = "","",_xlfn.CONCAT(C71," : STRUCT END_STRUCT;")) | E71: =IF(B71="","",_xlfn.CONCAT(B71," : ",C71,";")) | F71: =SUBSTITUTE(LEFT(Parameters!C73,IF(IFERROR(FIND("[",Parameters!C73),100)>IFERROR(FIND("(",Parameters!C73),100),IFERROR(FIND("(",Parameters!C73),100),IFERROR(FIND("[",Parameters!C73),100))-1)," ","") | H71: =IF(G71="","",_xlfn.CONCAT(G71,"_typ")) | I71: =IF(H71 = "","",_xlfn.CONCAT(H71," : STRUCT END_STRUCT;")) | J71: =IF(G71="","",_xlfn.CONCAT(G71," : ",H71,";")) | K71: =SUBSTITUTE(LEFT(Parameters!D73,IF(IFERROR(FIND("[",Parameters!D73),100)>IFERROR(FIND("(",Parameters!D73),100),IFERROR(FIND("(",Parameters!D73),100),IFERROR(FIND("[",Parameters!D73),100))-1)," ","") | M71: =IF(L71="","",_xlfn.CONCAT(L71,"_typ")) | N71: =IF(M71 = "","",_xlfn.CONCAT(M71," : STRUCT END_STRUCT;")) | O71: =IF(L71="","",_xlfn.CONCAT(L71," : ",M71,";")) | P71: =K71 | Q71: =Parameters!E73 -> 143 | R71: =Parameters!F73 -> MOCSShutdownReserved3 | S71: =IF(R71 = "","",_xlfn.CONCAT(R71," : REAL;")) -> MOCSShutdownReserved3 : REAL;
... A107: =SUBSTITUTE(LEFT(Parameters!B109,IF(IFERROR(FIND("[",Parameters!B109),100)>IFERROR(FIND("(",Parameters!B109),100),IFERROR(FIND("(",Parameters!B109),100),IFERROR(FIND("[",Parameters!B109),100))-1)," ","") | C107: =IF(B107="","",_xlfn.CONCAT(B107,"_typ")) | D107: =IF(C107 = "","",_xlfn.CONCAT(C107," : STRUCT END_STRUCT;")) | E107: =IF(B107="","",_xlfn.CONCAT(B107," : ",C107,";")) | F107: =SUBSTITUTE(LEFT(Parameters!C109,IF(IFERROR(FIND("[",Parameters!C109),100)>IFERROR(FIND("(",Parameters!C109),100),IFERROR(FIND("(",Parameters!C109),100),IFERROR(FIND("[",Parameters!C109),100))-1)," ","") | H107: =IF(G107="","",_xlfn.CONCAT(G107,"_typ")) | I107: =IF(H107 = "","",_xlfn.CONCAT(H107," : STRUCT END_STRUCT;")) | J107: =IF(G107="","",_xlfn.CONCAT(G107," : ",H107,";")) | K107: =SUBSTITUTE(LEFT(Parameters!D109,IF(IFERROR(FIND("[",Parameters!D109),100)>IFERROR(FIND("(",Parameters!D109),100),IFERROR(FIND("(",Parameters!D109),100),IFERROR(FIND("[",Parameters!D109),100))-1)," ","") | M107: =IF(L107="","",_xlfn.CONCAT(L107,"_typ")) | N107: =IF(M107 = "","",_xlfn.CONCAT(M107," : STRUCT END_STRUCT;")) | O107: =IF(L107="","",_xlfn.CONCAT(L107," : ",M107,";")) | P107: =K107 | Q107: =Parameters!E109 -> 179 | R107: =Parameters!F109 -> FODSFlushingReserved4 | S107: =IF(R107 = "","",_xlfn.CONCAT(R107," : REAL;")) -> FODSFlushingReserved4 : REAL;
A108: =SUBSTITUTE(LEFT(Parameters!B110,IF(IFERROR(FIND("[",Parameters!B110),100)>IFERROR(FIND("(",Parameters!B110),100),IFERROR(FIND("(",Parameters!B110),100),IFERROR(FIND("[",Parameters!B110),100))-1)," ","") | C108: =IF(B108="","",_xlfn.CONCAT(B108,"_typ")) | D108: =IF(C108 = "","",_xlfn.CONCAT(C108," : STRUCT END_STRUCT;")) | E108: =IF(B108="","",_xlfn.CONCAT(B108," : ",C108,";")) | F108: =SUBSTITUTE(LEFT(Parameters!C110,IF(IFERROR(FIND("[",Parameters!C110),100)>IFERROR(FIND("(",Parameters!C110),100),IFERROR(FIND("(",Parameters!C110),100),IFERROR(FIND("[",Parameters!C110),100))-1)," ","") -> CommonReservedCat2 | H108: =IF(G108="","",_xlfn.CONCAT(G108,"_typ")) | I108: =IF(H108 = "","",_xlfn.CONCAT(H108," : STRUCT END_STRUCT;")) | J108: =IF(G108="","",_xlfn.CONCAT(G108," : ",H108,";")) | K108: =SUBSTITUTE(LEFT(Parameters!D110,IF(IFERROR(FIND("[",Parameters!D110),100)>IFERROR(FIND("(",Parameters!D110),100),IFERROR(FIND("(",Parameters!D110),100),IFERROR(FIND("[",Parameters!D110),100))-1)," ","") -> CommonReservedCat3 | M108: =IF(L108="","",_xlfn.CONCAT(L108,"_typ")) | N108: =IF(M108 = "","",_xlfn.CONCAT(M108," : STRUCT END_STRUCT;")) | O108: =IF(L108="","",_xlfn.CONCAT(L108," : ",M108,";")) | P108: =K108 -> CommonReservedCat3 | Q108: =Parameters!E110 -> 180 | R108: =Parameters!F110 -> CommReserved180 | S108: =IF(R108 = "","",_xlfn.CONCAT(R108," : REAL;")) -> CommReserved180 : REAL; | U108: CommReserved180 | V108: =IF(U108 = "","",_xlfn.CONCAT(U108," : REAL;")) -> CommReserved180 : REAL;
A109: =SUBSTITUTE(LEFT(Parameters!B111,IF(IFERROR(FIND("[",Parameters!B111),100)>IFERROR(FIND("(",Parameters!B111),100),IFERROR(FIND("(",Parameters!B111),100),IFERROR(FIND("[",Parameters!B111),100))-1)," ","") | C109: =IF(B109="","",_xlfn.CONCAT(B109,"_typ")) | D109: =IF(C109 = "","",_xlfn.CONCAT(C109," : STRUCT END_STRUCT;")) | E109: =IF(B109="","",_xlfn.CONCAT(B109," : ",C109,";")) | F109: =SUBSTITUTE(LEFT(Parameters!C111,IF(IFERROR(FIND("[",Parameters!C111),100)>IFERROR(FIND("(",Parameters!C111),100),IFERROR(FIND("(",Parameters!C111),100),IFERROR(FIND("[",Parameters!C111),100))-1)," ","") | H109: =IF(G109="","",_xlfn.CONCAT(G109,"_typ")) | I109: =IF(H109 = "","",_xlfn.CONCAT(H109," : STRUCT END_STRUCT;")) | J109: =IF(G109="","",_xlfn.CONCAT(G109," : ",H109,";")) | K109: =SUBSTITUTE(LEFT(Parameters!D111,IF(IFERROR(FIND("[",Parameters!D111),100)>IFERROR(FIND("(",Parameters!D111),100),IFERROR(FIND("(",Parameters!D111),100),IFERROR(FIND("[",Parameters!D111),100))-1)," ","") | M109: =IF(L109="","",_xlfn.CONCAT(L109,"_typ")) | N109: =IF(M109 = "","",_xlfn.CONCAT(M109," : STRUCT END_STRUCT;")) | O109: =IF(L109="","",_xlfn.CONCAT(L109," : ",M109,";")) | P109: =K109 | Q109: =Parameters!E111 -> ... | R109: =Parameters!F111 -> ... | S109: =IF(R109 = "","",_xlfn.CONCAT(R109," : REAL;")) -> ... : REAL; | U109: CommReserved181 | V109: =IF(U109 = "","",_xlfn.CONCAT(U109," : REAL;")) -> CommReserved181 : REAL;
A110: =SUBSTITUTE(LEFT(Parameters!B112,IF(IFERROR(FIND("[",Parameters!B112),100)>IFERROR(FIND("(",Parameters!B112),100),IFERROR(FIND("(",Parameters!B112),100),IFERROR(FIND("[",Parameters!B112),100))-1)," ","") | C110: =IF(B110="","",_xlfn.CONCAT(B110,"_typ")) | D110: =IF(C110 = "","",_xlfn.CONCAT(C110," : STRUCT END_STRUCT;")) | E110: =IF(B110="","",_xlfn.CONCAT(B110," : ",C110,";")) | F110: =SUBSTITUTE(LEFT(Parameters!C112,IF(IFERROR(FIND("[",Parameters!C112),100)>IFERROR(FIND("(",Parameters!C112),100),IFERROR(FIND("(",Parameters!C112),100),IFERROR(FIND("[",Parameters!C112),100))-1)," ","") | H110: =IF(G110="","",_xlfn.CONCAT(G110,"_typ")) | I110: =IF(H110 = "","",_xlfn.CONCAT(H110," : STRUCT END_STRUCT;")) | J110: =IF(G110="","",_xlfn.CONCAT(G110," : ",H110,";")) | K110: =SUBSTITUTE(LEFT(Parameters!D112,IF(IFERROR(FIND("[",Parameters!D112),100)>IFERROR(FIND("(",Parameters!D112),100),IFERROR(FIND("(",Parameters!D112),100),IFERROR(FIND("[",Parameters!D112),100))-1)," ","") | M110: =IF(L110="","",_xlfn.CONCAT(L110,"_typ")) | N110: =IF(M110 = "","",_xlfn.CONCAT(M110," : STRUCT END_STRUCT;")) | O110: =IF(L110="","",_xlfn.CONCAT(L110," : ",M110,";")) | P110: =K110 | Q110: =Parameters!E112 -> 199 | R110: =Parameters!F112 -> CommReserved199 | S110: =IF(R110 = "","",_xlfn.CONCAT(R110," : REAL;")) -> CommReserved199 : REAL; | U110: CommReserved182 | V110: =IF(U110 = "","",_xlfn.CONCAT(U110," : REAL;")) -> CommReserved182 : REAL;
A111: =SUBSTITUTE(LEFT(Parameters!B113,IF(IFERROR(FIND("[",Parameters!B113),100)>IFERROR(FIND("(",Parameters!B113),100),IFERROR(FIND("(",Parameters!B113),100),IFERROR(FIND("[",Parameters!B113),100))-1)," ","") -> Indiv | C111: =IF(B111="","",_xlfn.CONCAT(B111,"_typ")) | D111: =IF(C111 = "","",_xlfn.CONCAT(C111," : STRUCT END_STRUCT;")) | E111: =IF(B111="","",_xlfn.CONCAT(B111," : ",C111,";")) | F111: =SUBSTITUTE(LEFT(Parameters!C113,IF(IFERROR(FIND("[",Parameters!C113),100)>IFERROR(FIND("(",Parameters!C113),100),IFERROR(FIND("(",Parameters!C113),100),IFERROR(FIND("[",Parameters!C113),100))-1)," ","") -> FODSFeedforward | H111: =IF(G111="","",_xlfn.CONCAT(G111,"_typ")) | I111: =IF(H111 = "","",_xlfn.CONCAT(H111," : STRUCT END_STRUCT;")) | J111: =IF(G111="","",_xlfn.CONCAT(G111," : ",H111,";")) | K111: =SUBSTITUTE(LEFT(Parameters!D113,IF(IFERROR(FIND("[",Parameters!D113),100)>IFERROR(FIND("(",Parameters!D113),100),IFERROR(FIND("(",Parameters!D113),100),IFERROR(FIND("[",Parameters!D113),100))-1)," ","") -> FFpara | M111: =IF(L111="","",_xlfn.CONCAT(L111,"_typ")) | N111: =IF(M111 = "","",_xlfn.CONCAT(M111," : STRUCT END_STRUCT;")) | O111: =IF(L111="","",_xlfn.CONCAT(L111," : ",M111,";")) | P111: =K111 -> FFpara | Q111: =Parameters!E113 -> 0 | R111: =Parameters!F113 -> NumTableRow | S111: =IF(R111 = "","",_xlfn.CONCAT(R111," : REAL;")) -> NumTableRow : REAL; | U111: CommReserved183 | V111: =IF(U111 = "","",_xlfn.CONCAT(U111," : REAL;")) -> CommReserved183 : REAL;
A112: =SUBSTITUTE(LEFT(Parameters!B114,IF(IFERROR(FIND("[",Parameters!B114),100)>IFERROR(FIND("(",Parameters!B114),100),IFERROR(FIND("(",Parameters!B114),100),IFERROR(FIND("[",Parameters!B114),100))-1)," ","") | C112: =IF(B112="","",_xlfn.CONCAT(B112,"_typ")) | D112: =IF(C112 = "","",_xlfn.CONCAT(C112," : STRUCT END_STRUCT;")) | E112: =IF(B112="","",_xlfn.CONCAT(B112," : ",C112,";")) | F112: =SUBSTITUTE(LEFT(Parameters!C114,IF(IFERROR(FIND("[",Parameters!C114),100)>IFERROR(FIND("(",Parameters!C114),100),IFERROR(FIND("(",Parameters!C114),100),IFERROR(FIND("[",Parameters!C114),100))-1)," ","") | H112: =IF(G112="","",_xlfn.CONCAT(G112,"_typ")) | I112: =IF(H112 = "","",_xlfn.CONCAT(H112," : STRUCT END_STRUCT;")) | J112: =IF(G112="","",_xlfn.CONCAT(G112," : ",H112,";")) | K112: =SUBSTITUTE(LEFT(Parameters!D114,IF(IFERROR(FIND("[",Parameters!D114),100)>IFERROR(FIND("(",Parameters!D114),100),IFERROR(FIND("(",Parameters!D114),100),IFERROR(FIND("[",Parameters!D114),100))-1)," ","") | M112: =IF(L112="","",_xlfn.CONCAT(L112,"_typ")) | N112: =IF(M112 = "","",_xlfn.CONCAT(M112," : STRUCT END_STRUCT;")) | O112: =IF(L112="","",_xlfn.CONCAT(L112," : ",M112,";")) | P112: =K112 | Q112: =Parameters!E114 -> 1 | R112: =Parameters!F114 -> HeatLossTemp | S112: =IF(R112 = "","",_xlfn.CONCAT(R112," : REAL;")) -> HeatLossTemp : REAL; | U112: CommReserved184 | V112: =IF(U112 = "","",_xlfn.CONCAT(U112," : REAL;")) -> CommReserved184 : REAL;
A113: =SUBSTITUTE(LEFT(Parameters!B115,IF(IFERROR(FIND("[",Parameters!B115),100)>IFERROR(FIND("(",Parameters!B115),100),IFERROR(FIND("(",Parameters!B115),100),IFERROR(FIND("[",Parameters!B115),100))-1)," ","") | C113: =IF(B113="","",_xlfn.CONCAT(B113,"_typ")) | D113: =IF(C113 = "","",_xlfn.CONCAT(C113," : STRUCT END_STRUCT;")) | E113: =IF(B113="","",_xlfn.CONCAT(B113," : ",C113,";")) | F113: =SUBSTITUTE(LEFT(Parameters!C115,IF(IFERROR(FIND("[",Parameters!C115),100)>IFERROR(FIND("(",Parameters!C115),100),IFERROR(FIND("(",Parameters!C115),100),IFERROR(FIND("[",Parameters!C115),100))-1)," ","") | H113: =IF(G113="","",_xlfn.CONCAT(G113,"_typ")) | I113: =IF(H113 = "","",_xlfn.CONCAT(H113," : STRUCT END_STRUCT;")) | J113: =IF(G113="","",_xlfn.CONCAT(G113," : ",H113,";")) | K113: =SUBSTITUTE(LEFT(Parameters!D115,IF(IFERROR(FIND("[",Parameters!D115),100)>IFERROR(FIND("(",Parameters!D115),100),IFERROR(FIND("(",Parameters!D115),100),IFERROR(FIND("[",Parameters!D115),100))-1)," ","") -> EngineLoad | M113: =IF(L113="","",_xlfn.CONCAT(L113,"_typ")) | N113: =IF(M113 = "","",_xlfn.CONCAT(M113," : STRUCT END_STRUCT;")) | O113: =IF(L113="","",_xlfn.CONCAT(L113," : ",M113,";")) | P113: =K113 -> EngineLoad | Q113: =Parameters!E115 -> 2 | R113: =Parameters!F115 -> EngineLoad0 | S113: =IF(R113 = "","",_xlfn.CONCAT(R113," : REAL;")) -> EngineLoad0 : REAL; | U113: CommReserved185 | V113: =IF(U113 = "","",_xlfn.CONCAT(U113," : REAL;")) -> CommReserved185 : REAL;
A114: =SUBSTITUTE(LEFT(Parameters!B116,IF(IFERROR(FIND("[",Parameters!B116),100)>IFERROR(FIND("(",Parameters!B116),100),IFERROR(FIND("(",Parameters!B116),100),IFERROR(FIND("[",Parameters!B116),100))-1)," ","") | C114: =IF(B114="","",_xlfn.CONCAT(B114,"_typ")) | D114: =IF(C114 = "","",_xlfn.CONCAT(C114," : STRUCT END_STRUCT;")) | E114: =IF(B114="","",_xlfn.CONCAT(B114," : ",C114,";")) | F114: =SUBSTITUTE(LEFT(Parameters!C116,IF(IFERROR(FIND("[",Parameters!C116),100)>IFERROR(FIND("(",Parameters!C116),100),IFERROR(FIND("(",Parameters!C116),100),IFERROR(FIND("[",Parameters!C116),100))-1)," ","") | H114: =IF(G114="","",_xlfn.CONCAT(G114,"_typ")) | I114: =IF(H114 = "","",_xlfn.CONCAT(H114," : STRUCT END_STRUCT;")) | J114: =IF(G114="","",_xlfn.CONCAT(G114," : ",H114,";")) | K114: =SUBSTITUTE(LEFT(Parameters!D116,IF(IFERROR(FIND("[",Parameters!D116),100)>IFERROR(FIND("(",Parameters!D116),100),IFERROR(FIND("(",Parameters!D116),100),IFERROR(FIND("[",Parameters!D116),100))-1)," ","") | M114: =IF(L114="","",_xlfn.CONCAT(L114,"_typ")) | N114: =IF(M114 = "","",_xlfn.CONCAT(M114," : STRUCT END_STRUCT;")) | O114: =IF(L114="","",_xlfn.CONCAT(L114," : ",M114,";")) | P114: =K114 | Q114: =Parameters!E116 -> 3 | R114: =Parameters!F116 -> EngineLoad1 | S114: =IF(R114 = "","",_xlfn.CONCAT(R114," : REAL;")) -> EngineLoad1 : REAL; | U114: CommReserved186 | V114: =IF(U114 = "","",_xlfn.CONCAT(U114," : REAL;")) -> CommReserved186 : REAL;
A115: =SUBSTITUTE(LEFT(Parameters!B117,IF(IFERROR(FIND("[",Parameters!B117),100)>IFERROR(FIND("(",Parameters!B117),100),IFERROR(FIND("(",Parameters!B117),100),IFERROR(FIND("[",Parameters!B117),100))-1)," ","") | C115: =IF(B115="","",_xlfn.CONCAT(B115,"_typ")) | D115: =IF(C115 = "","",_xlfn.CONCAT(C115," : STRUCT END_STRUCT;")) | E115: =IF(B115="","",_xlfn.CONCAT(B115," : ",C115,";")) | F115: =SUBSTITUTE(LEFT(Parameters!C117,IF(IFERROR(FIND("[",Parameters!C117),100)>IFERROR(FIND("(",Parameters!C117),100),IFERROR(FIND("(",Parameters!C117),100),IFERROR(FIND("[",Parameters!C117),100))-1)," ","") | H115: =IF(G115="","",_xlfn.CONCAT(G115,"_typ")) | I115: =IF(H115 = "","",_xlfn.CONCAT(H115," : STRUCT END_STRUCT;")) | J115: =IF(G115="","",_xlfn.CONCAT(G115," : ",H115,";")) | K115: =SUBSTITUTE(LEFT(Parameters!D117,IF(IFERROR(FIND("[",Parameters!D117),100)>IFERROR(FIND("(",Parameters!D117),100),IFERROR(FIND("(",Parameters!D117),100),IFERROR(FIND("[",Parameters!D117),100))-1)," ","") | M115: =IF(L115="","",_xlfn.CONCAT(L115,"_typ")) | N115: =IF(M115 = "","",_xlfn.CONCAT(M115," : STRUCT END_STRUCT;")) | O115: =IF(L115="","",_xlfn.CONCAT(L115," : ",M115,";")) | P115: =K115 | Q115: =Parameters!E117 -> 4 | R115: =Parameters!F117 -> EngineLoad2 | S115: =IF(R115 = "","",_xlfn.CONCAT(R115," : REAL;")) -> EngineLoad2 : REAL; | U115: CommReserved187 | V115: =IF(U115 = "","",_xlfn.CONCAT(U115," : REAL;")) -> CommReserved187 : REAL;
A116: =SUBSTITUTE(LEFT(Parameters!B118,IF(IFERROR(FIND("[",Parameters!B118),100)>IFERROR(FIND("(",Parameters!B118),100),IFERROR(FIND("(",Parameters!B118),100),IFERROR(FIND("[",Parameters!B118),100))-1)," ","") | C116: =IF(B116="","",_xlfn.CONCAT(B116,"_typ")) | D116: =IF(C116 = "","",_xlfn.CONCAT(C116," : STRUCT END_STRUCT;")) | E116: =IF(B116="","",_xlfn.CONCAT(B116," : ",C116,";")) | F116: =SUBSTITUTE(LEFT(Parameters!C118,IF(IFERROR(FIND("[",Parameters!C118),100)>IFERROR(FIND("(",Parameters!C118),100),IFERROR(FIND("(",Parameters!C118),100),IFERROR(FIND("[",Parameters!C118),100))-1)," ","") | H116: =IF(G116="","",_xlfn.CONCAT(G116,"_typ")) | I116: =IF(H116 = "","",_xlfn.CONCAT(H116," : STRUCT END_STRUCT;")) | J116: =IF(G116="","",_xlfn.CONCAT(G116," : ",H116,";")) | K116: =SUBSTITUTE(LEFT(Parameters!D118,IF(IFERROR(FIND("[",Parameters!D118),100)>IFERROR(FIND("(",Parameters!D118),100),IFERROR(FIND("(",Parameters!D118),100),IFERROR(FIND("[",Parameters!D118),100))-1)," ","") | M116: =IF(L116="","",_xlfn.CONCAT(L116,"_typ")) | N116: =IF(M116 = "","",_xlfn.CONCAT(M116," : STRUCT END_STRUCT;")) | O116: =IF(L116="","",_xlfn.CONCAT(L116," : ",M116,";")) | P116: =K116 | Q116: =Parameters!E118 -> 5 | R116: =Parameters!F118 -> EngineLoad3 | S116: =IF(R116 = "","",_xlfn.CONCAT(R116," : REAL;")) -> EngineLoad3 : REAL; | U116: CommReserved188 | V116: =IF(U116 = "","",_xlfn.CONCAT(U116," : REAL;")) -> CommReserved188 : REAL;
A117: =SUBSTITUTE(LEFT(Parameters!B119,IF(IFERROR(FIND("[",Parameters!B119),100)>IFERROR(FIND("(",Parameters!B119),100),IFERROR(FIND("(",Parameters!B119),100),IFERROR(FIND("[",Parameters!B119),100))-1)," ","") | C117: =IF(B117="","",_xlfn.CONCAT(B117,"_typ")) | D117: =IF(C117 = "","",_xlfn.CONCAT(C117," : STRUCT END_STRUCT;")) | E117: =IF(B117="","",_xlfn.CONCAT(B117," : ",C117,";")) | F117: =SUBSTITUTE(LEFT(Parameters!C119,IF(IFERROR(FIND("[",Parameters!C119),100)>IFERROR(FIND("(",Parameters!C119),100),IFERROR(FIND("(",Parameters!C119),100),IFERROR(FIND("[",Parameters!C119),100))-1)," ","") | H117: =IF(G117="","",_xlfn.CONCAT(G117,"_typ")) | I117: =IF(H117 = "","",_xlfn.CONCAT(H117," : STRUCT END_STRUCT;")) | J117: =IF(G117="","",_xlfn.CONCAT(G117," : ",H117,";")) | K117: =SUBSTITUTE(LEFT(Parameters!D119,IF(IFERROR(FIND("[",Parameters!D119),100)>IFERROR(FIND("(",Parameters!D119),100),IFERROR(FIND("(",Parameters!D119),100),IFERROR(FIND("[",Parameters!D119),100))-1)," ","") | M117: =IF(L117="","",_xlfn.CONCAT(L117,"_typ")) | N117: =IF(M117 = "","",_xlfn.CONCAT(M117," : STRUCT END_STRUCT;")) | O117: =IF(L117="","",_xlfn.CONCAT(L117," : ",M117,";")) | P117: =K117 | Q117: =Parameters!E119 -> 6 | R117: =Parameters!F119 -> EngineLoad4 | S117: =IF(R117 = "","",_xlfn.CONCAT(R117," : REAL;")) -> EngineLoad4 : REAL; | U117: CommReserved189 | V117: =IF(U117 = "","",_xlfn.CONCAT(U117," : REAL;")) -> CommReserved189 : REAL;
A118: =SUBSTITUTE(LEFT(Parameters!B120,IF(IFERROR(FIND("[",Parameters!B120),100)>IFERROR(FIND("(",Parameters!B120),100),IFERROR(FIND("(",Parameters!B120),100),IFERROR(FIND("[",Parameters!B120),100))-1)," ","") | C118: =IF(B118="","",_xlfn.CONCAT(B118,"_typ")) | D118: =IF(C118 = "","",_xlfn.CONCAT(C118," : STRUCT END_STRUCT;")) | E118: =IF(B118="","",_xlfn.CONCAT(B118," : ",C118,";")) | F118: =SUBSTITUTE(LEFT(Parameters!C120,IF(IFERROR(FIND("[",Parameters!C120),100)>IFERROR(FIND("(",Parameters!C120),100),IFERROR(FIND("(",Parameters!C120),100),IFERROR(FIND("[",Parameters!C120),100))-1)," ","") | H118: =IF(G118="","",_xlfn.CONCAT(G118,"_typ")) | I118: =IF(H118 = "","",_xlfn.CONCAT(H118," : STRUCT END_STRUCT;")) | J118: =IF(G118="","",_xlfn.CONCAT(G118," : ",H118,";")) | K118: =SUBSTITUTE(LEFT(Parameters!D120,IF(IFERROR(FIND("[",Parameters!D120),100)>IFERROR(FIND("(",Parameters!D120),100),IFERROR(FIND("(",Parameters!D120),100),IFERROR(FIND("[",Parameters!D120),100))-1)," ","") | M118: =IF(L118="","",_xlfn.CONCAT(L118,"_typ")) | N118: =IF(M118 = "","",_xlfn.CONCAT(M118," : STRUCT END_STRUCT;")) | O118: =IF(L118="","",_xlfn.CONCAT(L118," : ",M118,";")) | P118: =K118 | Q118: =Parameters!E120 -> 7 | R118: =Parameters!F120 -> EngineLoad5 | S118: =IF(R118 = "","",_xlfn.CONCAT(R118," : REAL;")) -> EngineLoad5 : REAL; | U118: CommReserved190 | V118: =IF(U118 = "","",_xlfn.CONCAT(U118," : REAL;")) -> CommReserved190 : REAL;
A119: =SUBSTITUTE(LEFT(Parameters!B121,IF(IFERROR(FIND("[",Parameters!B121),100)>IFERROR(FIND("(",Parameters!B121),100),IFERROR(FIND("(",Parameters!B121),100),IFERROR(FIND("[",Parameters!B121),100))-1)," ","") | C119: =IF(B119="","",_xlfn.CONCAT(B119,"_typ")) | D119: =IF(C119 = "","",_xlfn.CONCAT(C119," : STRUCT END_STRUCT;")) | E119: =IF(B119="","",_xlfn.CONCAT(B119," : ",C119,";")) | F119: =SUBSTITUTE(LEFT(Parameters!C121,IF(IFERROR(FIND("[",Parameters!C121),100)>IFERROR(FIND("(",Parameters!C121),100),IFERROR(FIND("(",Parameters!C121),100),IFERROR(FIND("[",Parameters!C121),100))-1)," ","") | H119: =IF(G119="","",_xlfn.CONCAT(G119,"_typ")) | I119: =IF(H119 = "","",_xlfn.CONCAT(H119," : STRUCT END_STRUCT;")) | J119: =IF(G119="","",_xlfn.CONCAT(G119," : ",H119,";")) | K119: =SUBSTITUTE(LEFT(Parameters!D121,IF(IFERROR(FIND("[",Parameters!D121),100)>IFERROR(FIND("(",Parameters!D121),100),IFERROR(FIND("(",Parameters!D121),100),IFERROR(FIND("[",Parameters!D121),100))-1)," ","") | M119: =IF(L119="","",_xlfn.CONCAT(L119,"_typ")) | N119: =IF(M119 = "","",_xlfn.CONCAT(M119," : STRUCT END_STRUCT;")) | O119: =IF(L119="","",_xlfn.CONCAT(L119," : ",M119,";")) | P119: =K119 | Q119: =Parameters!E121 -> 8 | R119: =Parameters!F121 -> EngineLoad6 | S119: =IF(R119 = "","",_xlfn.CONCAT(R119," : REAL;")) -> EngineLoad6 : REAL; | U119: CommReserved191 | V119: =IF(U119 = "","",_xlfn.CONCAT(U119," : REAL;")) -> CommReserved191 : REAL;
... A127: =SUBSTITUTE(LEFT(Parameters!B129,IF(IFERROR(FIND("[",Parameters!B129),100)>IFERROR(FIND("(",Parameters!B129),100),IFERROR(FIND("(",Parameters!B129),100),IFERROR(FIND("[",Parameters!B129),100))-1)," ","") | C127: =IF(B127="","",_xlfn.CONCAT(B127,"_typ")) | D127: =IF(C127 = "","",_xlfn.CONCAT(C127," : STRUCT END_STRUCT;")) | E127: =IF(B127="","",_xlfn.CONCAT(B127," : ",C127,";")) | F127: =SUBSTITUTE(LEFT(Parameters!C129,IF(IFERROR(FIND("[",Parameters!C129),100)>IFERROR(FIND("(",Parameters!C129),100),IFERROR(FIND("(",Parameters!C129),100),IFERROR(FIND("[",Parameters!C129),100))-1)," ","") | H127: =IF(G127="","",_xlfn.CONCAT(G127,"_typ")) | I127: =IF(H127 = "","",_xlfn.CONCAT(H127," : STRUCT END_STRUCT;")) | J127: =IF(G127="","",_xlfn.CONCAT(G127," : ",H127,";")) | K127: =SUBSTITUTE(LEFT(Parameters!D129,IF(IFERROR(FIND("[",Parameters!D129),100)>IFERROR(FIND("(",Parameters!D129),100),IFERROR(FIND("(",Parameters!D129),100),IFERROR(FIND("[",Parameters!D129),100))-1)," ","") | M127: =IF(L127="","",_xlfn.CONCAT(L127,"_typ")) | N127: =IF(M127 = "","",_xlfn.CONCAT(M127," : STRUCT END_STRUCT;")) | O127: =IF(L127="","",_xlfn.CONCAT(L127," : ",M127,";")) | P127: =K127 | Q127: =Parameters!E129 -> 16 | R127: =Parameters!F129 -> ExhFlowrate2 | S127: =IF(R127 = "","",_xlfn.CONCAT(R127," : REAL;")) -> ExhFlowrate2 : REAL; | U127: CommReserved199 | V127: =IF(U127 = "","",_xlfn.CONCAT(U127," : REAL;")) -> CommReserved199 : REAL;
A128: =SUBSTITUTE(LEFT(Parameters!B130,IF(IFERROR(FIND("[",Parameters!B130),100)>IFERROR(FIND("(",Parameters!B130),100),IFERROR(FIND("(",Parameters!B130),100),IFERROR(FIND("[",Parameters!B130),100))-1)," ","") | C128: =IF(B128="","",_xlfn.CONCAT(B128,"_typ")) | D128: =IF(C128 = "","",_xlfn.CONCAT(C128," : STRUCT END_STRUCT;")) | E128: =IF(B128="","",_xlfn.CONCAT(B128," : ",C128,";")) | F128: =SUBSTITUTE(LEFT(Parameters!C130,IF(IFERROR(FIND("[",Parameters!C130),100)>IFERROR(FIND("(",Parameters!C130),100),IFERROR(FIND("(",Parameters!C130),100),IFERROR(FIND("[",Parameters!C130),100))-1)," ","") | H128: =IF(G128="","",_xlfn.CONCAT(G128,"_typ")) | I128: =IF(H128 = "","",_xlfn.CONCAT(H128," : STRUCT END_STRUCT;")) | J128: =IF(G128="","",_xlfn.CONCAT(G128," : ",H128,";")) | K128: =SUBSTITUTE(LEFT(Parameters!D130,IF(IFERROR(FIND("[",Parameters!D130),100)>IFERROR(FIND("(",Parameters!D130),100),IFERROR(FIND("(",Parameters!D130),100),IFERROR(FIND("[",Parameters!D130),100))-1)," ","") | M128: =IF(L128="","",_xlfn.CONCAT(L128,"_typ")) | N128: =IF(M128 = "","",_xlfn.CONCAT(M128," : STRUCT END_STRUCT;")) | O128: =IF(L128="","",_xlfn.CONCAT(L128," : ",M128,";")) | P128: =K128 | Q128: =Parameters!E130 -> 17 | R128: =Parameters!F130 -> ExhFlowrate3 | S128: =IF(R128 = "","",_xlfn.CONCAT(R128," : REAL;")) -> ExhFlowrate3 : REAL;
A129: =SUBSTITUTE(LEFT(Parameters!B131,IF(IFERROR(FIND("[",Parameters!B131),100)>IFERROR(FIND("(",Parameters!B131),100),IFERROR(FIND("(",Parameters!B131),100),IFERROR(FIND("[",Parameters!B131),100))-1)," ","") | C129: =IF(B129="","",_xlfn.CONCAT(B129,"_typ")) | D129: =IF(C129 = "","",_xlfn.CONCAT(C129," : STRUCT END_STRUCT;")) | E129: =IF(B129="","",_xlfn.CONCAT(B129," : ",C129,";")) | F129: =SUBSTITUTE(LEFT(Parameters!C131,IF(IFERROR(FIND("[",Parameters!C131),100)>IFERROR(FIND("(",Parameters!C131),100),IFERROR(FIND("(",Parameters!C131),100),IFERROR(FIND("[",Parameters!C131),100))-1)," ","") | H129: =IF(G129="","",_xlfn.CONCAT(G129,"_typ")) | I129: =IF(H129 = "","",_xlfn.CONCAT(H129," : STRUCT END_STRUCT;")) | J129: =IF(G129="","",_xlfn.CONCAT(G129," : ",H129,";")) | K129: =SUBSTITUTE(LEFT(Parameters!D131,IF(IFERROR(FIND("[",Parameters!D131),100)>IFERROR(FIND("(",Parameters!D131),100),IFERROR(FIND("(",Parameters!D131),100),IFERROR(FIND("[",Parameters!D131),100))-1)," ","") | M129: =IF(L129="","",_xlfn.CONCAT(L129,"_typ")) | N129: =IF(M129 = "","",_xlfn.CONCAT(M129," : STRUCT END_STRUCT;")) | O129: =IF(L129="","",_xlfn.CONCAT(L129," : ",M129,";")) | P129: =K129 | Q129: =Parameters!E131 -> 18 | R129: =Parameters!F131 -> ExhFlowrate4 | S129: =IF(R129 = "","",_xlfn.CONCAT(R129," : REAL;")) -> ExhFlowrate4 : REAL;
A130: =SUBSTITUTE(LEFT(Parameters!B132,IF(IFERROR(FIND("[",Parameters!B132),100)>IFERROR(FIND("(",Parameters!B132),100),IFERROR(FIND("(",Parameters!B132),100),IFERROR(FIND("[",Parameters!B132),100))-1)," ","") | C130: =IF(B130="","",_xlfn.CONCAT(B130,"_typ")) | D130: =IF(C130 = "","",_xlfn.CONCAT(C130," : STRUCT END_STRUCT;")) | E130: =IF(B130="","",_xlfn.CONCAT(B130," : ",C130,";")) | F130: =SUBSTITUTE(LEFT(Parameters!C132,IF(IFERROR(FIND("[",Parameters!C132),100)>IFERROR(FIND("(",Parameters!C132),100),IFERROR(FIND("(",Parameters!C132),100),IFERROR(FIND("[",Parameters!C132),100))-1)," ","") | H130: =IF(G130="","",_xlfn.CONCAT(G130,"_typ")) | I130: =IF(H130 = "","",_xlfn.CONCAT(H130," : STRUCT END_STRUCT;")) | J130: =IF(G130="","",_xlfn.CONCAT(G130," : ",H130,";")) | K130: =SUBSTITUTE(LEFT(Parameters!D132,IF(IFERROR(FIND("[",Parameters!D132),100)>IFERROR(FIND("(",Parameters!D132),100),IFERROR(FIND("(",Parameters!D132),100),IFERROR(FIND("[",Parameters!D132),100))-1)," ","") | M130: =IF(L130="","",_xlfn.CONCAT(L130,"_typ")) | N130: =IF(M130 = "","",_xlfn.CONCAT(M130," : STRUCT END_STRUCT;")) | O130: =IF(L130="","",_xlfn.CONCAT(L130," : ",M130,";")) | P130: =K130 | Q130: =Parameters!E132 -> 19 | R130: =Parameters!F132 -> ExhFlowrate5 | S130: =IF(R130 = "","",_xlfn.CONCAT(R130," : REAL;")) -> ExhFlowrate5 : REAL;
A131: =SUBSTITUTE(LEFT(Parameters!B133,IF(IFERROR(FIND("[",Parameters!B133),100)>IFERROR(FIND("(",Parameters!B133),100),IFERROR(FIND("(",Parameters!B133),100),IFERROR(FIND("[",Parameters!B133),100))-1)," ","") | C131: =IF(B131="","",_xlfn.CONCAT(B131,"_typ")) | D131: =IF(C131 = "","",_xlfn.CONCAT(C131," : STRUCT END_STRUCT;")) | E131: =IF(B131="","",_xlfn.CONCAT(B131," : ",C131,";")) | F131: =SUBSTITUTE(LEFT(Parameters!C133,IF(IFERROR(FIND("[",Parameters!C133),100)>IFERROR(FIND("(",Parameters!C133),100),IFERROR(FIND("(",Parameters!C133),100),IFERROR(FIND("[",Parameters!C133),100))-1)," ","") | H131: =IF(G131="","",_xlfn.CONCAT(G131,"_typ")) | I131: =IF(H131 = "","",_xlfn.CONCAT(H131," : STRUCT END_STRUCT;")) | J131: =IF(G131="","",_xlfn.CONCAT(G131," : ",H131,";")) | K131: =SUBSTITUTE(LEFT(Parameters!D133,IF(IFERROR(FIND("[",Parameters!D133),100)>IFERROR(FIND("(",Parameters!D133),100),IFERROR(FIND("(",Parameters!D133),100),IFERROR(FIND("[",Parameters!D133),100))-1)," ","") | M131: =IF(L131="","",_xlfn.CONCAT(L131,"_typ")) | N131: =IF(M131 = "","",_xlfn.CONCAT(M131," : STRUCT END_STRUCT;")) | O131: =IF(L131="","",_xlfn.CONCAT(L131," : ",M131,";")) | P131: =K131 | Q131: =Parameters!E133 -> 20 | R131: =Parameters!F133 -> ExhFlowrate6 | S131: =IF(R131 = "","",_xlfn.CONCAT(R131," : REAL;")) -> ExhFlowrate6 : REAL;
A132: =SUBSTITUTE(LEFT(Parameters!B134,IF(IFERROR(FIND("[",Parameters!B134),100)>IFERROR(FIND("(",Parameters!B134),100),IFERROR(FIND("(",Parameters!B134),100),IFERROR(FIND("[",Parameters!B134),100))-1)," ","") | C132: =IF(B132="","",_xlfn.CONCAT(B132,"_typ")) | D132: =IF(C132 = "","",_xlfn.CONCAT(C132," : STRUCT END_STRUCT;")) | E132: =IF(B132="","",_xlfn.CONCAT(B132," : ",C132,";")) | F132: =SUBSTITUTE(LEFT(Parameters!C134,IF(IFERROR(FIND("[",Parameters!C134),100)>IFERROR(FIND("(",Parameters!C134),100),IFERROR(FIND("(",Parameters!C134),100),IFERROR(FIND("[",Parameters!C134),100))-1)," ","") | H132: =IF(G132="","",_xlfn.CONCAT(G132,"_typ")) | I132: =IF(H132 = "","",_xlfn.CONCAT(H132," : STRUCT END_STRUCT;")) | J132: =IF(G132="","",_xlfn.CONCAT(G132," : ",H132,";")) | K132: =SUBSTITUTE(LEFT(Parameters!D134,IF(IFERROR(FIND("[",Parameters!D134),100)>IFERROR(FIND("(",Parameters!D134),100),IFERROR(FIND("(",Parameters!D134),100),IFERROR(FIND("[",Parameters!D134),100))-1)," ","") | M132: =IF(L132="","",_xlfn.CONCAT(L132,"_typ")) | N132: =IF(M132 = "","",_xlfn.CONCAT(M132," : STRUCT END_STRUCT;")) | O132: =IF(L132="","",_xlfn.CONCAT(L132," : ",M132,";")) | P132: =K132 | Q132: =Parameters!E134 -> 21 | R132: =Parameters!F134 -> ExhFlowrate7 | S132: =IF(R132 = "","",_xlfn.CONCAT(R132," : REAL;")) -> ExhFlowrate7 : REAL;
A133: =SUBSTITUTE(LEFT(Parameters!B135,IF(IFERROR(FIND("[",Parameters!B135),100)>IFERROR(FIND("(",Parameters!B135),100),IFERROR(FIND("(",Parameters!B135),100),IFERROR(FIND("[",Parameters!B135),100))-1)," ","") | C133: =IF(B133="","",_xlfn.CONCAT(B133,"_typ")) | D133: =IF(C133 = "","",_xlfn.CONCAT(C133," : STRUCT END_STRUCT;")) | E133: =IF(B133="","",_xlfn.CONCAT(B133," : ",C133,";")) | F133: =SUBSTITUTE(LEFT(Parameters!C135,IF(IFERROR(FIND("[",Parameters!C135),100)>IFERROR(FIND("(",Parameters!C135),100),IFERROR(FIND("(",Parameters!C135),100),IFERROR(FIND("[",Parameters!C135),100))-1)," ","") | H133: =IF(G133="","",_xlfn.CONCAT(G133,"_typ")) | I133: =IF(H133 = "","",_xlfn.CONCAT(H133," : STRUCT END_STRUCT;")) | J133: =IF(G133="","",_xlfn.CONCAT(G133," : ",H133,";")) | K133: =SUBSTITUTE(LEFT(Parameters!D135,IF(IFERROR(FIND("[",Parameters!D135),100)>IFERROR(FIND("(",Parameters!D135),100),IFERROR(FIND("(",Parameters!D135),100),IFERROR(FIND("[",Parameters!D135),100))-1)," ","") | M133: =IF(L133="","",_xlfn.CONCAT(L133,"_typ")) | N133: =IF(M133 = "","",_xlfn.CONCAT(M133," : STRUCT END_STRUCT;")) | O133: =IF(L133="","",_xlfn.CONCAT(L133," : ",M133,";")) | P133: =K133 | Q133: =Parameters!E135 -> 22 | R133: =Parameters!F135 -> ExhFlowrate8 | S133: =IF(R133 = "","",_xlfn.CONCAT(R133," : REAL;")) -> ExhFlowrate8 : REAL;
A134: =SUBSTITUTE(LEFT(Parameters!B136,IF(IFERROR(FIND("[",Parameters!B136),100)>IFERROR(FIND("(",Parameters!B136),100),IFERROR(FIND("(",Parameters!B136),100),IFERROR(FIND("[",Parameters!B136),100))-1)," ","") | C134: =IF(B134="","",_xlfn.CONCAT(B134,"_typ")) | D134: =IF(C134 = "","",_xlfn.CONCAT(C134," : STRUCT END_STRUCT;")) | E134: =IF(B134="","",_xlfn.CONCAT(B134," : ",C134,";")) | F134: =SUBSTITUTE(LEFT(Parameters!C136,IF(IFERROR(FIND("[",Parameters!C136),100)>IFERROR(FIND("(",Parameters!C136),100),IFERROR(FIND("(",Parameters!C136),100),IFERROR(FIND("[",Parameters!C136),100))-1)," ","") | H134: =IF(G134="","",_xlfn.CONCAT(G134,"_typ")) | I134: =IF(H134 = "","",_xlfn.CONCAT(H134," : STRUCT END_STRUCT;")) | J134: =IF(G134="","",_xlfn.CONCAT(G134," : ",H134,";")) | K134: =SUBSTITUTE(LEFT(Parameters!D136,IF(IFERROR(FIND("[",Parameters!D136),100)>IFERROR(FIND("(",Parameters!D136),100),IFERROR(FIND("(",Parameters!D136),100),IFERROR(FIND("[",Parameters!D136),100))-1)," ","") | M134: =IF(L134="","",_xlfn.CONCAT(L134,"_typ")) | N134: =IF(M134 = "","",_xlfn.CONCAT(M134," : STRUCT END_STRUCT;")) | O134: =IF(L134="","",_xlfn.CONCAT(L134," : ",M134,";")) | P134: =K134 | Q134: =Parameters!E136 -> 23 | R134: =Parameters!F136 -> ExhFlowrate9 | S134: =IF(R134 = "","",_xlfn.CONCAT(R134," : REAL;")) -> ExhFlowrate9 : REAL;
A135: =SUBSTITUTE(LEFT(Parameters!B137,IF(IFERROR(FIND("[",Parameters!B137),100)>IFERROR(FIND("(",Parameters!B137),100),IFERROR(FIND("(",Parameters!B137),100),IFERROR(FIND("[",Parameters!B137),100))-1)," ","") | C135: =IF(B135="","",_xlfn.CONCAT(B135,"_typ")) | D135: =IF(C135 = "","",_xlfn.CONCAT(C135," : STRUCT END_STRUCT;")) | E135: =IF(B135="","",_xlfn.CONCAT(B135," : ",C135,";")) | F135: =SUBSTITUTE(LEFT(Parameters!C137,IF(IFERROR(FIND("[",Parameters!C137),100)>IFERROR(FIND("(",Parameters!C137),100),IFERROR(FIND("(",Parameters!C137),100),IFERROR(FIND("[",Parameters!C137),100))-1)," ","") | H135: =IF(G135="","",_xlfn.CONCAT(G135,"_typ")) | I135: =IF(H135 = "","",_xlfn.CONCAT(H135," : STRUCT END_STRUCT;")) | J135: =IF(G135="","",_xlfn.CONCAT(G135," : ",H135,";")) | K135: =SUBSTITUTE(LEFT(Parameters!D137,IF(IFERROR(FIND("[",Parameters!D137),100)>IFERROR(FIND("(",Parameters!D137),100),IFERROR(FIND("(",Parameters!D137),100),IFERROR(FIND("[",Parameters!D137),100))-1)," ","") | M135: =IF(L135="","",_xlfn.CONCAT(L135,"_typ")) | N135: =IF(M135 = "","",_xlfn.CONCAT(M135," : STRUCT END_STRUCT;")) | O135: =IF(L135="","",_xlfn.CONCAT(L135," : ",M135,";")) | P135: =K135 | Q135: =Parameters!E137 -> 24 | R135: =Parameters!F137 -> ExhFlowrate10 | S135: =IF(R135 = "","",_xlfn.CONCAT(R135," : REAL;")) -> ExhFlowrate10 : REAL;
A136: =SUBSTITUTE(LEFT(Parameters!B138,IF(IFERROR(FIND("[",Parameters!B138),100)>IFERROR(FIND("(",Parameters!B138),100),IFERROR(FIND("(",Parameters!B138),100),IFERROR(FIND("[",Parameters!B138),100))-1)," ","") | C136: =IF(B136="","",_xlfn.CONCAT(B136,"_typ")) | D136: =IF(C136 = "","",_xlfn.CONCAT(C136," : STRUCT END_STRUCT;")) | E136: =IF(B136="","",_xlfn.CONCAT(B136," : ",C136,";")) | F136: =SUBSTITUTE(LEFT(Parameters!C138,IF(IFERROR(FIND("[",Parameters!C138),100)>IFERROR(FIND("(",Parameters!C138),100),IFERROR(FIND("(",Parameters!C138),100),IFERROR(FIND("[",Parameters!C138),100))-1)," ","") | H136: =IF(G136="","",_xlfn.CONCAT(G136,"_typ")) | I136: =IF(H136 = "","",_xlfn.CONCAT(H136," : STRUCT END_STRUCT;")) | J136: =IF(G136="","",_xlfn.CONCAT(G136," : ",H136,";")) | K136: =SUBSTITUTE(LEFT(Parameters!D138,IF(IFERROR(FIND("[",Parameters!D138),100)>IFERROR(FIND("(",Parameters!D138),100),IFERROR(FIND("(",Parameters!D138),100),IFERROR(FIND("[",Parameters!D138),100))-1)," ","") | M136: =IF(L136="","",_xlfn.CONCAT(L136,"_typ")) | N136: =IF(M136 = "","",_xlfn.CONCAT(M136," : STRUCT END_STRUCT;")) | O136: =IF(L136="","",_xlfn.CONCAT(L136," : ",M136,";")) | P136: =K136 | Q136: =Parameters!E138 -> 25 | R136: =Parameters!F138 -> ExhFlowrate11 | S136: =IF(R136 = "","",_xlfn.CONCAT(R136," : REAL;")) -> ExhFlowrate11 : REAL;
A137: =SUBSTITUTE(LEFT(Parameters!B139,IF(IFERROR(FIND("[",Parameters!B139),100)>IFERROR(FIND("(",Parameters!B139),100),IFERROR(FIND("(",Parameters!B139),100),IFERROR(FIND("[",Parameters!B139),100))-1)," ","") | C137: =IF(B137="","",_xlfn.CONCAT(B137,"_typ")) | D137: =IF(C137 = "","",_xlfn.CONCAT(C137," : STRUCT END_STRUCT;")) | E137: =IF(B137="","",_xlfn.CONCAT(B137," : ",C137,";")) | F137: =SUBSTITUTE(LEFT(Parameters!C139,IF(IFERROR(FIND("[",Parameters!C139),100)>IFERROR(FIND("(",Parameters!C139),100),IFERROR(FIND("(",Parameters!C139),100),IFERROR(FIND("[",Parameters!C139),100))-1)," ","") | H137: =IF(G137="","",_xlfn.CONCAT(G137,"_typ")) | I137: =IF(H137 = "","",_xlfn.CONCAT(H137," : STRUCT END_STRUCT;")) | J137: =IF(G137="","",_xlfn.CONCAT(G137," : ",H137,";")) | K137: =SUBSTITUTE(LEFT(Parameters!D139,IF(IFERROR(FIND("[",Parameters!D139),100)>IFERROR(FIND("(",Parameters!D139),100),IFERROR(FIND("(",Parameters!D139),100),IFERROR(FIND("[",Parameters!D139),100))-1)," ","") -> HUInletRefTemp | M137: =IF(L137="","",_xlfn.CONCAT(L137,"_typ")) | N137: =IF(M137 = "","",_xlfn.CONCAT(M137," : STRUCT END_STRUCT;")) | O137: =IF(L137="","",_xlfn.CONCAT(L137," : ",M137,";")) | P137: =K137 -> HUInletRefTemp | Q137: =Parameters!E139 -> 26 | R137: =Parameters!F139 -> HUInletRefTemp0 | S137: =IF(R137 = "","",_xlfn.CONCAT(R137," : REAL;")) -> HUInletRefTemp0 : REAL;
A138: =SUBSTITUTE(LEFT(Parameters!B140,IF(IFERROR(FIND("[",Parameters!B140),100)>IFERROR(FIND("(",Parameters!B140),100),IFERROR(FIND("(",Parameters!B140),100),IFERROR(FIND("[",Parameters!B140),100))-1)," ","") | C138: =IF(B138="","",_xlfn.CONCAT(B138,"_typ")) | D138: =IF(C138 = "","",_xlfn.CONCAT(C138," : STRUCT END_STRUCT;")) | E138: =IF(B138="","",_xlfn.CONCAT(B138," : ",C138,";")) | F138: =SUBSTITUTE(LEFT(Parameters!C140,IF(IFERROR(FIND("[",Parameters!C140),100)>IFERROR(FIND("(",Parameters!C140),100),IFERROR(FIND("(",Parameters!C140),100),IFERROR(FIND("[",Parameters!C140),100))-1)," ","") | H138: =IF(G138="","",_xlfn.CONCAT(G138,"_typ")) | I138: =IF(H138 = "","",_xlfn.CONCAT(H138," : STRUCT END_STRUCT;")) | J138: =IF(G138="","",_xlfn.CONCAT(G138," : ",H138,";")) | K138: =SUBSTITUTE(LEFT(Parameters!D140,IF(IFERROR(FIND("[",Parameters!D140),100)>IFERROR(FIND("(",Parameters!D140),100),IFERROR(FIND("(",Parameters!D140),100),IFERROR(FIND("[",Parameters!D140),100))-1)," ","") | M138: =IF(L138="","",_xlfn.CONCAT(L138,"_typ")) | N138: =IF(M138 = "","",_xlfn.CONCAT(M138," : STRUCT END_STRUCT;")) | O138: =IF(L138="","",_xlfn.CONCAT(L138," : ",M138,";")) | P138: =K138 | Q138: =Parameters!E140 -> 27 | R138: =Parameters!F140 -> HUInletRefTemp1 | S138: =IF(R138 = "","",_xlfn.CONCAT(R138," : REAL;")) -> HUInletRefTemp1 : REAL;
A139: =SUBSTITUTE(LEFT(Parameters!B141,IF(IFERROR(FIND("[",Parameters!B141),100)>IFERROR(FIND("(",Parameters!B141),100),IFERROR(FIND("(",Parameters!B141),100),IFERROR(FIND("[",Parameters!B141),100))-1)," ","") | C139: =IF(B139="","",_xlfn.CONCAT(B139,"_typ")) | D139: =IF(C139 = "","",_xlfn.CONCAT(C139," : STRUCT END_STRUCT;")) | E139: =IF(B139="","",_xlfn.CONCAT(B139," : ",C139,";")) | F139: =SUBSTITUTE(LEFT(Parameters!C141,IF(IFERROR(FIND("[",Parameters!C141),100)>IFERROR(FIND("(",Parameters!C141),100),IFERROR(FIND("(",Parameters!C141),100),IFERROR(FIND("[",Parameters!C141),100))-1)," ","") | H139: =IF(G139="","",_xlfn.CONCAT(G139,"_typ")) | I139: =IF(H139 = "","",_xlfn.CONCAT(H139," : STRUCT END_STRUCT;")) | J139: =IF(G139="","",_xlfn.CONCAT(G139," : ",H139,";")) | K139: =SUBSTITUTE(LEFT(Parameters!D141,IF(IFERROR(FIND("[",Parameters!D141),100)>IFERROR(FIND("(",Parameters!D141),100),IFERROR(FIND("(",Parameters!D141),100),IFERROR(FIND("[",Parameters!D141),100))-1)," ","") | M139: =IF(L139="","",_xlfn.CONCAT(L139,"_typ")) | N139: =IF(M139 = "","",_xlfn.CONCAT(M139," : STRUCT END_STRUCT;")) | O139: =IF(L139="","",_xlfn.CONCAT(L139," : ",M139,";")) | P139: =K139 | Q139: =Parameters!E141 -> 28 | R139: =Parameters!F141 -> HUInletRefTemp2 | S139: =IF(R139 = "","",_xlfn.CONCAT(R139," : REAL;")) -> HUInletRefTemp2 : REAL;
... A185: =SUBSTITUTE(LEFT(Parameters!B187,IF(IFERROR(FIND("[",Parameters!B187),100)>IFERROR(FIND("(",Parameters!B187),100),IFERROR(FIND("(",Parameters!B187),100),IFERROR(FIND("[",Parameters!B187),100))-1)," ","") | C185: =IF(B185="","",_xlfn.CONCAT(B185,"_typ")) | D185: =IF(C185 = "","",_xlfn.CONCAT(C185," : STRUCT END_STRUCT;")) | E185: =IF(B185="","",_xlfn.CONCAT(B185," : ",C185,";")) | F185: =SUBSTITUTE(LEFT(Parameters!C187,IF(IFERROR(FIND("[",Parameters!C187),100)>IFERROR(FIND("(",Parameters!C187),100),IFERROR(FIND("(",Parameters!C187),100),IFERROR(FIND("[",Parameters!C187),100))-1)," ","") | H185: =IF(G185="","",_xlfn.CONCAT(G185,"_typ")) | I185: =IF(H185 = "","",_xlfn.CONCAT(H185," : STRUCT END_STRUCT;")) | J185: =IF(G185="","",_xlfn.CONCAT(G185," : ",H185,";")) | K185: =SUBSTITUTE(LEFT(Parameters!D187,IF(IFERROR(FIND("[",Parameters!D187),100)>IFERROR(FIND("(",Parameters!D187),100),IFERROR(FIND("(",Parameters!D187),100),IFERROR(FIND("[",Parameters!D187),100))-1)," ","") | M185: =IF(L185="","",_xlfn.CONCAT(L185,"_typ")) | N185: =IF(M185 = "","",_xlfn.CONCAT(M185," : STRUCT END_STRUCT;")) | O185: =IF(L185="","",_xlfn.CONCAT(L185," : ",M185,";")) | P185: =K185 | Q185: =Parameters!E187 -> 74 | R185: =Parameters!F187 -> FODSFeedbackReserved24 | S185: =IF(R185 = "","",_xlfn.CONCAT(R185," : REAL;")) -> FODSFeedbackReserved24 : REAL;
A186: =SUBSTITUTE(LEFT(Parameters!B188,IF(IFERROR(FIND("[",Parameters!B188),100)>IFERROR(FIND("(",Parameters!B188),100),IFERROR(FIND("(",Parameters!B188),100),IFERROR(FIND("[",Parameters!B188),100))-1)," ","") | C186: =IF(B186="","",_xlfn.CONCAT(B186,"_typ")) | D186: =IF(C186 = "","",_xlfn.CONCAT(C186," : STRUCT END_STRUCT;")) | E186: =IF(B186="","",_xlfn.CONCAT(B186," : ",C186,";")) | F186: =SUBSTITUTE(LEFT(Parameters!C188,IF(IFERROR(FIND("[",Parameters!C188),100)>IFERROR(FIND("(",Parameters!C188),100),IFERROR(FIND("(",Parameters!C188),100),IFERROR(FIND("[",Parameters!C188),100))-1)," ","") -> IndivReservedCat2 | H186: =IF(G186="","",_xlfn.CONCAT(G186,"_typ")) | I186: =IF(H186 = "","",_xlfn.CONCAT(H186," : STRUCT END_STRUCT;")) | J186: =IF(G186="","",_xlfn.CONCAT(G186," : ",H186,";")) | K186: =SUBSTITUTE(LEFT(Parameters!D188,IF(IFERROR(FIND("[",Parameters!D188),100)>IFERROR(FIND("(",Parameters!D188),100),IFERROR(FIND("(",Parameters!D188),100),IFERROR(FIND("[",Parameters!D188),100))-1)," ","") -> IndivReservedCat3 | M186: =IF(L186="","",_xlfn.CONCAT(L186,"_typ")) | N186: =IF(M186 = "","",_xlfn.CONCAT(M186," : STRUCT END_STRUCT;")) | O186: =IF(L186="","",_xlfn.CONCAT(L186," : ",M186,";")) | P186: =K186 -> IndivReservedCat3 | Q186: =Parameters!E188 -> 75 | R186: =Parameters!F188 -> IndivReserved75 | S186: =IF(R186 = "","",_xlfn.CONCAT(R186," : REAL;")) -> IndivReserved75 : REAL; | U186: IndivReserved75 | V186: =IF(U186 = "","",_xlfn.CONCAT(U186," : REAL;")) -> IndivReserved75 : REAL;
A187: =SUBSTITUTE(LEFT(Parameters!B189,IF(IFERROR(FIND("[",Parameters!B189),100)>IFERROR(FIND("(",Parameters!B189),100),IFERROR(FIND("(",Parameters!B189),100),IFERROR(FIND("[",Parameters!B189),100))-1)," ","") | C187: =IF(B187="","",_xlfn.CONCAT(B187,"_typ")) | D187: =IF(C187 = "","",_xlfn.CONCAT(C187," : STRUCT END_STRUCT;")) | E187: =IF(B187="","",_xlfn.CONCAT(B187," : ",C187,";")) | F187: =SUBSTITUTE(LEFT(Parameters!C189,IF(IFERROR(FIND("[",Parameters!C189),100)>IFERROR(FIND("(",Parameters!C189),100),IFERROR(FIND("(",Parameters!C189),100),IFERROR(FIND("[",Parameters!C189),100))-1)," ","") | H187: =IF(G187="","",_xlfn.CONCAT(G187,"_typ")) | I187: =IF(H187 = "","",_xlfn.CONCAT(H187," : STRUCT END_STRUCT;")) | J187: =IF(G187="","",_xlfn.CONCAT(G187," : ",H187,";")) | K187: =SUBSTITUTE(LEFT(Parameters!D189,IF(IFERROR(FIND("[",Parameters!D189),100)>IFERROR(FIND("(",Parameters!D189),100),IFERROR(FIND("(",Parameters!D189),100),IFERROR(FIND("[",Parameters!D189),100))-1)," ","") | M187: =IF(L187="","",_xlfn.CONCAT(L187,"_typ")) | N187: =IF(M187 = "","",_xlfn.CONCAT(M187," : STRUCT END_STRUCT;")) | O187: =IF(L187="","",_xlfn.CONCAT(L187," : ",M187,";")) | P187: =K187 | Q187: =Parameters!E189 -> ... | R187: =Parameters!F189 -> ... | S187: =IF(R187 = "","",_xlfn.CONCAT(R187," : REAL;")) -> ... : REAL; | U187: IndivReserved76 | V187: =IF(U187 = "","",_xlfn.CONCAT(U187," : REAL;")) -> IndivReserved76 : REAL;
A188: =SUBSTITUTE(LEFT(Parameters!B190,IF(IFERROR(FIND("[",Parameters!B190),100)>IFERROR(FIND("(",Parameters!B190),100),IFERROR(FIND("(",Parameters!B190),100),IFERROR(FIND("[",Parameters!B190),100))-1)," ","") | C188: =IF(B188="","",_xlfn.CONCAT(B188,"_typ")) | D188: =IF(C188 = "","",_xlfn.CONCAT(C188," : STRUCT END_STRUCT;")) | E188: =IF(B188="","",_xlfn.CONCAT(B188," : ",C188,";")) | F188: =SUBSTITUTE(LEFT(Parameters!C190,IF(IFERROR(FIND("[",Parameters!C190),100)>IFERROR(FIND("(",Parameters!C190),100),IFERROR(FIND("(",Parameters!C190),100),IFERROR(FIND("[",Parameters!C190),100))-1)," ","") | H188: =IF(G188="","",_xlfn.CONCAT(G188,"_typ")) | I188: =IF(H188 = "","",_xlfn.CONCAT(H188," : STRUCT END_STRUCT;")) | J188: =IF(G188="","",_xlfn.CONCAT(G188," : ",H188,";")) | K188: =SUBSTITUTE(LEFT(Parameters!D190,IF(IFERROR(FIND("[",Parameters!D190),100)>IFERROR(FIND("(",Parameters!D190),100),IFERROR(FIND("(",Parameters!D190),100),IFERROR(FIND("[",Parameters!D190),100))-1)," ","") | M188: =IF(L188="","",_xlfn.CONCAT(L188,"_typ")) | N188: =IF(M188 = "","",_xlfn.CONCAT(M188," : STRUCT END_STRUCT;")) | O188: =IF(L188="","",_xlfn.CONCAT(L188," : ",M188,";")) | P188: =K188 | Q188: =Parameters!E190 -> 99 | R188: =Parameters!F190 -> IndivReserved99 | S188: =IF(R188 = "","",_xlfn.CONCAT(R188," : REAL;")) -> IndivReserved99 : REAL; | U188: IndivReserved77 | V188: =IF(U188 = "","",_xlfn.CONCAT(U188," : REAL;")) -> IndivReserved77 : REAL;
A189: =SUBSTITUTE(LEFT(Parameters!B191,IF(IFERROR(FIND("[",Parameters!B191),100)>IFERROR(FIND("(",Parameters!B191),100),IFERROR(FIND("(",Parameters!B191),100),IFERROR(FIND("[",Parameters!B191),100))-1)," ","") | C189: =IF(B189="","",_xlfn.CONCAT(B189,"_typ")) | D189: =IF(C189 = "","",_xlfn.CONCAT(C189," : STRUCT END_STRUCT;")) | E189: =IF(B189="","",_xlfn.CONCAT(B189," : ",C189,";")) | F189: =SUBSTITUTE(LEFT(Parameters!C191,IF(IFERROR(FIND("[",Parameters!C191),100)>IFERROR(FIND("(",Parameters!C191),100),IFERROR(FIND("(",Parameters!C191),100),IFERROR(FIND("[",Parameters!C191),100))-1)," ","") | H189: =IF(G189="","",_xlfn.CONCAT(G189,"_typ")) | I189: =IF(H189 = "","",_xlfn.CONCAT(H189," : STRUCT END_STRUCT;")) | J189: =IF(G189="","",_xlfn.CONCAT(G189," : ",H189,";")) | K189: =SUBSTITUTE(LEFT(Parameters!D191,IF(IFERROR(FIND("[",Parameters!D191),100)>IFERROR(FIND("(",Parameters!D191),100),IFERROR(FIND("(",Parameters!D191),100),IFERROR(FIND("[",Parameters!D191),100))-1)," ","") | M189: =IF(L189="","",_xlfn.CONCAT(L189,"_typ")) | N189: =IF(M189 = "","",_xlfn.CONCAT(M189," : STRUCT END_STRUCT;")) | O189: =IF(L189="","",_xlfn.CONCAT(L189," : ",M189,";")) | P189: =K189 | Q189: =Parameters!E191 -> 0 | R189: =Parameters!F191 -> 0 | S189: =IF(R189 = "","",_xlfn.CONCAT(R189," : REAL;")) -> 0 : REAL; | U189: IndivReserved78 | V189: =IF(U189 = "","",_xlfn.CONCAT(U189," : REAL;")) -> IndivReserved78 : REAL;
A190: =SUBSTITUTE(LEFT(Parameters!B192,IF(IFERROR(FIND("[",Parameters!B192),100)>IFERROR(FIND("(",Parameters!B192),100),IFERROR(FIND("(",Parameters!B192),100),IFERROR(FIND("[",Parameters!B192),100))-1)," ","") | C190: =IF(B190="","",_xlfn.CONCAT(B190,"_typ")) | D190: =IF(C190 = "","",_xlfn.CONCAT(C190," : STRUCT END_STRUCT;")) | E190: =IF(B190="","",_xlfn.CONCAT(B190," : ",C190,";")) | F190: =SUBSTITUTE(LEFT(Parameters!C192,IF(IFERROR(FIND("[",Parameters!C192),100)>IFERROR(FIND("(",Parameters!C192),100),IFERROR(FIND("(",Parameters!C192),100),IFERROR(FIND("[",Parameters!C192),100))-1)," ","") | H190: =IF(G190="","",_xlfn.CONCAT(G190,"_typ")) | I190: =IF(H190 = "","",_xlfn.CONCAT(H190," : STRUCT END_STRUCT;")) | J190: =IF(G190="","",_xlfn.CONCAT(G190," : ",H190,";")) | K190: =SUBSTITUTE(LEFT(Parameters!D192,IF(IFERROR(FIND("[",Parameters!D192),100)>IFERROR(FIND("(",Parameters!D192),100),IFERROR(FIND("(",Parameters!D192),100),IFERROR(FIND("[",Parameters!D192),100))-1)," ","") | M190: =IF(L190="","",_xlfn.CONCAT(L190,"_typ")) | N190: =IF(M190 = "","",_xlfn.CONCAT(M190," : STRUCT END_STRUCT;")) | O190: =IF(L190="","",_xlfn.CONCAT(L190," : ",M190,";")) | P190: =K190 | Q190: =Parameters!E192 -> 0 | R190: =Parameters!F192 -> 0 | S190: =IF(R190 = "","",_xlfn.CONCAT(R190," : REAL;")) -> 0 : REAL; | U190: IndivReserved79 | V190: =IF(U190 = "","",_xlfn.CONCAT(U190," : REAL;")) -> IndivReserved79 : REAL;
A191: =SUBSTITUTE(LEFT(Parameters!B193,IF(IFERROR(FIND("[",Parameters!B193),100)>IFERROR(FIND("(",Parameters!B193),100),IFERROR(FIND("(",Parameters!B193),100),IFERROR(FIND("[",Parameters!B193),100))-1)," ","") | C191: =IF(B191="","",_xlfn.CONCAT(B191,"_typ")) | D191: =IF(C191 = "","",_xlfn.CONCAT(C191," : STRUCT END_STRUCT;")) | E191: =IF(B191="","",_xlfn.CONCAT(B191," : ",C191,";")) | F191: =SUBSTITUTE(LEFT(Parameters!C193,IF(IFERROR(FIND("[",Parameters!C193),100)>IFERROR(FIND("(",Parameters!C193),100),IFERROR(FIND("(",Parameters!C193),100),IFERROR(FIND("[",Parameters!C193),100))-1)," ","") | H191: =IF(G191="","",_xlfn.CONCAT(G191,"_typ")) | I191: =IF(H191 = "","",_xlfn.CONCAT(H191," : STRUCT END_STRUCT;")) | J191: =IF(G191="","",_xlfn.CONCAT(G191," : ",H191,";")) | K191: =SUBSTITUTE(LEFT(Parameters!D193,IF(IFERROR(FIND("[",Parameters!D193),100)>IFERROR(FIND("(",Parameters!D193),100),IFERROR(FIND("(",Parameters!D193),100),IFERROR(FIND("[",Parameters!D193),100))-1)," ","") | M191: =IF(L191="","",_xlfn.CONCAT(L191,"_typ")) | N191: =IF(M191 = "","",_xlfn.CONCAT(M191," : STRUCT END_STRUCT;")) | O191: =IF(L191="","",_xlfn.CONCAT(L191," : ",M191,";")) | P191: =K191 | Q191: =Parameters!E193 -> 0 | R191: =Parameters!F193 -> 0 | S191: =IF(R191 = "","",_xlfn.CONCAT(R191," : REAL;")) -> 0 : REAL; | U191: IndivReserved80 | V191: =IF(U191 = "","",_xlfn.CONCAT(U191," : REAL;")) -> IndivReserved80 : REAL;
...

Sheet Alarm_Paramters
B2: MOCS Parameter list
A3: HMI Page | B3: Category1 | C3: Category2 | D3: Category3 | E3: Name | F3: Description1 | G3: Description2 | H3: Default | I3: Range | L3: Remark | M3: comm_name | N3: IDX | O3: NAME_TAG
I4: Min | J4: Max | K4: Unit | M4: comm_name | N4: IDX | O4: NAME_TAG
A5: Safety _Delay | B5: Safety | C5: Delay | D5: Boolean Type Alarm Delady | E5: =CONCATENATE("DEL_",M5) -> DEL_AL_VSD_AB_MS | F5: MOCS Em'cy stop | H5: 1 | I5: 0 | J5: 3600 | K5: sec | M5: AL_VSD_AB_MS | N5: 0 | O5: AL_VSD_AB_MS
E6: =CONCATENATE("DEL_",M6) -> DEL_AL_MSD_UD_EGD | F6: Engine Sudden Diesel Transfer | H6: 0.1 | I6: 0 | J6: 3600 | K6: sec | M6: AL_MSD_UD_EGD | N6: 1 | O6: AL_MSD_UD_EGD
E7: =CONCATENATE("DEL_",M7) -> DEL_AL_MSD_UD_EGS | F7: Engine Stop(Gas mode) | H7: 0.1 | I7: 0 | J7: 3600 | K7: sec | M7: AL_MSD_UD_EGS | N7: 2 | O7: AL_MSD_UD_EGS
E8: =CONCATENATE("DEL_",M8) -> DEL_AL_MSD_UD_CME | F8: Communication Fail with Engine | H8: 0.1 | I8: 0 | J8: 3600 | K8: sec | M8: AL_MSD_UD_CME | N8: 3 | O8: AL_MSD_UD_CME
E9: =CONCATENATE("DEL_",M9) -> DEL_AL_NOT_UD_CMH | F9: Communication Fail with HMI | H9: 1 | I9: 0 | J9: 3600 | K9: sec | M9: AL_NOT_UD_CMH | N9: 4 | O9: AL_NOT_UD_CMH
E10: =CONCATENATE("DEL_",M10) -> DEL_AL_VSD_UD_RSV_FA | F10: RSV Fail | H10: 10 | I10: 0 | J10: 3600 | K10: sec | M10: AL_VSD_UD_RSV_FA | N10: 5 | O10: AL_VSD_UD_RSV_FA
E11: =CONCATENATE("DEL_",M11) -> DEL_AL_VSD_UD_RSV_SF | F11: RSV Feedback S/F | H11: 1 | I11: 0 | J11: 3600 | K11: sec | M11: AL_VSD_UD_RSV_SF | N11: 6 | O11: AL_VSD_UD_RSV_SF
E12: =CONCATENATE("DEL_",M12) -> DEL_AL_VSD_UD_RBV_FA | F12: RBV Fail | H12: 10 | I12: 0 | J12: 3600 | K12: sec | M12: AL_VSD_UD_RBV_FA | N12: 7 | O12: AL_VSD_UD_RBV_FA
E13: =CONCATENATE("DEL_",M13) -> DEL_AL_VSD_UD_RBV_SF | F13: RBV Feedback S/F | H13: 1 | I13: 0 | J13: 3600 | K13: sec | M13: AL_VSD_UD_RBV_SF | N13: 8 | O13: AL_VSD_UD_RBV_SF
E14: =CONCATENATE("DEL_",M14) -> DEL_AL_DEN_UD_FM_FO_DVTO | F14: Dosing F.O. Flow Deviation Time out | H14: 600 | I14: 0 | J14: 3600 | K14: sec | M14: AL_DEN_UD_FM_FO_DVTO | N14: 9 | O14: AL_DEN_UD_FM_FO_DVTO
E15: =CONCATENATE("DEL_",M15) -> DEL_AL_DEN_UD_FM_FO_STTO | F15: Dosing F.O. Limit Saturation time out | H15: 3600 | I15: 0 | J15: 18000 | K15: sec | L15: threshold = QF.O. Limit which is estimated from Advanced PID F.O. Control Logic | M15: AL_DEN_UD_FM_FO_STTO | N15: 10 | O15: AL_DEN_UD_FM_FO_STTO
E16: =CONCATENATE("DEL_",M16) -> DEL_AL_NOT_AB_PP1_RMT | F16: No.1 F.O. supply pump Not remote | H16: 1 | I16: 0 | J16: 3600 | K16: sec | M16: AL_NOT_AB_PP1_RMT | N16: 11 | O16: AL_DEN_AB_PP1_RMT
E17: =CONCATENATE("DEL_",M17) -> DEL_AL_NOT_AB_PP1_ABN | F17: No.1 F.O. supply pump Abnormal | H17: 1 | I17: 0 | J17: 3600 | K17: sec | M17: AL_NOT_AB_PP1_ABN | N17: 12 | O17: AL_DEN_AB_PP1_ABN
E18: =CONCATENATE("DEL_",M18) -> DEL_AL_NOT_UD_PP1_FA | F18: No.1 F.O. supply pump Fail | H18: 10 | I18: 0 | J18: 3600 | K18: sec | M18: AL_NOT_UD_PP1_FA | N18: 13 | O18: AL_DEN_UD_PP1_FA
E19: =CONCATENATE("DEL_",M19) -> DEL_AL_NOT_AB_PP2_RMT | F19: No.2 F.O. supply pump Not remote | H19: 1 | I19: 0 | J19: 3600 | K19: sec | M19: AL_NOT_AB_PP2_RMT | N19: 14 | O19: AL_DEN_AB_PP2_RMT
E20: =CONCATENATE("DEL_",M20) -> DEL_AL_NOT_AB_PP2_ABN | F20: No.2 F.O. supply pump Abnormal | H20: 1 | I20: 0 | J20: 3600 | K20: sec | M20: AL_NOT_AB_PP2_ABN | N20: 15 | O20: AL_DEN_AB_PP2_ABN
E21: =CONCATENATE("DEL_",M21) -> DEL_AL_NOT_UD_PP2_FA | F21: No.2 F.O. supply pump Fail | H21: 10 | I21: 0 | J21: 3600 | K21: sec | M21: AL_NOT_UD_PP2_FA | N21: 16 | O21: AL_DEN_UD_PP2_FA
E22: =CONCATENATE("DEL_",M22) -> DEL_AL_DEN_AB_TC_SFOI | F22: Dosing F.O. inlet Temp. High-High | H22: 30 | I22: 0 | J22: 3600 | K22: sec | M22: AL_DEN_AB_TC_SFOI | N22: 17 | O22: AL_DEN_AB_TC_SFOI
E23: =CONCATENATE("DEL_",M23) -> DEL_AL_DEN_UD_BN_NR | F23: Burner system Not Ready | H23: 1 | I23: 0 | J23: 3600 | K23: sec | M23: AL_DEN_UD_BN_NR | N23: 18 | O23: AL_DEN_UD_BN_NR
E24: =CONCATENATE("DEL_",M24) -> DEL_AL_NOT_AB_BN_MI | F24: Buner minor Alarm | H24: 1 | I24: 0 | J24: 3600 | K24: sec | M24: AL_NOT_AB_BN_MI | N24: 19 | O24: AL_NOT_AB_BN_MI
E25: =CONCATENATE("DEL_",M25) -> DEL_AL_DEN_AB_BN_MA | F25: Buner major Alarm | H25: 1 | I25: 0 | J25: 3600 | K25: sec | M25: AL_DEN_AB_BN_MA | N25: 20 | O25: AL_DEN_AB_BN_MA
E26: =CONCATENATE("DEL_",M26) -> DEL_AL_DEN_UD_BN_FA | F26: Buner Fail | H26: 300 | I26: 0 | J26: 3600 | K26: sec | M26: AL_DEN_UD_BN_FA | N26: 21 | O26: AL_DEN_UD_BN_FA
D27: Analog Sensor Fault Delay | E27: =CONCATENATE("DEL_",M27) -> DEL_AL_VSD_SF_RTV | F27: RTV Feedback S/F | H27: 1 | I27: 0 | J27: 3600 | K27: sec | M27: AL_VSD_SF_RTV | N27: 22 | O27: AL_VSD_SF_RTV
E28: =CONCATENATE("DEL_",M28) -> DEL_AL_DEN_SF_PDT_CH | F28: MOCS Chamber PDT S/F | M28: AL_DEN_SF_PDT_CH | N28: 23 | O28: AL_DEN_SF_PDT_CH
E29: =CONCATENATE("DEL_",M29) -> DEL_AL_MSD_SF_PDT_RBV | F29: RBV PDT S/F | M29: AL_MSD_SF_PDT_RBV | N29: 24 | O29: AL_MSD_SF_PDT_RBV
E30: =CONCATENATE("DEL_",M30) -> DEL_AL_NOT_SF_PDT_RTV | F30: RTV PDT S/F | M30: AL_NOT_SF_PDT_RTV | N30: 25 | O30: AL_NOT_SF_PDT_RTV
E31: =CONCATENATE("DEL_",M31) -> DEL_AL_NOT_SF_PDT_RTVS | F31: RTV PDT S/F MOCS Not ready - Sealing required | M31: AL_NOT_SF_PDT_RTVS | N31: 26 | O31: AL_NOT_SF_PDT_RTVS
E32: =CONCATENATE("DEL_",M32) -> DEL_AL_DEN_SF_TC_MXI | F32: Mixer Inlet Temp S/F | M32: AL_DEN_SF_TC_MXI | N32: 27 | O32: AL_DEN_SF_TC_MXI
E33: =CONCATENATE("DEL_",M33) -> DEL_AL_DEN_SF_TC_CHI | F33: Chamber Inlet01 Temp S/F | M33: AL_DEN_SF_TC_CHI | N33: 28 | O33: AL_DEN_SF_TC_CHI
E34: =CONCATENATE("DEL_",M34) -> DEL_AL_NOT_SF_TC_CHM | F34: Chamber Mid01 Temp S/F | M34: AL_NOT_SF_TC_CHM | N34: 29 | O34: AL_NOT_SF_TC_CHM
E35: =CONCATENATE("DEL_",M35) -> DEL_AL_DEN_SF_TC_CHO | F35: Chamber Outlet01 Temp S/F | M35: AL_DEN_SF_TC_CHO | N35: 30 | O35: AL_DEN_SF_TC_CHO
E36: =CONCATENATE("DEL_",M36) -> DEL_AL_NOT_SF_FM_FO | F36: Dosing F.O. flowmeter S/F | M36: AL_NOT_SF_FM_FO | N36: 31 | O36: AL_NOT_SF_FM_FO
E37: =CONCATENATE("DEL_",M37) -> DEL_AL_DEN_SF_PT_SFOI | F37: Supply, F.O. inlet PT S/F | M37: AL_DEN_SF_PT_SFOI | N37: 32 | O37: AL_DEN_SF_PT_SFOI
E38: =CONCATENATE("DEL_",M38) -> DEL_AL_DEN_SF_PT_SFOO | F38: Supply, F.O. outlet PT S/F | M38: AL_DEN_SF_PT_SFOO | N38: 33 | O38: AL_DEN_SF_PT_SFOO
E39: =CONCATENATE("DEL_",M39) -> DEL_AL_DEN_SF_PT_DFOI | F39: Dosing F.O. inlet PT S/F | M39: AL_DEN_SF_PT_DFOI | N39: 34 | O39: AL_DEN_SF_PT_DFOI
... E43: =CONCATENATE("DEL_",M43) -> DEL_AL_DEN_SF_PT_DAO | F43: Dosing air outlet PT S/F | M43: AL_DEN_SF_PT_DAO | N43: 38 | O43: AL_DEN_SF_PT_DAO
D44: MOCS(Main) | E44: =CONCATENATE("DEL_",M44) -> DEL_AL_VSD_ER_RTV_FA | F44: RTV Fail | H44: 60 | I44: 0 | J44: 3600 | K44: sec | M44: AL_VSD_ER_RTV_FA | N44: 39 | O44: AL_VSD_ER_RTV_FA
E45: =CONCATENATE("DEL_",M45) -> DEL_AL_VSD_ER_RTV_DV | F45: RTV Deviation | H45: 180 | I45: 0 | J45: 3600 | K45: sec | M45: AL_VSD_ER_RTV_DV | N45: 40 | O45: AL_VSD_ER_RTV_DV
E46: =CONCATENATE("DEL_",M46) -> DEL_AL_DEN_HH_PDT_CH | F46: MOCS Chamber PDT High-High | H46: 60 | I46: 0 | J46: 3600 | K46: sec | M46: AL_DEN_HH_PDT_CH | N46: 41 | O46: AL_DEN_HH_PDT_CH
E47: =CONCATENATE("DEL_",M47) -> DEL_AL_NOT_HO_PDT_CH | F47: MOCS Chamber PDT High | H47: 60 | I47: 0 | J47: 3600 | K47: sec | M47: AL_NOT_HO_PDT_CH | N47: 42 | O47: AL_NOT_HO_PDT_CH
E48: =CONCATENATE("DEL_",M48) -> DEL_AL_DEN_LO_PDT_CH | F48: MOCS Chamber PDT Low | H48: 60 | I48: 0 | J48: 3600 | K48: sec | M48: AL_DEN_LO_PDT_CH | N48: 43 | O48: AL_NRD_LO_PDT_CH
E49: =CONCATENATE("DEL_",M49) -> DEL_AL_MSD_HH_PDT_RBV | F49: RBV PDT High-High | H49: 60 | I49: 0 | J49: 3600 | K49: sec | M49: AL_MSD_HH_PDT_RBV | N49: 44 | O49: AL_MSD_HH_PDT_RBV
E50: =CONCATENATE("DEL_",M50) -> DEL_AL_NOT_HO_PDT_RBV | F50: RBV PDT High | H50: 60 | I50: 0 | J50: 3600 | K50: sec | M50: AL_NOT_HO_PDT_RBV | N50: 45 | O50: AL_NOT_HO_PDT_RBV
E51: =CONCATENATE("DEL_",M51) -> DEL_AL_NOT_HH_PDT_RTV | F51: RTV PDT High-High | H51: 60 | I51: 0 | J51: 3600 | K51: sec | M51: AL_NOT_HH_PDT_RTV | N51: 46 | O51: AL_NOT_HH_PDT_RTV
E52: =CONCATENATE("DEL_",M52) -> DEL_AL_NOT_HO_PDT_RTV | F52: RTV PDT High | H52: 60 | I52: 0 | J52: 3600 | K52: sec | M52: AL_NOT_HO_PDT_RTV | N52: 47 | O52: AL_NOT_HO_PDT_RTV
E53: =CONCATENATE("DEL_",M53) -> DEL_AL_NOT_LO_PDT_RTV | F53: RTV PDT Low | H53: 60 | I53: 0 | J53: 3600 | K53: sec | M53: AL_NOT_LO_PDT_RTV | N53: 48 | O53: AL_NOT_LO_PDT_RTV
E54: =CONCATENATE("DEL_",M54) -> DEL_AL_MSD_HH_TC_CHI | F54: Chamber Inlet01 Temp High_High | H54: 30 | I54: 0 | J54: 3600 | K54: sec | M54: AL_MSD_HH_TC_CHI | N54: 49 | O54: AL_MSD_HH_TC_CHI
E55: =CONCATENATE("DEL_",M55) -> DEL_AL_NOT_HO_TC_CHI | F55: Chamber Inlet01 Temp High | H55: 30 | I55: 0 | J55: 3600 | K55: sec | M55: AL_NOT_HO_TC_CHI | N55: 50 | O55: AL_NOT_HO_TC_CHI
E56: =CONCATENATE("DEL_",M56) -> DEL_AL_NOT_LO_TC_CHI | F56: Chamber Inlet01 Temp Low | H56: 30 | I56: 0 | J56: 3600 | K56: sec | M56: AL_NOT_LO_TC_CHI | N56: 51 | O56: AL_NOT_LO_TC_CHI
... E65: =CONCATENATE("DEL_",M65) -> DEL_AL_MSD_LL_TC_CHO | F65: Chamber Outlet01 Temp Low-Low | H65: 30 | I65: 0 | J65: 3600 | K65: sec | M65: AL_MSD_LL_TC_CHO | N65: 60 | O65: AL_MSD_LL_TC_CHO
D66: F.O. Dosing System | E66: =CONCATENATE("DEL_",M66) -> DEL_AL_NOT_HH_FM_FO | F66: Dosing F.O. flowmeter High-High | H66: 100 | I66: 0 | J66: 3600 | K66: sec | M66: AL_NOT_HH_FM_FO | N66: 61 | O66: AL_NOT_HH_FM_FO
E67: =CONCATENATE("DEL_",M67) -> DEL_AL_NOT_HO_FM_FO | F67: Dosing F.O. flowmeter High | H67: 100 | I67: 0 | J67: 3600 | K67: sec | M67: AL_NOT_HO_FM_FO | N67: 62 | O67: AL_NOT_HO_FM_FO
E68: =CONCATENATE("DEL_",M68) -> DEL_AL_NOT_ER_FM_FO | F68: Dosing F.O. Flow Deviation | H68: 120 | I68: 0 | J68: 3600 | K68: sec | M68: AL_NOT_ER_FM_FO | N68: 63 | O68: AL_NOT_ER_FM_FO
E69: =CONCATENATE("DEL_",M69) -> DEL_AL_DEN_LO_PT_SFOI | F69: Supply, F.O. inlet PT Low | H69: 2 | I69: 0 | J69: 3600 | K69: sec | M69: AL_DEN_LO_PT_SFOI | N69: 64 | O69: AL_DEN_LO_PT_SFOI
E70: =CONCATENATE("DEL_",M70) -> DEL_AL_DEN_HH_PT_SFOO | F70: Supply, F.O. outlet PT High-High | H70: 10 | I70: 0 | J70: 3600 | K70: sec | M70: AL_DEN_HH_PT_SFOO | N70: 65 | O70: AL_DEN_HH_PT_SFOO
E71: =CONCATENATE("DEL_",M71) -> DEL_AL_NOT_HO_PT_SFOO | F71: Supply, F.O. outlet PT High | H71: 10 | I71: 0 | J71: 3600 | K71: sec | M71: AL_NOT_HO_PT_SFOO | N71: 66 | O71: AL_NOT_HO_PT_SFOO
E72: =CONCATENATE("DEL_",M72) -> DEL_AL_NOT_LO_PT_SFOO | F72: Supply, F.O. outlet PT Low | H72: 10 | I72: 0 | J72: 3600 | K72: sec | M72: AL_NOT_LO_PT_SFOO | N72: 67 | O72: AL_NOT_LO_PT_SFOO
E73: =CONCATENATE("DEL_",M73) -> DEL_AL_NOT_LL_PT_SFOO | F73: Supply, F.O. outlet PT Low-Low | H73: 10 | I73: 0 | J73: 3600 | K73: sec | M73: AL_NOT_LL_PT_SFOO | N73: 68 | O73: AL_NOT_LL_PT_SFOO
E74: =CONCATENATE("DEL_",M74) -> DEL_AL_DEN_HH_PT_DFOI | F74: Dosing F.O. inlet PT High-High | H74: 10 | I74: 0 | J74: 3600 | K74: sec | M74: AL_DEN_HH_PT_DFOI | N74: 69 | O74: AL_DEN_HH_PT_DFOI
E75: =CONCATENATE("DEL_",M75) -> DEL_AL_NOT_HO_PT_DFOI | F75: Dosing F.O. inlet PT High | H75: 10 | I75: 0 | J75: 3600 | K75: sec | M75: AL_NOT_HO_PT_DFOI | N75: 70 | O75: AL_NOT_HO_PT_DFOI
E76: =CONCATENATE("DEL_",M76) -> DEL_AL_NOT_LO_PT_DFOI | F76: Dosing F.O. inlet PT Low | H76: 10 | I76: 0 | J76: 3600 | K76: sec | M76: AL_NOT_LO_PT_DFOI | N76: 71 | O76: AL_NOT_LO_PT_DFOI
E77: =CONCATENATE("DEL_",M77) -> DEL_AL_DEN_LL_PT_DFOI | F77: Dosing F.O. inlet PT Low-Low | H77: 10 | I77: 0 | J77: 3600 | K77: sec | M77: AL_DEN_LL_PT_DFOI | N77: 72 | O77: AL_DEN_LL_PT_DFOI
E78: =CONCATENATE("DEL_",M78) -> DEL_AL_NOT_LO_PT_DFOM | F78: Dosing F.O. mid PT Low | H78: 10 | I78: 0 | J78: 3600 | K78: sec | M78: AL_NOT_LO_PT_DFOM | N78: 73 | O78: AL_NOT_LO_PT_DFOM
... E85: =CONCATENATE("DEL_",M85) -> DEL_AL_DEN_LL_PT_DAO | F85: Dosing air outlet PT Low-Low | H85: 10 | I85: 0 | J85: 3600 | K85: sec | M85: AL_DEN_LL_PT_DAO | N85: 80 | O85: AL_DEN_LL_PT_DAO
D86: Burner System | I86: 0 | J86: 3600 | K86: sec
I87: 0 | J87: 3600 | K87: sec
A88: Safety _Threshold (MOCS Main) | C88: Threshold | D88: MOCS(Main) | E88: =CONCATENATE("THR_",M88) -> THR_AL_VSD_ER_RTV_FA | F88: RTV Fail | H88: 10 | I88: 0 | J88: 100 | K88: % | M88: AL_VSD_ER_RTV_FA | N88: 39 | O88: AL_VSD_ER_RTV_FA
E89: =CONCATENATE("THR_",M89) -> THR_AL_VSD_ER_RTV_DV | F89: RTV Deviation | H89: 2 | I89: 0 | J89: 100 | K89: % | M89: AL_VSD_ER_RTV_DV | N89: 40 | O89: AL_VSD_ER_RTV_DV
E90: =CONCATENATE("THR_",M90) -> THR_AL_DEN_HH_PDT_CH | F90: MOCS Chamber PDT High-High | H90: 33 | I90: 0 | J90: 100 | K90: mbar | M90: AL_DEN_HH_PDT_CH | N90: 41 | O90: AL_DEN_HH_PDT_CH
E91: =CONCATENATE("THR_",M91) -> THR_AL_NOT_HO_PDT_CH | F91: MOCS Chamber PDT High | H91: 30 | I91: 0 | J91: 100 | K91: mbar | M91: AL_NOT_HO_PDT_CH | N91: 42 | O91: AL_NOT_HO_PDT_CH
E92: =CONCATENATE("THR_",M92) -> THR_AL_DEN_LO_PDT_CH | F92: MOCS Chamber PDT Low | H92: 20 | I92: 0 | J92: 100 | K92: mbar | M92: AL_DEN_LO_PDT_CH | N92: 43 | O92: AL_NRD_LO_PDT_CH
E93: =CONCATENATE("THR_",M93) -> THR_AL_MSD_HH_PDT_RBV | F93: RBV PDT High-High | H93: 80 | I93: 0 | J93: 100 | K93: mbar | M93: AL_MSD_HH_PDT_RBV | N93: 44 | O93: AL_MSD_HH_PDT_RBV
E94: =CONCATENATE("THR_",M94) -> THR_AL_NOT_HO_PDT_RBV | F94: RBV PDT High | H94: 70 | I94: 0 | J94: 100 | K94: mbar | M94: AL_NOT_HO_PDT_RBV | N94: 45 | O94: AL_NOT_HO_PDT_RBV
E95: =CONCATENATE("THR_",M95) -> THR_AL_NOT_HH_PDT_RTV | F95: RTV PDT High-High | H95: 0.7 | I95: 0 | J95: 5 | K95: bar | M95: AL_NOT_HH_PDT_RTV | N95: 46 | O95: AL_NOT_HH_PDT_RTV
E96: =CONCATENATE("THR_",M96) -> THR_AL_NOT_HO_PDT_RTV | F96: RTV PDT High | H96: 0.5 | I96: 0 | J96: 5 | K96: bar | M96: AL_NOT_HO_PDT_RTV | N96: 47 | O96: AL_NOT_HO_PDT_RTV
E97: =CONCATENATE("THR_",M97) -> THR_AL_NOT_LO_PDT_RTV | F97: RTV PDT Low | H97: 0.05 | I97: 0 | J97: 5 | K97: bar | M97: AL_NOT_LO_PDT_RTV | N97: 48 | O97: AL_NOT_LO_PDT_RTV
E98: =CONCATENATE("THR_",M98) -> THR_AL_MSD_HH_TC_CHI | F98: Chamber Inlet01 Temp High_High | H98: 620 | I98: 0 | J98: 800 | K98: degC | M98: AL_MSD_HH_TC_CHI | N98: 49 | O98: AL_MSD_HH_TC_CHI
E99: =CONCATENATE("THR_",M99) -> THR_AL_NOT_HO_TC_CHI | F99: Chamber Inlet01 Temp High | H99: 600 | I99: 0 | J99: 800 | K99: degC | M99: AL_NOT_HO_TC_CHI | N99: 50 | O99: AL_NOT_HO_TC_CHI
E100: =CONCATENATE("THR_",M100) -> THR_AL_NOT_LO_TC_CHI | F100: Chamber Inlet01 Temp Low | H100: 300 | I100: 0 | J100: 800 | K100: degC | M100: AL_NOT_LO_TC_CHI | N100: 51 | O100: AL_NOT_LO_TC_CHI
... E109: =CONCATENATE("THR_",M109) -> THR_AL_MSD_LL_TC_CHO | F109: Chamber Outlet01 Temp Low-Low | H109: 200 | I109: 0 | J109: 800 | K109: degC | M109: AL_MSD_LL_TC_CHO | N109: 60 | O109: AL_MSD_LL_TC_CHO
A110: Safety _Threshold (F.O. Dosing) | D110: F.O. Dosing System | E110: =CONCATENATE("THR_",M110) -> THR_AL_NOT_HH_FM_FO | F110: Dosing F.O. flowmeter High-High | H110: 160 | I110: 0 | J110: 100 | K110: l/h | M110: AL_NOT_HH_FM_FO | N110: 61 | O110: AL_NOT_HH_FM_FO
E111: =CONCATENATE("THR_",M111) -> THR_AL_NOT_HO_FM_FO | F111: Dosing F.O. flowmeter High | H111: 120 | I111: 0 | J111: 100 | K111: l/h | M111: AL_NOT_HO_FM_FO | N111: 62 | O111: AL_NOT_HO_FM_FO
E112: =CONCATENATE("THR_",M112) -> THR_AL_NOT_ER_FM_FO | F112: Dosing F.O. Flow Deviation | H112: 5 | I112: 0 | J112: 100 | K112: % | M112: AL_NOT_ER_FM_FO | N112: 63 | O112: AL_NOT_ER_FM_FO
E113: =CONCATENATE("THR_",M113) -> THR_AL_DEN_LO_PT_SFOI | F113: Supply, F.O. inlet PT Low | H113: -0.2 | I113: -1 | J113: 5 | K113: bar | M113: AL_DEN_LO_PT_SFOI | N113: 64 | O113: AL_DEN_LO_PT_SFOI
E114: =CONCATENATE("THR_",M114) -> THR_AL_DEN_HH_PT_SFOO | F114: Supply, F.O. outlet PT High-High | H114: 12 | I114: 0 | J114: 16 | K114: bar | M114: AL_DEN_HH_PT_SFOO | N114: 65 | O114: AL_DEN_HH_PT_SFOO
E115: =CONCATENATE("THR_",M115) -> THR_AL_NOT_HO_PT_SFOO | F115: Supply, F.O. outlet PT High | H115: 11 | I115: 0 | J115: 16 | K115: bar | M115: AL_NOT_HO_PT_SFOO | N115: 66 | O115: AL_NOT_HO_PT_SFOO
E116: =CONCATENATE("THR_",M116) -> THR_AL_NOT_LO_PT_SFOO | F116: Supply, F.O. outlet PT Low | H116: 5 | I116: 0 | J116: 16 | K116: bar | M116: AL_NOT_LO_PT_SFOO | N116: 67 | O116: AL_NOT_LO_PT_SFOO
E117: =CONCATENATE("THR_",M117) -> THR_AL_NOT_LL_PT_SFOO | F117: Supply, F.O. outlet PT Low-Low | H117: 4 | I117: 0 | J117: 16 | K117: bar | M117: AL_NOT_LL_PT_SFOO | N117: 68 | O117: AL_NOT_LL_PT_SFOO
E118: =CONCATENATE("THR_",M118) -> THR_AL_DEN_HH_PT_DFOI | F118: Dosing F.O. inlet PT High-High | H118: 12 | I118: 0 | J118: 16 | K118: bar | M118: AL_DEN_HH_PT_DFOI | N118: 69 | O118: AL_DEN_HH_PT_DFOI
E119: =CONCATENATE("THR_",M119) -> THR_AL_NOT_HO_PT_DFOI | F119: Dosing F.O. inlet PT High | H119: 11 | I119: 0 | J119: 16 | K119: bar | M119: AL_NOT_HO_PT_DFOI | N119: 70 | O119: AL_NOT_HO_PT_DFOI
E120: =CONCATENATE("THR_",M120) -> THR_AL_NOT_LO_PT_DFOI | F120: Dosing F.O. inlet PT Low | H120: 5 | I120: 0 | J120: 10 | K120: bar | M120: AL_NOT_LO_PT_DFOI | N120: 71 | O120: AL_NOT_LO_PT_DFOI
E121: =CONCATENATE("THR_",M121) -> THR_AL_DEN_LL_PT_DFOI | F121: Dosing F.O. inlet PT Low-Low | H121: 4 | I121: 0 | J121: 10 | K121: bar | M121: AL_DEN_LL_PT_DFOI | N121: 72 | O121: AL_DEN_LL_PT_DFOI
E122: =CONCATENATE("THR_",M122) -> THR_AL_NOT_LO_PT_DFOM | F122: Dosing F.O. mid PT Low | H122: 5 | I122: 0 | J122: 10 | K122: bar | M122: AL_NOT_LO_PT_DFOM | N122: 73 | O122: AL_NOT_LO_PT_DFOM
E123: =CONCATENATE("THR_",M123) -> THR_AL_DEN_LL_PT_DFOM | F123: Dosing F.O. mid PT Low-Low | H123: 4 | I123: 0 | J123: 10 | K123: bar | M123: AL_DEN_LL_PT_DFOM | N123: 74 | O123: AL_DEN_LL_PT_DFOM
E124: =CONCATENATE("THR_",M124) -> THR_AL_NOT_LO_PT_DFOO | F124: Dosing F.O. outlet PT Low | H124: 4 | I124: 0 | J124: 10 | K124: bar | M124: AL_NOT_LO_PT_DFOO | N124: 75 | O124: AL_NOT_LO_PT_DFOO
E125: =CONCATENATE("THR_",M125) -> THR_AL_DEN_LL_PT_DFOO | F125: Dosing F.O. outlet PT Low-Low | H125: 3 | I125: 0 | J125: 10 | K125: bar | M125: AL_DEN_LL_PT_DFOO | N125: 76 | O125: AL_DEN_LL_PT_DFOO
... E129: =CONCATENATE("THR_",M129) -> THR_AL_DEN_LL_PT_DAO | F129: Dosing air outlet PT Low-Low | H129: 2.5 | I129: 0 | J129: 10 | K129: bar | M129: AL_DEN_LL_PT_DAO | N129: 80 | O129: AL_DEN_LL_PT_DAO
