Workbook
Name BR: [1]Module_Arr!$C$3:$C$17
Name BR: Module_Arr!$C$3:$C$18
Name BR: [1]Module_Arr!$C$3:$C$17
Name BR: [1]Module_Arr!$C$3:$C$17
Name BR: [2]Module_Arr!$C$3:$C$17
Name Cylinders: '[3]I_O functional list'!$B$2
Name Cylinders: '[3]I_O functional list'!$B$2
Name Cylinders: '[3]I_O functional list'!$B$2
Name Cylinders: '[3]I_O functional list'!$B$2
Name Cylinders: '[4]I_O functional list'!$B$2

Sheet History
A1: * 축약어 참고 MOCSAbbreviations.xlsx
A2: * I 열 Unit 행, J 열 Variable Name 행은 SW 변수 생성용 - 지제시에서만 편집
A3: Ver | B3: Date | C3: Description
A4: R0.07 | B4: 26.05.28 | C4: MSC 실선 검증용 추가 센서 반영(No.# Module) 1. 온도 센서 1개 삭제: MOCS Inlet Temp 2. 압력 센서 4개 삭제: SCR Bypass Inlet Press (PT), SCR Bypass Inlet Press (PI), Engine Turbocharger Outlet Press (PT), Engine Turbocharger Outlet Press (PI) 3. 압력 센서 3개 추가: Engine Outlet Press, MOCS Outlet Press, MOCS Inlet Press
A5: R0.06 | B5: 26.04.30 | C5: MSC 실선 검증용 추가 센서 반영(No.# Module) 1. 온도센서 5개 추가: MOCS OuletTemp, MOCS Inlet Temp, Engine Turbocharger Outlet Temp, SCR bypass inlet temp. sensor, SCR bypass outlet temp. sensor 2. 암력센서 4개 추가: SCR Bypass Inlet Press (PT), SCR Bypass Inlet Press (PI), Engine Turbocharger Outlet Press (PT), Engine Turbocharger Outlet Press (PI)
A6: R0.05 | B6: 26.03.31 | C6: 1. Common Module Sheet DI1 ch.3 Low Sulfur fuel supplied (S=0.1%) Threhold, Delay 추가 2. Common Module Sheet DI1 ch.11, 14, 15 Threhold, Delay 추가
A7: R0.04 | B7: 26.03.31 | C7: 1. I 열 Unit 행 MOCS/FODS/SCR 로 구분 2. J 열 Variable Name 행 추가(AS 변수명으로 사용) 3. No.# Module Sheet DI1 ch.16 No.# SCR Flush Run 임시 반영 3. No.# Module Sheet DO1 ch.14 No.# All Flow Through SCR 임시 반영

Sheet LP MOCS 구성
B2: with FODS
B3: 필요 I/O 개수 | J3: MOCS HW Configuration
B4: common(F.O. Supply Unit) | J4: 모듈 | K4: 모델명 | L4: Common | M4: No.# 기준 댓수 | N4: 총 필요 모듈 수 (Common+No.#)
C5: 총 접점 | D5: 사용 | E5: 접점여분 | F5: 필요 모듈 수 | G5: 여분 모듈 수 | H5: 합계 | M5: 6
B6: DI | C6: =F6*16 -> 16 | D6: =COUNTIF('Common module'!F:F,"DI") -> 15 | E6: =C6-D6 -> 1 | F6: 1 | G6: 0 | H6: =F6+G6 -> 1 | J6: CPU | K6: 1686x | L6: 1 | M6: - | N6: =L6 -> 1
B7: DO | C7: =F7*16 -> 16 | D7: =COUNTIF('Common module'!F:F,"DO") -> 7 | E7: =C7-D7 -> 9 | F7: 1 | G7: 0 | H7: =F7+G7 -> 1 | J7: Serial Comm | K7: CS1030 | L7: 1 | M7: - | N7: =L7 -> 1
B8: AI | C8: =F8*8 -> 8 | D8: =COUNTIF('Common module'!F:F,"AI") -> 2 | E8: =C8-D8 -> 6 | F8: 1 | G8: 0 | H8: =F8+G8 -> 1 | J8: power supply | K8: PS9400 | L8: - | M8: =IF(M$5>1,1,0) -> 1 | N8: =M8 -> 1
B9: AO | C9: =F9*4 -> 4 | D9: =COUNTIF('Common module'!F:F,"AO") -> 2 | E9: =C9-D9 -> 2 | F9: 1 | G9: 0 | H9: =F9+G9 -> 1 | J9: power supply | K9: PS3300 | L9: - | M9: =IF(M$5>5,2,IF(M$5>3,1,0)) -> 2 | N9: =M9 -> 2
B10: No.#(F.O Dosing Unit + Chamber Unit) | J10: buscontroller | K10: BC0083 | L10: - | M10: =IF(M$5>5,2,IF(M$5>2,1,0)) -> 2 | N10: =M10 -> 2
C11: 총 접점 | D11: 사용 | E11: 접점여분 | F11: 필요 모듈 수 | G11: 여분 모듈 수 | H11: 합계 | J11: Power Link Cable | L11: - | M11: =IF(M$5>5,2,IF(M$5>2,1,0)) -> 2 | N11: =M11 -> 2
B12: DI | C12: =F12*16 -> 16 | D12: =COUNTIF('No.# Module'!F:F,"DI") -> 15 | E12: =C12-D12 -> 1 | F12: 1 | G12: 0 | H12: =F12+G12 -> 1 | J12: DI | K12: DIF371 | L12: =H6 -> 1 | M12: =H12*M$5 -> 6 | N12: =M12+L12 -> 7
B13: DO | C13: =F13*16 -> 16 | D13: =COUNTIF('No.# Module'!F:F,"DO") -> 13 | E13: =C13-D13 -> 3 | F13: 1 | G13: 0 | H13: =F13+G13 -> 1 | J13: DO | K13: DOF322 | L13: =H7 -> 1 | M13: =H13*M$5 -> 6 | N13: =M13+L13 -> 7
B14: AI | C14: =F14*8 -> 24 | D14: =COUNTIF('No.# Module'!F:F,"AI") -> 22 | E14: =C14-D14 -> 2 | F14: 3 | G14: 0 | H14: =F14+G14 -> 3 | J14: AI | K14: AI8321 | L14: =H8 -> 1 | M14: =H14*M$5 -> 18 | N14: =M14+L14 -> 19
B15: AO | C15: =F15*4 -> 4 | D15: =COUNTIF('No.# Module'!F:F,"AO") -> 2 | E15: =C15-D15 -> 2 | F15: 1 | G15: 0 | H15: =F15+G15 -> 1 | J15: AO | K15: AO4622 | L15: =H9 -> 1 | M15: =H15*M$5 -> 6 | N15: =M15+L15 -> 7
J16: hub | K16: 0AC808.9-1 | L16: 1 | M16: - | N16: =L16 -> 1
B17: ※ 개별에 AI 신호 여분이 1개로 추후 부족할 수 있으므로 여분으로 AI 모듈 추가. | J17: HMI | K17: Beijer HMI | L17: 1 | M17: - | N17: =L17 -> 1
J18: ※ power supply는 DO모듈 2대당 1대
J19: ※ 총 필요 모듈은 MOCS 3개 기준(최대 8대까지 확장 가능)
J20: ※Common은 공통 제어 부분으로 엔진 대수와 상관없이 1세트 필요함.
B21: without FODS
B22: 필요 I/O 개수 | J22: MOCS HW Configuration
B23: common(F.O. Supply Unit) | J23: 모듈 | K23: 모델명 | L23: Common | M23: No.# 기준 댓수 | N23: 총 필요 모듈 수 (Common+No.#)
C24: 총 접점 | D24: 사용 | E24: 접점여분 | F24: 필요 모듈 수 | G24: 여분 모듈 수 | H24: 합계 | M24: 6
B25: DI | C25: =F25*16 -> 16 | D25: =COUNTIFS('Common module'!F:F,"DI",'Common module'!I:I,"common") -> 0 | E25: =C25-D25 -> 16 | F25: 1 | G25: 0 | H25: =F25+G25 -> 1 | J25: CPU | K25: 1686x | L25: 1 | M25: - | N25: =L25 -> 1
B26: DO | C26: =F26*16 -> 16 | D26: =COUNTIFS('Common module'!F:F,"DO",'Common module'!I:I,"common") -> 0 | E26: =C26-D26 -> 16 | F26: 1 | G26: 0 | H26: =F26+G26 -> 1 | J26: Serial Comm | K26: CS1030 | L26: 1 | M26: - | N26: =L26 -> 1
B27: AI | C27: =F27*8 -> 0 | D27: =COUNTIFS('Common module'!F:F,"AI",'Common module'!I:I,"common") -> 0 | E27: =C27-D27 -> 0 | F27: 0 | G27: 0 | H27: =F27+G27 -> 0 | J27: power supply | K27: PS9400 | L27: - | M27: =IF(M$24>1,1,0) -> 1 | N27: =M27 -> 1
B28: AO | C28: =F28*4 -> 0 | D28: =COUNTIFS('Common module'!F:F,"AO",'Common module'!I:I,"common") -> 0 | E28: - | F28: 0 | G28: 0 | H28: =F28+G28 -> 0 | J28: power supply | K28: PS3300 | L28: - | M28: =IF(M$24>5,2,IF(M$24>3,1,0)) -> 2 | N28: =M28 -> 2
B29: No.#(F.O Dosing Unit + Chamber Unit) | J29: buscontroller | K29: BC0083 | L29: - | M29: =IF(M$24>5,2,IF(M$24>2,1,0)) -> 2 | N29: =M29 -> 2
C30: 총 접점 | D30: 사용 | E30: 접점여분 | F30: 필요 모듈 수 | G30: 여분 모듈 수 | H30: 합계 | J30: Power Link Cable | L30: - | M30: =IF(M$24>5,2,IF(M$24>2,1,0)) -> 2 | N30: =M30 -> 2
B31: DI | C31: =F31*16 -> 16 | D31: =COUNTIFS('No.# Module'!F:F,"DI",'No.# Module'!I:I,"Individual") -> 0 | E31: =C31-D31 -> 16 | F31: 1 | G31: 0 | H31: =F31+G31 -> 1 | J31: DI | K31: DIF371 | L31: =H26 -> 1 | M31: =H32*M$24 -> 6 | N31: =M31+L31 -> 7
B32: DO | C32: =F32*16 -> 16 | D32: =COUNTIFS('No.# Module'!F:F,"DO",'No.# Module'!I:I,"Individual") -> 0 | E32: =C32-D32 -> 16 | F32: 1 | G32: 0 | H32: =F32+G32 -> 1 | J32: DO | K32: DOF322 | L32: =H27 -> 0 | M32: =H33*M$24 -> 12 | N32: =M32+L32 -> 12
B33: AI | C33: =F33*8 -> 16 | D33: =COUNTIFS('No.# Module'!F:F,"AI",'No.# Module'!I:I,"Individual") -> 0 | E33: =C33-D33 -> 16 | F33: 2 | G33: 0 | H33: =F33+G33 -> 2 | J33: AI | K33: AI8321 | L33: =H28 -> 0 | M33: =H34*M$24 -> 6 | N33: =M33+L33 -> 6
B34: AO | C34: =F34*4 -> 4 | D34: =COUNTIFS('No.# Module'!F:F,"AO",'No.# Module'!I:I,"Individual") -> 0 | E34: =C34-D34 -> 4 | F34: 1 | G34: 0 | H34: =F34+G34 -> 1 | J34: AO | K34: AO4622 | L34: =H29 -> 0 | M34: =H35*M$24 -> 0 | N34: =M34+L34 -> 0
J35: hub | K35: 0AC808.9-1 | L35: 1 | M35: - | N35: =L35 -> 1
J36: HMI | K36: Beijer HMI | L36: 1 | M36: - | N36: =L36 -> 1

Sheet Module_Arr
B1: No. | C1: Model | D1: Length | E1: Type | F1: Power consumption (W) | H1: Remark | J1: 2. 1 Door arrangement
F2: Bus | G2: IO | J2: 1) Total width | L2: 800
B3: 1 | C3: X20CP1686X | D3: 150 | E3: CPU | F3: -7.5 | J3: 2) Cable tray & Others width | L3: 300
B4: 2 | C4: X20CS1030 | D4: 12.5 | E4: RS485 | F4: -0.01 | G4: -1.44 | J4: 3) Module width | L4: 500
B5: 3 | C5: X20PS9400 | D5: 12.5 | E5: Power | F5: 7 | G5: 240
B6: 4 | C6: X20BC0083 | D6: 37.5 | E6: Bus | F6: -2 | G6: 0 | H6: Controller | J6: 3. With FODS moduel arrangement
B7: 5 | C7: X20DIF371 | D7: 12.5 | E7: DI | F7: -0.18 | G7: -1.47 | J7: 1st layer width | L7: =SUM(K10:K29) -> 381.5 | M7: (Max. 500) | S7: 2nd layer width | U7: =SUM(T10:T43) -> 450 | V7: (Max. 500)
B8: 5 | C8: X20DOF322 | D8: 12.5 | E8: DO | F8: -0.28 | G8: -95 | J8: Model | K8: Length | L8: Type | M8: Tag | N8: Power consumption | P8: Remained power | S8: Model | T8: Length | U8: Type | V8: Tag | W8: Power consumption | Y8: Remained power
B9: 6 | C9: X20AI8321 | D9: 12.5 | E9: AI | F9: -0.01 | G9: -1.37 | N9: Bus | O9: IO | P9: Bus | Q9: IO | W9: Bus | X9: IO | Y9: Bus | Z9: IO
B10: 7 | C10: X20AO4622 | D10: 12.5 | E10: AO | F10: -0.01 | G10: -1.8 | J10: X20CP1686X | K10: =IF(COUNTA(J10), VLOOKUP(J10, $C$3:$G$18, 2, 0), 0) -> 150 | L10: =IF(COUNTA(J10), VLOOKUP(J10, $C$3:$G$18, 3, 0), 0) -> CPU | M10: CPU | N10: =IF(COUNTA(J10), VLOOKUP(J10, $C$3:$G$18, 4, 0), 0) -> -7.5 | O10: =IF(COUNTA(J10), VLOOKUP(J10, $C$3:$G$18, 5, 0), 0) -> 0 | S10: X20BC0083 | T10: =IF(COUNTA(S10), VLOOKUP(S10, $C$3:$G$18, 2, 0), 0) -> 37.5 | U10: =IF(COUNTA(S10), VLOOKUP(S10, $C$3:$G$18, 3, 0), 0) -> Bus | V10: BC2 | W10: =IF(COUNTA(S10), VLOOKUP(S10, $C$3:$G$18, 4, 0), 0) -> -2 | X10: =IF(COUNTA(S10), VLOOKUP(S10, $C$3:$G$18, 5, 0), 0) -> 0
B11: 8 | C11: IE-SW-BLB-08-8TX | D11: 44 | H11: Ethernet hub, 별도 Power(2W) | K11: =IF(COUNTA(J11), VLOOKUP(J11, $C$3:$G$18, 2, 0), 0) -> 0 | L11: =IF(COUNTA(J11), VLOOKUP(J11, $C$3:$G$18, 3, 0), 0) -> 0 | N11: =IF(COUNTA(J11), VLOOKUP(J11, $C$3:$G$18, 4, 0), 0) -> 0 | O11: =IF(COUNTA(J11), VLOOKUP(J11, $C$3:$G$18, 5, 0), 0) -> 0 | S11: X20PS9400 | T11: =IF(COUNTA(S11), VLOOKUP(S11, $C$3:$E$18, 2, 0), 0) -> 12.5 | U11: =IF(COUNTA(S11), VLOOKUP(S11, $C$3:$E$18, 3, 0), 0) -> Power | V11: PS2 | W11: =IF(COUNTA(S11), VLOOKUP(S11, $C$3:$G$18, 4, 0), 0) -> 7 | X11: =IF(COUNTA(S11), VLOOKUP(S11, $C$3:$G$18, 5, 0), 0) -> 240 | Y11: =SUM(W10:W11) -> 5 | Z11: =SUM(X10:X11) -> 240
J12: X20BC0083 | K12: =IF(COUNTA(J12), VLOOKUP(J12, $C$3:$G$18, 2, 0), 0) -> 37.5 | L12: =IF(COUNTA(J12), VLOOKUP(J12, $C$3:$G$18, 3, 0), 0) -> Bus | M12: BC1 | N12: =IF(COUNTA(J12), VLOOKUP(J12, $C$3:$G$18, 4, 0), 0) -> -2 | O12: =IF(COUNTA(J12), VLOOKUP(J12, $C$3:$G$18, 5, 0), 0) -> 0 | P12: =N12+P11 -> -2 | Q12: =O12+Q11 -> 0 | S12: X20DIF371 | T12: =IF(COUNTA(S12), VLOOKUP(S12, $C$3:$E$18, 2, 0), 0) -> 12.5 | U12: =IF(COUNTA(S12), VLOOKUP(S12, $C$3:$E$18, 3, 0), 0) -> DI | V12: 2DI1 | W12: =IF(COUNTA(S12), VLOOKUP(S12, $C$3:$G$18, 4, 0), 0) -> -0.18 | X12: =IF(COUNTA(S12), VLOOKUP(S12, $C$3:$G$18, 5, 0), 0) -> -1.47 | Y12: =W12+Y11 -> 4.82 | Z12: =X12+Z11 -> 238.53
J13: X20PS9400 | K13: =IF(COUNTA(J13), VLOOKUP(J13, $C$3:$G$18, 2, 0), 0) -> 12.5 | L13: =IF(COUNTA(J13), VLOOKUP(J13, $C$3:$G$18, 3, 0), 0) -> Power | M13: PS1 | N13: =IF(COUNTA(J13), VLOOKUP(J13, $C$3:$G$18, 4, 0), 0) -> 7 | O13: =IF(COUNTA(J13), VLOOKUP(J13, $C$3:$G$18, 5, 0), 0) -> 240 | P13: =N13+P12 -> 5 | Q13: =O13+Q12 -> 240 | S13: X20DOF322 | T13: =IF(COUNTA(S13), VLOOKUP(S13, $C$3:$E$18, 2, 0), 0) -> 12.5 | U13: =IF(COUNTA(S13), VLOOKUP(S13, $C$3:$E$18, 3, 0), 0) -> DO | V13: 2DO1 | W13: =IF(COUNTA(S13), VLOOKUP(S13, $C$3:$G$18, 4, 0), 0) -> -0.28 | X13: =IF(COUNTA(S13), VLOOKUP(S13, $C$3:$G$18, 5, 0), 0) -> -95 | Y13: =W13+Y12 -> 4.54 | Z13: =X13+Z12 -> 143.53
J14: X20CS1030 | K14: =IF(COUNTA(J14), VLOOKUP(J14, $C$3:$G$18, 2, 0), 0) -> 12.5 | L14: =IF(COUNTA(J14), VLOOKUP(J14, $C$3:$G$18, 3, 0), 0) -> RS485 | M14: RS485 | N14: =IF(COUNTA(J14), VLOOKUP(J14, $C$3:$G$18, 4, 0), 0) -> -0.01 | O14: =IF(COUNTA(J14), VLOOKUP(J14, $C$3:$G$18, 5, 0), 0) -> -1.44 | P14: =N14+P13 -> 4.99 | Q14: =O14+Q13 -> 238.56 | S14: X20AI8321 | T14: =IF(COUNTA(S14), VLOOKUP(S14, $C$3:$E$18, 2, 0), 0) -> 12.5 | U14: =IF(COUNTA(S14), VLOOKUP(S14, $C$3:$E$18, 3, 0), 0) -> AI | V14: 2AI1 | W14: =IF(COUNTA(S14), VLOOKUP(S14, $C$3:$G$18, 4, 0), 0) -> -0.01 | X14: =IF(COUNTA(S14), VLOOKUP(S14, $C$3:$G$18, 5, 0), 0) -> -1.37 | Y14: =W14+Y13 -> 4.53 | Z14: =X14+Z13 -> 142.16
J15: X20DIF371 | K15: =IF(COUNTA(J15), VLOOKUP(J15, $C$3:$G$18, 2, 0), 0) -> 12.5 | L15: =IF(COUNTA(J15), VLOOKUP(J15, $C$3:$G$18, 3, 0), 0) -> DI | M15: 1CDI1 | N15: =IF(COUNTA(J15), VLOOKUP(J15, $C$3:$G$18, 4, 0), 0) -> -0.18 | O15: =IF(COUNTA(J15), VLOOKUP(J15, $C$3:$G$18, 5, 0), 0) -> -1.47 | P15: =N15+P14 -> 4.81 | Q15: =O15+Q14 -> 237.09 | S15: X20AI8321 | T15: =IF(COUNTA(S15), VLOOKUP(S15, $C$3:$E$18, 2, 0), 0) -> 12.5 | U15: =IF(COUNTA(S15), VLOOKUP(S15, $C$3:$E$18, 3, 0), 0) -> AI | V15: 2AI2 | W15: =IF(COUNTA(S15), VLOOKUP(S15, $C$3:$G$18, 4, 0), 0) -> -0.01 | X15: =IF(COUNTA(S15), VLOOKUP(S15, $C$3:$G$18, 5, 0), 0) -> -1.37 | Y15: =W15+Y14 -> 4.52 | Z15: =X15+Z14 -> 140.79
J16: X20DOF322 | K16: =IF(COUNTA(J16), VLOOKUP(J16, $C$3:$G$18, 2, 0), 0) -> 12.5 | L16: =IF(COUNTA(J16), VLOOKUP(J16, $C$3:$G$18, 3, 0), 0) -> DO | M16: 1CDO1 | N16: =IF(COUNTA(J16), VLOOKUP(J16, $C$3:$G$18, 4, 0), 0) -> -0.28 | O16: =IF(COUNTA(J16), VLOOKUP(J16, $C$3:$G$18, 5, 0), 0) -> -95 | P16: =N16+P15 -> 4.53 | Q16: =O16+Q15 -> 142.09 | S16: X20AI8321 | T16: =IF(COUNTA(S16), VLOOKUP(S16, $C$3:$E$18, 2, 0), 0) -> 12.5 | U16: =IF(COUNTA(S16), VLOOKUP(S16, $C$3:$E$18, 3, 0), 0) -> AI | V16: 2AI3 | W16: =IF(COUNTA(S16), VLOOKUP(S16, $C$3:$G$18, 4, 0), 0) -> -0.01 | X16: =IF(COUNTA(S16), VLOOKUP(S16, $C$3:$G$18, 5, 0), 0) -> -1.37 | Y16: =W16+Y15 -> 4.51 | Z16: =X16+Z15 -> 139.42
J17: X20AI8321 | K17: =IF(COUNTA(J17), VLOOKUP(J17, $C$3:$G$18, 2, 0), 0) -> 12.5 | L17: =IF(COUNTA(J17), VLOOKUP(J17, $C$3:$G$18, 3, 0), 0) -> AI | M17: 1CAI1 | N17: =IF(COUNTA(J17), VLOOKUP(J17, $C$3:$G$18, 4, 0), 0) -> -0.01 | O17: =IF(COUNTA(J17), VLOOKUP(J17, $C$3:$G$18, 5, 0), 0) -> -1.37 | P17: =N17+P16 -> 4.52 | Q17: =O17+Q16 -> 140.72 | S17: X20AO4622 | T17: =IF(COUNTA(S17), VLOOKUP(S17, $C$3:$E$18, 2, 0), 0) -> 12.5 | U17: =IF(COUNTA(S17), VLOOKUP(S17, $C$3:$E$18, 3, 0), 0) -> AO | V17: 2AO1 | W17: =IF(COUNTA(S17), VLOOKUP(S17, $C$3:$G$18, 4, 0), 0) -> -0.01 | X17: =IF(COUNTA(S17), VLOOKUP(S17, $C$3:$G$18, 5, 0), 0) -> -1.8 | Y17: =W17+Y16 -> 4.5 | Z17: =X17+Z16 -> 137.62
J18: X20AO4622 | K18: =IF(COUNTA(J18), VLOOKUP(J18, $C$3:$G$18, 2, 0), 0) -> 12.5 | L18: =IF(COUNTA(J18), VLOOKUP(J18, $C$3:$G$18, 3, 0), 0) -> AO | M18: 1DI1 | N18: =IF(COUNTA(J18), VLOOKUP(J18, $C$3:$G$18, 4, 0), 0) -> -0.01 | O18: =IF(COUNTA(J18), VLOOKUP(J18, $C$3:$G$18, 5, 0), 0) -> -1.8 | P18: =N18+P17 -> 4.51 | Q18: =O18+Q17 -> 138.92 | S18: X20DIF371 | T18: =IF(COUNTA(S18), VLOOKUP(S18, $C$3:$E$18, 2, 0), 0) -> 12.5 | U18: =IF(COUNTA(S18), VLOOKUP(S18, $C$3:$E$18, 3, 0), 0) -> DI | V18: 3DI1 | W18: =IF(COUNTA(S18), VLOOKUP(S18, $C$3:$G$18, 4, 0), 0) -> -0.18 | X18: =IF(COUNTA(S18), VLOOKUP(S18, $C$3:$G$18, 5, 0), 0) -> -1.47 | Y18: =W18+Y17 -> 4.32 | Z18: =X18+Z17 -> 136.15
J19: X20DIF371 | K19: =IF(COUNTA(J19), VLOOKUP(J19, $C$3:$G$18, 2, 0), 0) -> 12.5 | L19: =IF(COUNTA(J19), VLOOKUP(J19, $C$3:$G$18, 3, 0), 0) -> DI | M19: 1DO1 | N19: =IF(COUNTA(J19), VLOOKUP(J19, $C$3:$G$18, 4, 0), 0) -> -0.18 | O19: =IF(COUNTA(J19), VLOOKUP(J19, $C$3:$G$18, 5, 0), 0) -> -1.47 | P19: =N19+P18 -> 4.33 | Q19: =O19+Q18 -> 137.45 | S19: X20DOF322 | T19: =IF(COUNTA(S19), VLOOKUP(S19, $C$3:$E$18, 2, 0), 0) -> 12.5 | U19: =IF(COUNTA(S19), VLOOKUP(S19, $C$3:$E$18, 3, 0), 0) -> DO | V19: 3DO1 | W19: =IF(COUNTA(S19), VLOOKUP(S19, $C$3:$G$18, 4, 0), 0) -> -0.28 | X19: =IF(COUNTA(S19), VLOOKUP(S19, $C$3:$G$18, 5, 0), 0) -> -95 | Y19: =W19+Y18 -> 4.04 | Z19: =X19+Z18 -> 41.15
J20: X20DOF322 | K20: =IF(COUNTA(J20), VLOOKUP(J20, $C$3:$G$18, 2, 0), 0) -> 12.5 | L20: =IF(COUNTA(J20), VLOOKUP(J20, $C$3:$G$18, 3, 0), 0) -> DO | M20: 1AI1 | N20: =IF(COUNTA(J20), VLOOKUP(J20, $C$3:$G$18, 4, 0), 0) -> -0.28 | O20: =IF(COUNTA(J20), VLOOKUP(J20, $C$3:$G$18, 5, 0), 0) -> -95 | P20: =N20+P19 -> 4.05 | Q20: =O20+Q19 -> 42.45 | S20: X20AI8321 | T20: =IF(COUNTA(S20), VLOOKUP(S20, $C$3:$E$18, 2, 0), 0) -> 12.5 | U20: =IF(COUNTA(S20), VLOOKUP(S20, $C$3:$E$18, 3, 0), 0) -> AI | V20: 3AI1 | W20: =IF(COUNTA(S20), VLOOKUP(S20, $C$3:$G$18, 4, 0), 0) -> -0.01 | X20: =IF(COUNTA(S20), VLOOKUP(S20, $C$3:$G$18, 5, 0), 0) -> -1.37 | Y20: =W20+Y19 -> 4.03 | Z20: =X20+Z19 -> 39.78
J21: X20AI8321 | K21: =IF(COUNTA(J21), VLOOKUP(J21, $C$3:$G$18, 2, 0), 0) -> 12.5 | L21: =IF(COUNTA(J21), VLOOKUP(J21, $C$3:$G$18, 3, 0), 0) -> AI | M21: 1AI2 | N21: =IF(COUNTA(J21), VLOOKUP(J21, $C$3:$G$18, 4, 0), 0) -> -0.01 | O21: =IF(COUNTA(J21), VLOOKUP(J21, $C$3:$G$18, 5, 0), 0) -> -1.37 | P21: =N21+P20 -> 4.04 | Q21: =O21+Q20 -> 41.08 | S21: X20AI8321 | T21: =IF(COUNTA(S21), VLOOKUP(S21, $C$3:$E$18, 2, 0), 0) -> 12.5 | U21: =IF(COUNTA(S21), VLOOKUP(S21, $C$3:$E$18, 3, 0), 0) -> AI | V21: 3AI2 | W21: =IF(COUNTA(S21), VLOOKUP(S21, $C$3:$G$18, 4, 0), 0) -> -0.01 | X21: =IF(COUNTA(S21), VLOOKUP(S21, $C$3:$G$18, 5, 0), 0) -> -1.37 | Y21: =W21+Y20 -> 4.02 | Z21: =X21+Z20 -> 38.41
J22: X20AI8321 | K22: =IF(COUNTA(J22), VLOOKUP(J22, $C$3:$G$18, 2, 0), 0) -> 12.5 | L22: =IF(COUNTA(J22), VLOOKUP(J22, $C$3:$G$18, 3, 0), 0) -> AI | M22: 1AI3 | N22: =IF(COUNTA(J22), VLOOKUP(J22, $C$3:$G$18, 4, 0), 0) -> -0.01 | O22: =IF(COUNTA(J22), VLOOKUP(J22, $C$3:$G$18, 5, 0), 0) -> -1.37 | P22: =N22+P21 -> 4.03 | Q22: =O22+Q21 -> 39.71 | S22: X20AI8321 | T22: =IF(COUNTA(S22), VLOOKUP(S22, $C$3:$E$18, 2, 0), 0) -> 12.5 | U22: =IF(COUNTA(S22), VLOOKUP(S22, $C$3:$E$18, 3, 0), 0) -> AI | V22: 3AI3 | W22: =IF(COUNTA(S22), VLOOKUP(S22, $C$3:$G$18, 4, 0), 0) -> -0.01 | X22: =IF(COUNTA(S22), VLOOKUP(S22, $C$3:$G$18, 5, 0), 0) -> -1.37 | Y22: =W22+Y21 -> 4.01 | Z22: =X22+Z21 -> 37.04
J23: X20AI8321 | K23: =IF(COUNTA(J23), VLOOKUP(J23, $C$3:$G$18, 2, 0), 0) -> 12.5 | L23: =IF(COUNTA(J23), VLOOKUP(J23, $C$3:$G$18, 3, 0), 0) -> AI | M23: 1AO1 | N23: =IF(COUNTA(J23), VLOOKUP(J23, $C$3:$G$18, 4, 0), 0) -> -0.01 | O23: =IF(COUNTA(J23), VLOOKUP(J23, $C$3:$G$18, 5, 0), 0) -> -1.37 | P23: =N23+P22 -> 4.02 | Q23: =O23+Q22 -> 38.34 | S23: X20AO4622 | T23: =IF(COUNTA(S23), VLOOKUP(S23, $C$3:$E$18, 2, 0), 0) -> 12.5 | U23: =IF(COUNTA(S23), VLOOKUP(S23, $C$3:$E$18, 3, 0), 0) -> AO | V23: 3AO1 | W23: =IF(COUNTA(S23), VLOOKUP(S23, $C$3:$G$18, 4, 0), 0) -> -0.01 | X23: =IF(COUNTA(S23), VLOOKUP(S23, $C$3:$G$18, 5, 0), 0) -> -1.8 | Y23: =W23+Y22 -> 4 | Z23: =X23+Z22 -> 35.24
J24: X20AO4622 | K24: =IF(COUNTA(J24), VLOOKUP(J24, $C$3:$G$18, 2, 0), 0) -> 12.5 | L24: =IF(COUNTA(J24), VLOOKUP(J24, $C$3:$G$18, 3, 0), 0) -> AO | N24: =IF(COUNTA(J24), VLOOKUP(J24, $C$3:$G$18, 4, 0), 0) -> -0.01 | O24: =IF(COUNTA(J24), VLOOKUP(J24, $C$3:$G$18, 5, 0), 0) -> -1.8 | P24: =N24+P23 -> 4.01 | Q24: =O24+Q23 -> 36.54 | S24: X20PS9400 | T24: =IF(COUNTA(S24), VLOOKUP(S24, $C$3:$E$18, 2, 0), 0) -> 12.5 | U24: =IF(COUNTA(S24), VLOOKUP(S24, $C$3:$E$18, 3, 0), 0) -> Power | V24: PS3 | W24: =IF(COUNTA(S24), VLOOKUP(S24, $C$3:$G$18, 4, 0), 0) -> 7 | X24: =IF(COUNTA(S24), VLOOKUP(S24, $C$3:$G$18, 5, 0), 0) -> 240 | Y24: =W24+Y23 -> 11 | Z24: =X24+Z23 -> 275.24
K25: =IF(COUNTA(J25), VLOOKUP(J25, $C$3:$G$18, 2, 0), 0) -> 0 | L25: =IF(COUNTA(J25), VLOOKUP(J25, $C$3:$G$18, 3, 0), 0) -> 0 | N25: =IF(COUNTA(J25), VLOOKUP(J25, $C$3:$G$18, 4, 0), 0) -> 0 | O25: =IF(COUNTA(J25), VLOOKUP(J25, $C$3:$G$18, 5, 0), 0) -> 0 | P25: =N25+P24 -> 4.01 | Q25: =O25+Q24 -> 36.54 | S25: X20DIF371 | T25: =IF(COUNTA(S25), VLOOKUP(S25, $C$3:$E$18, 2, 0), 0) -> 12.5 | U25: =IF(COUNTA(S25), VLOOKUP(S25, $C$3:$E$18, 3, 0), 0) -> DI | V25: 4DI1 | W25: =IF(COUNTA(S25), VLOOKUP(S25, $C$3:$G$18, 4, 0), 0) -> -0.18 | X25: =IF(COUNTA(S25), VLOOKUP(S25, $C$3:$G$18, 5, 0), 0) -> -1.47 | Y25: =W25+Y24 -> 10.82 | Z25: =X25+Z24 -> 273.77
J26: IE-SW-BLB-08-8TX | K26: =IF(COUNTA(J26), VLOOKUP(J26, $C$3:$G$18, 2, 0), 0) -> 44 | L26: =IF(COUNTA(J26), VLOOKUP(J26, $C$3:$G$18, 3, 0), 0) -> 0 | N26: =IF(COUNTA(J26), VLOOKUP(J26, $C$3:$G$18, 4, 0), 0) -> 0 | O26: =IF(COUNTA(J26), VLOOKUP(J26, $C$3:$G$18, 5, 0), 0) -> 0 | P26: =N26+P25 -> 4.01 | Q26: =O26+Q25 -> 36.54 | S26: X20DOF322 | T26: =IF(COUNTA(S26), VLOOKUP(S26, $C$3:$E$18, 2, 0), 0) -> 12.5 | U26: =IF(COUNTA(S26), VLOOKUP(S26, $C$3:$E$18, 3, 0), 0) -> DO | V26: 4DO1 | W26: =IF(COUNTA(S26), VLOOKUP(S26, $C$3:$G$18, 4, 0), 0) -> -0.28 | X26: =IF(COUNTA(S26), VLOOKUP(S26, $C$3:$G$18, 5, 0), 0) -> -95 | Y26: =W26+Y25 -> 10.54 | Z26: =X26+Z25 -> 178.77
K27: =IF(COUNTA(J27), VLOOKUP(J27, $C$3:$G$18, 2, 0), 0) -> 0 | L27: =IF(COUNTA(J27), VLOOKUP(J27, $C$3:$G$18, 3, 0), 0) -> 0 | N27: =IF(COUNTA(J27), VLOOKUP(J27, $C$3:$G$18, 4, 0), 0) -> 0 | O27: =IF(COUNTA(J27), VLOOKUP(J27, $C$3:$G$18, 5, 0), 0) -> 0 | P27: =N27+P26 -> 4.01 | Q27: =O27+Q26 -> 36.54 | S27: X20AI8321 | T27: =IF(COUNTA(S27), VLOOKUP(S27, $C$3:$E$18, 2, 0), 0) -> 12.5 | U27: =IF(COUNTA(S27), VLOOKUP(S27, $C$3:$E$18, 3, 0), 0) -> AI | V27: 4AI1 | W27: =IF(COUNTA(S27), VLOOKUP(S27, $C$3:$G$18, 4, 0), 0) -> -0.01 | X27: =IF(COUNTA(S27), VLOOKUP(S27, $C$3:$G$18, 5, 0), 0) -> -1.37 | Y27: =W27+Y26 -> 10.53 | Z27: =X27+Z26 -> 177.4
K28: =IF(COUNTA(J28), VLOOKUP(J28, $C$3:$G$18, 2, 0), 0) -> 0 | L28: =IF(COUNTA(J28), VLOOKUP(J28, $C$3:$G$18, 3, 0), 0) -> 0 | N28: =IF(COUNTA(J28), VLOOKUP(J28, $C$3:$G$18, 4, 0), 0) -> 0 | O28: =IF(COUNTA(J28), VLOOKUP(J28, $C$3:$G$18, 5, 0), 0) -> 0 | P28: =N28+P27 -> 4.01 | Q28: =O28+Q27 -> 36.54 | S28: X20AI8321 | T28: =IF(COUNTA(S28), VLOOKUP(S28, $C$3:$E$18, 2, 0), 0) -> 12.5 | U28: =IF(COUNTA(S28), VLOOKUP(S28, $C$3:$E$18, 3, 0), 0) -> AI | V28: 4AI2 | W28: =IF(COUNTA(S28), VLOOKUP(S28, $C$3:$G$18, 4, 0), 0) -> -0.01 | X28: =IF(COUNTA(S28), VLOOKUP(S28, $C$3:$G$18, 5, 0), 0) -> -1.37 | Y28: =W28+Y27 -> 10.52 | Z28: =X28+Z27 -> 176.03
K29: =IF(COUNTA(J29), VLOOKUP(J29, $C$3:$G$18, 2, 0), 0) -> 0 | L29: =IF(COUNTA(J29), VLOOKUP(J29, $C$3:$G$18, 3, 0), 0) -> 0 | N29: =IF(COUNTA(J29), VLOOKUP(J29, $C$3:$G$18, 4, 0), 0) -> 0 | O29: =IF(COUNTA(J29), VLOOKUP(J29, $C$3:$G$18, 5, 0), 0) -> 0 | P29: =N29+P28 -> 4.01 | Q29: =O29+Q28 -> 36.54 | S29: X20AI8321 | T29: =IF(COUNTA(S29), VLOOKUP(S29, $C$3:$E$18, 2, 0), 0) -> 12.5 | U29: =IF(COUNTA(S29), VLOOKUP(S29, $C$3:$E$18, 3, 0), 0) -> AI | V29: 4AI3 | W29: =IF(COUNTA(S29), VLOOKUP(S29, $C$3:$G$18, 4, 0), 0) -> -0.01 | X29: =IF(COUNTA(S29), VLOOKUP(S29, $C$3:$G$18, 5, 0), 0) -> -1.37 | Y29: =W29+Y28 -> 10.51 | Z29: =X29+Z28 -> 174.66
K30: =IF(COUNTA(J30), VLOOKUP(J30, $C$3:$G$18, 2, 0), 0) -> 0 | L30: =IF(COUNTA(J30), VLOOKUP(J30, $C$3:$G$18, 3, 0), 0) -> 0 | N30: =IF(COUNTA(J30), VLOOKUP(J30, $C$3:$G$18, 4, 0), 0) -> 0 | O30: =IF(COUNTA(J30), VLOOKUP(J30, $C$3:$G$18, 5, 0), 0) -> 0 | P30: =N30+P29 -> 4.01 | Q30: =O30+Q29 -> 36.54 | S30: X20AO4622 | T30: =IF(COUNTA(S30), VLOOKUP(S30, $C$3:$E$18, 2, 0), 0) -> 12.5 | U30: =IF(COUNTA(S30), VLOOKUP(S30, $C$3:$E$18, 3, 0), 0) -> AO | V30: 4AO1 | W30: =IF(COUNTA(S30), VLOOKUP(S30, $C$3:$G$18, 4, 0), 0) -> -0.01 | X30: =IF(COUNTA(S30), VLOOKUP(S30, $C$3:$G$18, 5, 0), 0) -> -1.8 | Y30: =W30+Y29 -> 10.5 | Z30: =X30+Z29 -> 172.86
S31: X20DIF371 | T31: =IF(COUNTA(S31), VLOOKUP(S31, $C$3:$E$18, 2, 0), 0) -> 12.5 | U31: =IF(COUNTA(S31), VLOOKUP(S31, $C$3:$E$18, 3, 0), 0) -> DI | V31: 5DI1 | W31: =IF(COUNTA(S31), VLOOKUP(S31, $C$3:$G$18, 4, 0), 0) -> -0.18 | X31: =IF(COUNTA(S31), VLOOKUP(S31, $C$3:$G$18, 5, 0), 0) -> -1.47 | Y31: =W31+Y30 -> 10.32 | Z31: =X31+Z30 -> 171.39
S32: X20DOF322 | T32: =IF(COUNTA(S32), VLOOKUP(S32, $C$3:$E$18, 2, 0), 0) -> 12.5 | U32: =IF(COUNTA(S32), VLOOKUP(S32, $C$3:$E$18, 3, 0), 0) -> DO | V32: 5DO1 | W32: =IF(COUNTA(S32), VLOOKUP(S32, $C$3:$G$18, 4, 0), 0) -> -0.28 | X32: =IF(COUNTA(S32), VLOOKUP(S32, $C$3:$G$18, 5, 0), 0) -> -95 | Y32: =W32+Y31 -> 10.04 | Z32: =X32+Z31 -> 76.39
S33: X20AI8321 | T33: =IF(COUNTA(S33), VLOOKUP(S33, $C$3:$E$18, 2, 0), 0) -> 12.5 | U33: =IF(COUNTA(S33), VLOOKUP(S33, $C$3:$E$18, 3, 0), 0) -> AI | V33: 5AI1 | W33: =IF(COUNTA(S33), VLOOKUP(S33, $C$3:$G$18, 4, 0), 0) -> -0.01 | X33: =IF(COUNTA(S33), VLOOKUP(S33, $C$3:$G$18, 5, 0), 0) -> -1.37 | Y33: =W33+Y32 -> 10.03 | Z33: =X33+Z32 -> 75.02
S34: X20AI8321 | T34: =IF(COUNTA(S34), VLOOKUP(S34, $C$3:$E$18, 2, 0), 0) -> 12.5 | U34: =IF(COUNTA(S34), VLOOKUP(S34, $C$3:$E$18, 3, 0), 0) -> AI | V34: 5AI2 | W34: =IF(COUNTA(S34), VLOOKUP(S34, $C$3:$G$18, 4, 0), 0) -> -0.01 | X34: =IF(COUNTA(S34), VLOOKUP(S34, $C$3:$G$18, 5, 0), 0) -> -1.37 | Y34: =W34+Y33 -> 10.02 | Z34: =X34+Z33 -> 73.65
S35: X20AI8321 | T35: =IF(COUNTA(S35), VLOOKUP(S35, $C$3:$E$18, 2, 0), 0) -> 12.5 | U35: =IF(COUNTA(S35), VLOOKUP(S35, $C$3:$E$18, 3, 0), 0) -> AI | V35: 5AI3 | W35: =IF(COUNTA(S35), VLOOKUP(S35, $C$3:$G$18, 4, 0), 0) -> -0.01 | X35: =IF(COUNTA(S35), VLOOKUP(S35, $C$3:$G$18, 5, 0), 0) -> -1.37 | Y35: =W35+Y34 -> 10.01 | Z35: =X35+Z34 -> 72.28
S36: X20AO4622 | T36: =IF(COUNTA(S36), VLOOKUP(S36, $C$3:$E$18, 2, 0), 0) -> 12.5 | U36: =IF(COUNTA(S36), VLOOKUP(S36, $C$3:$E$18, 3, 0), 0) -> AO | V36: 5AO1 | W36: =IF(COUNTA(S36), VLOOKUP(S36, $C$3:$G$18, 4, 0), 0) -> -0.01 | X36: =IF(COUNTA(S36), VLOOKUP(S36, $C$3:$G$18, 5, 0), 0) -> -1.8 | Y36: =W36+Y35 -> 10 | Z36: =X36+Z35 -> 70.48
S37: X20PS9400 | T37: =IF(COUNTA(S37), VLOOKUP(S37, $C$3:$E$18, 2, 0), 0) -> 12.5 | U37: =IF(COUNTA(S37), VLOOKUP(S37, $C$3:$E$18, 3, 0), 0) -> Power | V37: PS4 | W37: =IF(COUNTA(S37), VLOOKUP(S37, $C$3:$G$18, 4, 0), 0) -> 7 | X37: =IF(COUNTA(S37), VLOOKUP(S37, $C$3:$G$18, 5, 0), 0) -> 240 | Y37: =W37+Y36 -> 17 | Z37: =X37+Z36 -> 310.48
S38: X20DIF371 | T38: =IF(COUNTA(S38), VLOOKUP(S38, $C$3:$E$18, 2, 0), 0) -> 12.5 | U38: =IF(COUNTA(S38), VLOOKUP(S38, $C$3:$E$18, 3, 0), 0) -> DI | V38: 6DI1 | W38: =IF(COUNTA(S38), VLOOKUP(S38, $C$3:$G$18, 4, 0), 0) -> -0.18 | X38: =IF(COUNTA(S38), VLOOKUP(S38, $C$3:$G$18, 5, 0), 0) -> -1.47 | Y38: =W38+Y37 -> 16.82 | Z38: =X38+Z37 -> 309.01
S39: X20DOF322 | T39: =IF(COUNTA(S39), VLOOKUP(S39, $C$3:$E$18, 2, 0), 0) -> 12.5 | U39: =IF(COUNTA(S39), VLOOKUP(S39, $C$3:$E$18, 3, 0), 0) -> DO | V39: 6DO1 | W39: =IF(COUNTA(S39), VLOOKUP(S39, $C$3:$G$18, 4, 0), 0) -> -0.28 | X39: =IF(COUNTA(S39), VLOOKUP(S39, $C$3:$G$18, 5, 0), 0) -> -95 | Y39: =W39+Y38 -> 16.54 | Z39: =X39+Z38 -> 214.01
S40: X20AI8321 | T40: =IF(COUNTA(S40), VLOOKUP(S40, $C$3:$E$18, 2, 0), 0) -> 12.5 | U40: =IF(COUNTA(S40), VLOOKUP(S40, $C$3:$E$18, 3, 0), 0) -> AI | V40: 6AI1 | W40: =IF(COUNTA(S40), VLOOKUP(S40, $C$3:$G$18, 4, 0), 0) -> -0.01 | X40: =IF(COUNTA(S40), VLOOKUP(S40, $C$3:$G$18, 5, 0), 0) -> -1.37 | Y40: =W40+Y39 -> 16.53 | Z40: =X40+Z39 -> 212.64
S41: X20AI8321 | T41: =IF(COUNTA(S41), VLOOKUP(S41, $C$3:$E$18, 2, 0), 0) -> 12.5 | U41: =IF(COUNTA(S41), VLOOKUP(S41, $C$3:$E$18, 3, 0), 0) -> AI | V41: 6AI2 | W41: =IF(COUNTA(S41), VLOOKUP(S41, $C$3:$G$18, 4, 0), 0) -> -0.01 | X41: =IF(COUNTA(S41), VLOOKUP(S41, $C$3:$G$18, 5, 0), 0) -> -1.37 | Y41: =W41+Y40 -> 16.52 | Z41: =X41+Z40 -> 211.27
S42: X20AI8321 | T42: =IF(COUNTA(S42), VLOOKUP(S42, $C$3:$E$18, 2, 0), 0) -> 12.5 | U42: =IF(COUNTA(S42), VLOOKUP(S42, $C$3:$E$18, 3, 0), 0) -> AI | V42: 6AI3 | W42: =IF(COUNTA(S42), VLOOKUP(S42, $C$3:$G$18, 4, 0), 0) -> -0.01 | X42: =IF(COUNTA(S42), VLOOKUP(S42, $C$3:$G$18, 5, 0), 0) -> -1.37 | Y42: =W42+Y41 -> 16.51 | Z42: =X42+Z41 -> 209.9
S43: X20AO4622 | T43: =IF(COUNTA(S43), VLOOKUP(S43, $C$3:$E$18, 2, 0), 0) -> 12.5 | U43: =IF(COUNTA(S43), VLOOKUP(S43, $C$3:$E$18, 3, 0), 0) -> AO | V43: 6AO1 | W43: =IF(COUNTA(S43), VLOOKUP(S43, $C$3:$G$18, 4, 0), 0) -> -0.01 | X43: =IF(COUNTA(S43), VLOOKUP(S43, $C$3:$G$18, 5, 0), 0) -> -1.8 | Y43: =W43+Y42 -> 16.5 | Z43: =X43+Z42 -> 208.1
J46: 3. Without FODS moduel arrangement
J47: 1st layer width | L47: =SUM(K50:K69) -> #N/A | M47: (Max. 500) | S47: 2nd layer width | U47: =SUM(T50:T83) -> 387.5 | V47: (Max. 500)
J48: Model | K48: Length | L48: Type | M48: Tag | N48: Power consumption | P48: Remained power | S48: Model | T48: Length | U48: Type | V48: Tag | W48: Power consumption | Y48: Remained power
N49: Bus | O49: IO | P49: Bus | Q49: IO | W49: Bus | X49: IO | Y49: Bus | Z49: IO
J50: X20CP1686X | K50: =IF(COUNTA(J50), VLOOKUP(J50, $C$3:$G$18, 2, 0), 0) -> 150 | L50: =IF(COUNTA(J50), VLOOKUP(J50, $C$3:$G$18, 3, 0), 0) -> CPU | M50: CPU | N50: =IF(COUNTA(J50), VLOOKUP(J50, $C$3:$G$18, 4, 0), 0) -> -7.5 | O50: =IF(COUNTA(J50), VLOOKUP(J50, $C$3:$G$18, 5, 0), 0) -> 0 | S50: X20BC0083 | T50: =IF(COUNTA(S50), VLOOKUP(S50, $C$3:$G$18, 2, 0), 0) -> 37.5 | U50: =IF(COUNTA(S50), VLOOKUP(S50, $C$3:$G$18, 3, 0), 0) -> Bus | V50: BC2 | W50: =IF(COUNTA(S50), VLOOKUP(S50, $C$3:$G$18, 4, 0), 0) -> -2 | X50: =IF(COUNTA(S50), VLOOKUP(S50, $C$3:$G$18, 5, 0), 0) -> 0
K51: =IF(COUNTA(J51), VLOOKUP(J51, $C$3:$G$18, 2, 0), 0) -> 0 | L51: =IF(COUNTA(J51), VLOOKUP(J51, $C$3:$G$18, 3, 0), 0) -> 0 | N51: =IF(COUNTA(J51), VLOOKUP(J51, $C$3:$G$18, 4, 0), 0) -> 0 | O51: =IF(COUNTA(J51), VLOOKUP(J51, $C$3:$G$18, 5, 0), 0) -> 0 | S51: X20PS9400 | T51: =IF(COUNTA(S51), VLOOKUP(S51, $C$3:$E$18, 2, 0), 0) -> 12.5 | U51: =IF(COUNTA(S51), VLOOKUP(S51, $C$3:$E$18, 3, 0), 0) -> Power | W51: =IF(COUNTA(S51), VLOOKUP(S51, $C$3:$G$18, 4, 0), 0) -> 7 | X51: =IF(COUNTA(S51), VLOOKUP(S51, $C$3:$G$18, 5, 0), 0) -> 240 | Y51: =SUM(W50:W51) -> 5 | Z51: =SUM(X50:X51) -> 240
J52: X20BC0083 | K52: =IF(COUNTA(J52), VLOOKUP(J52, $C$3:$G$18, 2, 0), 0) -> 37.5 | L52: =IF(COUNTA(J52), VLOOKUP(J52, $C$3:$G$18, 3, 0), 0) -> Bus | M52: BC1 | N52: =IF(COUNTA(J52), VLOOKUP(J52, $C$3:$G$18, 4, 0), 0) -> -2 | O52: =IF(COUNTA(J52), VLOOKUP(J52, $C$3:$G$18, 5, 0), 0) -> 0 | P52: =N52+P51 -> -2 | Q52: =O52+Q51 -> 0 | S52: X20DIF371 | T52: =IF(COUNTA(S52), VLOOKUP(S52, $C$3:$E$18, 2, 0), 0) -> 12.5 | U52: =IF(COUNTA(S52), VLOOKUP(S52, $C$3:$E$18, 3, 0), 0) -> DI | V52: 2DI1 | W52: =IF(COUNTA(S52), VLOOKUP(S52, $C$3:$G$18, 4, 0), 0) -> -0.18 | X52: =IF(COUNTA(S52), VLOOKUP(S52, $C$3:$G$18, 5, 0), 0) -> -1.47 | Y52: =W52+Y51 -> 4.82 | Z52: =X52+Z51 -> 238.53
J53: X20PS9400 | K53: =IF(COUNTA(J53), VLOOKUP(J53, $C$3:$G$18, 2, 0), 0) -> 12.5 | L53: =IF(COUNTA(J53), VLOOKUP(J53, $C$3:$G$18, 3, 0), 0) -> Power | N53: =IF(COUNTA(J53), VLOOKUP(J53, $C$3:$G$18, 4, 0), 0) -> 7 | O53: =IF(COUNTA(J53), VLOOKUP(J53, $C$3:$G$18, 5, 0), 0) -> 240 | P53: =N53+P52 -> 5 | Q53: =O53+Q52 -> 240 | S53: X20DOF322 | T53: =IF(COUNTA(S53), VLOOKUP(S53, $C$3:$E$18, 2, 0), 0) -> 12.5 | U53: =IF(COUNTA(S53), VLOOKUP(S53, $C$3:$E$18, 3, 0), 0) -> DO | V53: 2DO1 | W53: =IF(COUNTA(S53), VLOOKUP(S53, $C$3:$G$18, 4, 0), 0) -> -0.28 | X53: =IF(COUNTA(S53), VLOOKUP(S53, $C$3:$G$18, 5, 0), 0) -> -95 | Y53: =W53+Y52 -> 4.54 | Z53: =X53+Z52 -> 143.53
J54: X20CS1030 | K54: =IF(COUNTA(J54), VLOOKUP(J54, $C$3:$G$18, 2, 0), 0) -> 12.5 | L54: =IF(COUNTA(J54), VLOOKUP(J54, $C$3:$G$18, 3, 0), 0) -> RS485 | M54: RS485 | N54: =IF(COUNTA(J54), VLOOKUP(J54, $C$3:$G$18, 4, 0), 0) -> -0.01 | O54: =IF(COUNTA(J54), VLOOKUP(J54, $C$3:$G$18, 5, 0), 0) -> -1.44 | P54: =N54+P53 -> 4.99 | Q54: =O54+Q53 -> 238.56 | S54: X20AI8321 | T54: =IF(COUNTA(S54), VLOOKUP(S54, $C$3:$E$18, 2, 0), 0) -> 12.5 | U54: =IF(COUNTA(S54), VLOOKUP(S54, $C$3:$E$18, 3, 0), 0) -> AI | V54: 2AI1 | W54: =IF(COUNTA(S54), VLOOKUP(S54, $C$3:$G$18, 4, 0), 0) -> -0.01 | X54: =IF(COUNTA(S54), VLOOKUP(S54, $C$3:$G$18, 5, 0), 0) -> -1.37 | Y54: =W54+Y53 -> 4.53 | Z54: =X54+Z53 -> 142.16
J55: X20DIF371 | K55: =IF(COUNTA(J55), VLOOKUP(J55, $C$3:$G$18, 2, 0), 0) -> 12.5 | L55: =IF(COUNTA(J55), VLOOKUP(J55, $C$3:$G$18, 3, 0), 0) -> DI | M55: 1CDI1 | N55: =IF(COUNTA(J55), VLOOKUP(J55, $C$3:$G$18, 4, 0), 0) -> -0.18 | O55: =IF(COUNTA(J55), VLOOKUP(J55, $C$3:$G$18, 5, 0), 0) -> -1.47 | P55: =N55+P54 -> 4.81 | Q55: =O55+Q54 -> 237.09 | S55: X20AI8321 | T55: =IF(COUNTA(S55), VLOOKUP(S55, $C$3:$E$18, 2, 0), 0) -> 12.5 | U55: =IF(COUNTA(S55), VLOOKUP(S55, $C$3:$E$18, 3, 0), 0) -> AI | V55: 2AI2 | W55: =IF(COUNTA(S55), VLOOKUP(S55, $C$3:$G$18, 4, 0), 0) -> -0.01 | X55: =IF(COUNTA(S55), VLOOKUP(S55, $C$3:$G$18, 5, 0), 0) -> -1.37 | Y55: =W55+Y54 -> 4.52 | Z55: =X55+Z54 -> 140.79
J56: X20DOF322 | K56: =IF(COUNTA(J56), VLOOKUP(J56, $C$3:$G$18, 2, 0), 0) -> 12.5 | L56: =IF(COUNTA(J56), VLOOKUP(J56, $C$3:$G$18, 3, 0), 0) -> DO | M56: 1CDO1 | N56: =IF(COUNTA(J56), VLOOKUP(J56, $C$3:$G$18, 4, 0), 0) -> -0.28 | O56: =IF(COUNTA(J56), VLOOKUP(J56, $C$3:$G$18, 5, 0), 0) -> -95 | P56: =N56+P55 -> 4.53 | Q56: =O56+Q55 -> 142.09 | S56: X20AO4622 | T56: =IF(COUNTA(S56), VLOOKUP(S56, $C$3:$E$18, 2, 0), 0) -> 12.5 | U56: =IF(COUNTA(S56), VLOOKUP(S56, $C$3:$E$18, 3, 0), 0) -> AO | V56: 2AO1 | W56: =IF(COUNTA(S56), VLOOKUP(S56, $C$3:$G$18, 4, 0), 0) -> -0.01 | X56: =IF(COUNTA(S56), VLOOKUP(S56, $C$3:$G$18, 5, 0), 0) -> -1.8 | Y56: =W56+Y55 -> 4.51 | Z56: =X56+Z55 -> 138.99
J57: X20DIF371 | K57: =IF(COUNTA(J57), VLOOKUP(J57, $C$3:$G$18, 2, 0), 0) -> 12.5 | L57: =IF(COUNTA(J57), VLOOKUP(J57, $C$3:$G$18, 3, 0), 0) -> DI | M57: 1DI1 | N57: =IF(COUNTA(J57), VLOOKUP(J57, $C$3:$G$18, 4, 0), 0) -> -0.18 | O57: =IF(COUNTA(J57), VLOOKUP(J57, $C$3:$G$18, 5, 0), 0) -> -1.47 | P57: =N57+P56 -> 4.35 | Q57: =O57+Q56 -> 140.62 | S57: X20DIF371 | T57: =IF(COUNTA(S57), VLOOKUP(S57, $C$3:$E$18, 2, 0), 0) -> 12.5 | U57: =IF(COUNTA(S57), VLOOKUP(S57, $C$3:$E$18, 3, 0), 0) -> DI | V57: 3DI1 | W57: =IF(COUNTA(S57), VLOOKUP(S57, $C$3:$G$18, 4, 0), 0) -> -0.18 | X57: =IF(COUNTA(S57), VLOOKUP(S57, $C$3:$G$18, 5, 0), 0) -> -1.47 | Y57: =W57+Y56 -> 4.33 | Z57: =X57+Z56 -> 137.52
J58: X20DOF322 | K58: =IF(COUNTA(J58), VLOOKUP(J58, $C$3:$G$18, 2, 0), 0) -> 12.5 | L58: =IF(COUNTA(J58), VLOOKUP(J58, $C$3:$G$18, 3, 0), 0) -> DO | M58: 1DO1 | N58: =IF(COUNTA(J58), VLOOKUP(J58, $C$3:$G$18, 4, 0), 0) -> -0.28 | O58: =IF(COUNTA(J58), VLOOKUP(J58, $C$3:$G$18, 5, 0), 0) -> -95 | P58: =N58+P57 -> 4.07 | Q58: =O58+Q57 -> 45.62 | S58: X20DOF322 | T58: =IF(COUNTA(S58), VLOOKUP(S58, $C$3:$E$18, 2, 0), 0) -> 12.5 | U58: =IF(COUNTA(S58), VLOOKUP(S58, $C$3:$E$18, 3, 0), 0) -> DO | V58: 3DO1 | W58: =IF(COUNTA(S58), VLOOKUP(S58, $C$3:$G$18, 4, 0), 0) -> -0.28 | X58: =IF(COUNTA(S58), VLOOKUP(S58, $C$3:$G$18, 5, 0), 0) -> -95 | Y58: =W58+Y57 -> 4.05 | Z58: =X58+Z57 -> 42.52
J59: X20AI8321 | K59: =IF(COUNTA(J59), VLOOKUP(J59, $C$3:$G$18, 2, 0), 0) -> 12.5 | L59: =IF(COUNTA(J59), VLOOKUP(J59, $C$3:$G$18, 3, 0), 0) -> AI | M59: 1AI1 | N59: =IF(COUNTA(J59), VLOOKUP(J59, $C$3:$G$18, 4, 0), 0) -> -0.01 | O59: =IF(COUNTA(J59), VLOOKUP(J59, $C$3:$G$18, 5, 0), 0) -> -1.37 | P59: =N59+P58 -> 4.06 | Q59: =O59+Q58 -> 44.25 | S59: X20AI8321 | T59: =IF(COUNTA(S59), VLOOKUP(S59, $C$3:$E$18, 2, 0), 0) -> 12.5 | U59: =IF(COUNTA(S59), VLOOKUP(S59, $C$3:$E$18, 3, 0), 0) -> AI | V59: 3AI1 | W59: =IF(COUNTA(S59), VLOOKUP(S59, $C$3:$G$18, 4, 0), 0) -> -0.01 | X59: =IF(COUNTA(S59), VLOOKUP(S59, $C$3:$G$18, 5, 0), 0) -> -1.37 | Y59: =W59+Y58 -> 4.04 | Z59: =X59+Z58 -> 41.15
J60: X20AI8321 | K60: =IF(COUNTA(J60), VLOOKUP(J60, $C$3:$G$18, 2, 0), 0) -> 12.5 | L60: =IF(COUNTA(J60), VLOOKUP(J60, $C$3:$G$18, 3, 0), 0) -> AI | M60: 1AI2 | N60: =IF(COUNTA(J60), VLOOKUP(J60, $C$3:$G$18, 4, 0), 0) -> -0.01 | O60: =IF(COUNTA(J60), VLOOKUP(J60, $C$3:$G$18, 5, 0), 0) -> -1.37 | P60: =N60+P59 -> 4.05 | Q60: =O60+Q59 -> 42.88 | S60: X20AI8321 | T60: =IF(COUNTA(S60), VLOOKUP(S60, $C$3:$E$18, 2, 0), 0) -> 12.5 | U60: =IF(COUNTA(S60), VLOOKUP(S60, $C$3:$E$18, 3, 0), 0) -> AI | V60: 3AI2 | W60: =IF(COUNTA(S60), VLOOKUP(S60, $C$3:$G$18, 4, 0), 0) -> -0.01 | X60: =IF(COUNTA(S60), VLOOKUP(S60, $C$3:$G$18, 5, 0), 0) -> -1.37 | Y60: =W60+Y59 -> 4.03 | Z60: =X60+Z59 -> 39.78
J61: X20AO4622 | K61: =IF(COUNTA(J61), VLOOKUP(J61, $C$3:$G$18, 2, 0), 0) -> 12.5 | L61: =IF(COUNTA(J61), VLOOKUP(J61, $C$3:$G$18, 3, 0), 0) -> AO | M61: 1AO1 | N61: =IF(COUNTA(J61), VLOOKUP(J61, $C$3:$G$18, 4, 0), 0) -> -0.01 | O61: =IF(COUNTA(J61), VLOOKUP(J61, $C$3:$G$18, 5, 0), 0) -> -1.8 | P61: =N61+P60 -> 4.04 | Q61: =O61+Q60 -> 41.08 | S61: X20AO4622 | T61: =IF(COUNTA(S61), VLOOKUP(S61, $C$3:$E$18, 2, 0), 0) -> 12.5 | U61: =IF(COUNTA(S61), VLOOKUP(S61, $C$3:$E$18, 3, 0), 0) -> AO | V61: 3AO1 | W61: =IF(COUNTA(S61), VLOOKUP(S61, $C$3:$G$18, 4, 0), 0) -> -0.01 | X61: =IF(COUNTA(S61), VLOOKUP(S61, $C$3:$G$18, 5, 0), 0) -> -1.8 | Y61: =W61+Y60 -> 4.02 | Z61: =X61+Z60 -> 37.98
K62: =IF(COUNTA(J62), VLOOKUP(J62, $C$3:$G$18, 2, 0), 0) -> 0 | L62: =IF(COUNTA(J62), VLOOKUP(J62, $C$3:$G$18, 3, 0), 0) -> 0 | N62: =IF(COUNTA(J62), VLOOKUP(J62, $C$3:$G$18, 4, 0), 0) -> 0 | O62: =IF(COUNTA(J62), VLOOKUP(J62, $C$3:$G$18, 5, 0), 0) -> 0 | P62: =N62+P61 -> 4.04 | Q62: =O62+Q61 -> 41.08 | S62: X20PS9400 | T62: =IF(COUNTA(S62), VLOOKUP(S62, $C$3:$E$18, 2, 0), 0) -> 12.5 | U62: =IF(COUNTA(S62), VLOOKUP(S62, $C$3:$E$18, 3, 0), 0) -> Power | W62: =IF(COUNTA(S62), VLOOKUP(S62, $C$3:$G$18, 4, 0), 0) -> 7 | X62: =IF(COUNTA(S62), VLOOKUP(S62, $C$3:$G$18, 5, 0), 0) -> 240 | Y62: =W62+Y61 -> 11.02 | Z62: =X62+Z61 -> 277.98
J63: 0AC808.9-1 | K63: =IF(COUNTA(J63), VLOOKUP(J63, $C$3:$G$18, 2, 0), 0) -> #N/A | L63: =IF(COUNTA(J63), VLOOKUP(J63, $C$3:$G$18, 3, 0), 0) -> #N/A | N63: =IF(COUNTA(J63), VLOOKUP(J63, $C$3:$G$18, 4, 0), 0) -> #N/A | O63: =IF(COUNTA(J63), VLOOKUP(J63, $C$3:$G$18, 5, 0), 0) -> #N/A | P63: =N63+P62 -> #N/A | Q63: =O63+Q62 -> #N/A | S63: X20DIF371 | T63: =IF(COUNTA(S63), VLOOKUP(S63, $C$3:$E$18, 2, 0), 0) -> 12.5 | U63: =IF(COUNTA(S63), VLOOKUP(S63, $C$3:$E$18, 3, 0), 0) -> DI | V63: 4DI1 | W63: =IF(COUNTA(S63), VLOOKUP(S63, $C$3:$G$18, 4, 0), 0) -> -0.18 | X63: =IF(COUNTA(S63), VLOOKUP(S63, $C$3:$G$18, 5, 0), 0) -> -1.47 | Y63: =W63+Y62 -> 10.84 | Z63: =X63+Z62 -> 276.51
K64: =IF(COUNTA(J64), VLOOKUP(J64, $C$3:$G$18, 2, 0), 0) -> 0 | L64: =IF(COUNTA(J64), VLOOKUP(J64, $C$3:$G$18, 3, 0), 0) -> 0 | N64: =IF(COUNTA(J64), VLOOKUP(J64, $C$3:$G$18, 4, 0), 0) -> 0 | O64: =IF(COUNTA(J64), VLOOKUP(J64, $C$3:$G$18, 5, 0), 0) -> 0 | P64: =N64+P63 -> #N/A | Q64: =O64+Q63 -> #N/A | S64: X20DOF322 | T64: =IF(COUNTA(S64), VLOOKUP(S64, $C$3:$E$18, 2, 0), 0) -> 12.5 | U64: =IF(COUNTA(S64), VLOOKUP(S64, $C$3:$E$18, 3, 0), 0) -> DO | V64: 4DO1 | W64: =IF(COUNTA(S64), VLOOKUP(S64, $C$3:$G$18, 4, 0), 0) -> -0.28 | X64: =IF(COUNTA(S64), VLOOKUP(S64, $C$3:$G$18, 5, 0), 0) -> -95 | Y64: =W64+Y63 -> 10.56 | Z64: =X64+Z63 -> 181.51
K65: =IF(COUNTA(J65), VLOOKUP(J65, $C$3:$G$18, 2, 0), 0) -> 0 | L65: =IF(COUNTA(J65), VLOOKUP(J65, $C$3:$G$18, 3, 0), 0) -> 0 | N65: =IF(COUNTA(J65), VLOOKUP(J65, $C$3:$G$18, 4, 0), 0) -> 0 | O65: =IF(COUNTA(J65), VLOOKUP(J65, $C$3:$G$18, 5, 0), 0) -> 0 | P65: =N65+P64 -> #N/A | Q65: =O65+Q64 -> #N/A | S65: X20AI8321 | T65: =IF(COUNTA(S65), VLOOKUP(S65, $C$3:$E$18, 2, 0), 0) -> 12.5 | U65: =IF(COUNTA(S65), VLOOKUP(S65, $C$3:$E$18, 3, 0), 0) -> AI | V65: 4AI1 | W65: =IF(COUNTA(S65), VLOOKUP(S65, $C$3:$G$18, 4, 0), 0) -> -0.01 | X65: =IF(COUNTA(S65), VLOOKUP(S65, $C$3:$G$18, 5, 0), 0) -> -1.37 | Y65: =W65+Y64 -> 10.55 | Z65: =X65+Z64 -> 180.14
K66: =IF(COUNTA(J66), VLOOKUP(J66, $C$3:$G$18, 2, 0), 0) -> 0 | L66: =IF(COUNTA(J66), VLOOKUP(J66, $C$3:$G$18, 3, 0), 0) -> 0 | N66: =IF(COUNTA(J66), VLOOKUP(J66, $C$3:$G$18, 4, 0), 0) -> 0 | O66: =IF(COUNTA(J66), VLOOKUP(J66, $C$3:$G$18, 5, 0), 0) -> 0 | P66: =N66+P65 -> #N/A | Q66: =O66+Q65 -> #N/A | S66: X20AI8321 | T66: =IF(COUNTA(S66), VLOOKUP(S66, $C$3:$E$18, 2, 0), 0) -> 12.5 | U66: =IF(COUNTA(S66), VLOOKUP(S66, $C$3:$E$18, 3, 0), 0) -> AI | V66: 4AI2 | W66: =IF(COUNTA(S66), VLOOKUP(S66, $C$3:$G$18, 4, 0), 0) -> -0.01 | X66: =IF(COUNTA(S66), VLOOKUP(S66, $C$3:$G$18, 5, 0), 0) -> -1.37 | Y66: =W66+Y65 -> 10.54 | Z66: =X66+Z65 -> 178.77
K67: =IF(COUNTA(J67), VLOOKUP(J67, $C$3:$G$18, 2, 0), 0) -> 0 | L67: =IF(COUNTA(J67), VLOOKUP(J67, $C$3:$G$18, 3, 0), 0) -> 0 | N67: =IF(COUNTA(J67), VLOOKUP(J67, $C$3:$G$18, 4, 0), 0) -> 0 | O67: =IF(COUNTA(J67), VLOOKUP(J67, $C$3:$G$18, 5, 0), 0) -> 0 | P67: =N67+P66 -> #N/A | Q67: =O67+Q66 -> #N/A | S67: X20AO4622 | T67: =IF(COUNTA(S67), VLOOKUP(S67, $C$3:$E$18, 2, 0), 0) -> 12.5 | U67: =IF(COUNTA(S67), VLOOKUP(S67, $C$3:$E$18, 3, 0), 0) -> AO | V67: 4AO1 | W67: =IF(COUNTA(S67), VLOOKUP(S67, $C$3:$G$18, 4, 0), 0) -> -0.01 | X67: =IF(COUNTA(S67), VLOOKUP(S67, $C$3:$G$18, 5, 0), 0) -> -1.8 | Y67: =W67+Y66 -> 10.53 | Z67: =X67+Z66 -> 176.97
K68: =IF(COUNTA(J68), VLOOKUP(J68, $C$3:$G$18, 2, 0), 0) -> 0 | L68: =IF(COUNTA(J68), VLOOKUP(J68, $C$3:$G$18, 3, 0), 0) -> 0 | N68: =IF(COUNTA(J68), VLOOKUP(J68, $C$3:$G$18, 4, 0), 0) -> 0 | O68: =IF(COUNTA(J68), VLOOKUP(J68, $C$3:$G$18, 5, 0), 0) -> 0 | P68: =N68+P67 -> #N/A | Q68: =O68+Q67 -> #N/A | S68: X20DIF371 | T68: =IF(COUNTA(S68), VLOOKUP(S68, $C$3:$E$18, 2, 0), 0) -> 12.5 | U68: =IF(COUNTA(S68), VLOOKUP(S68, $C$3:$E$18, 3, 0), 0) -> DI | V68: 5DI1 | W68: =IF(COUNTA(S68), VLOOKUP(S68, $C$3:$G$18, 4, 0), 0) -> -0.18 | X68: =IF(COUNTA(S68), VLOOKUP(S68, $C$3:$G$18, 5, 0), 0) -> -1.47 | Y68: =W68+Y67 -> 10.35 | Z68: =X68+Z67 -> 175.5
K69: =IF(COUNTA(J69), VLOOKUP(J69, $C$3:$G$18, 2, 0), 0) -> 0 | L69: =IF(COUNTA(J69), VLOOKUP(J69, $C$3:$G$18, 3, 0), 0) -> 0 | N69: =IF(COUNTA(J69), VLOOKUP(J69, $C$3:$G$18, 4, 0), 0) -> 0 | O69: =IF(COUNTA(J69), VLOOKUP(J69, $C$3:$G$18, 5, 0), 0) -> 0 | P69: =N69+P68 -> #N/A | Q69: =O69+Q68 -> #N/A | S69: X20DOF322 | T69: =IF(COUNTA(S69), VLOOKUP(S69, $C$3:$E$18, 2, 0), 0) -> 12.5 | U69: =IF(COUNTA(S69), VLOOKUP(S69, $C$3:$E$18, 3, 0), 0) -> DO | V69: 5DO1 | W69: =IF(COUNTA(S69), VLOOKUP(S69, $C$3:$G$18, 4, 0), 0) -> -0.28 | X69: =IF(COUNTA(S69), VLOOKUP(S69, $C$3:$G$18, 5, 0), 0) -> -95 | Y69: =W69+Y68 -> 10.07 | Z69: =X69+Z68 -> 80.5
K70: =IF(COUNTA(J70), VLOOKUP(J70, $C$3:$G$18, 2, 0), 0) -> 0 | L70: =IF(COUNTA(J70), VLOOKUP(J70, $C$3:$G$18, 3, 0), 0) -> 0 | N70: =IF(COUNTA(J70), VLOOKUP(J70, $C$3:$G$18, 4, 0), 0) -> 0 | O70: =IF(COUNTA(J70), VLOOKUP(J70, $C$3:$G$18, 5, 0), 0) -> 0 | P70: =N70+P69 -> #N/A | Q70: =O70+Q69 -> #N/A | S70: X20AI8321 | T70: =IF(COUNTA(S70), VLOOKUP(S70, $C$3:$E$18, 2, 0), 0) -> 12.5 | U70: =IF(COUNTA(S70), VLOOKUP(S70, $C$3:$E$18, 3, 0), 0) -> AI | V70: 5AI1 | W70: =IF(COUNTA(S70), VLOOKUP(S70, $C$3:$G$18, 4, 0), 0) -> -0.01 | X70: =IF(COUNTA(S70), VLOOKUP(S70, $C$3:$G$18, 5, 0), 0) -> -1.37 | Y70: =W70+Y69 -> 10.06 | Z70: =X70+Z69 -> 79.13
S71: X20AI8321 | T71: =IF(COUNTA(S71), VLOOKUP(S71, $C$3:$E$18, 2, 0), 0) -> 12.5 | U71: =IF(COUNTA(S71), VLOOKUP(S71, $C$3:$E$18, 3, 0), 0) -> AI | V71: 5AI2 | W71: =IF(COUNTA(S71), VLOOKUP(S71, $C$3:$G$18, 4, 0), 0) -> -0.01 | X71: =IF(COUNTA(S71), VLOOKUP(S71, $C$3:$G$18, 5, 0), 0) -> -1.37 | Y71: =W71+Y70 -> 10.05 | Z71: =X71+Z70 -> 77.76
S72: X20AO4622 | T72: =IF(COUNTA(S72), VLOOKUP(S72, $C$3:$E$18, 2, 0), 0) -> 12.5 | U72: =IF(COUNTA(S72), VLOOKUP(S72, $C$3:$E$18, 3, 0), 0) -> AO | V72: 5AO1 | W72: =IF(COUNTA(S72), VLOOKUP(S72, $C$3:$G$18, 4, 0), 0) -> -0.01 | X72: =IF(COUNTA(S72), VLOOKUP(S72, $C$3:$G$18, 5, 0), 0) -> -1.8 | Y72: =W72+Y71 -> 10.04 | Z72: =X72+Z71 -> 75.96
S73: X20PS9400 | T73: =IF(COUNTA(S73), VLOOKUP(S73, $C$3:$E$18, 2, 0), 0) -> 12.5 | U73: =IF(COUNTA(S73), VLOOKUP(S73, $C$3:$E$18, 3, 0), 0) -> Power | W73: =IF(COUNTA(S73), VLOOKUP(S73, $C$3:$G$18, 4, 0), 0) -> 7 | X73: =IF(COUNTA(S73), VLOOKUP(S73, $C$3:$G$18, 5, 0), 0) -> 240 | Y73: =W73+Y72 -> 17.04 | Z73: =X73+Z72 -> 315.96
S74: X20DIF371 | T74: =IF(COUNTA(S74), VLOOKUP(S74, $C$3:$E$18, 2, 0), 0) -> 12.5 | U74: =IF(COUNTA(S74), VLOOKUP(S74, $C$3:$E$18, 3, 0), 0) -> DI | V74: 6DI1 | W74: =IF(COUNTA(S74), VLOOKUP(S74, $C$3:$G$18, 4, 0), 0) -> -0.18 | X74: =IF(COUNTA(S74), VLOOKUP(S74, $C$3:$G$18, 5, 0), 0) -> -1.47 | Y74: =W74+Y73 -> 16.86 | Z74: =X74+Z73 -> 314.49
S75: X20DOF322 | T75: =IF(COUNTA(S75), VLOOKUP(S75, $C$3:$E$18, 2, 0), 0) -> 12.5 | U75: =IF(COUNTA(S75), VLOOKUP(S75, $C$3:$E$18, 3, 0), 0) -> DO | V75: 6DO1 | W75: =IF(COUNTA(S75), VLOOKUP(S75, $C$3:$G$18, 4, 0), 0) -> -0.28 | X75: =IF(COUNTA(S75), VLOOKUP(S75, $C$3:$G$18, 5, 0), 0) -> -95 | Y75: =W75+Y74 -> 16.58 | Z75: =X75+Z74 -> 219.49
S76: X20AI8321 | T76: =IF(COUNTA(S76), VLOOKUP(S76, $C$3:$E$18, 2, 0), 0) -> 12.5 | U76: =IF(COUNTA(S76), VLOOKUP(S76, $C$3:$E$18, 3, 0), 0) -> AI | V76: 6AI1 | W76: =IF(COUNTA(S76), VLOOKUP(S76, $C$3:$G$18, 4, 0), 0) -> -0.01 | X76: =IF(COUNTA(S76), VLOOKUP(S76, $C$3:$G$18, 5, 0), 0) -> -1.37 | Y76: =W76+Y75 -> 16.57 | Z76: =X76+Z75 -> 218.12
S77: X20AI8321 | T77: =IF(COUNTA(S77), VLOOKUP(S77, $C$3:$E$18, 2, 0), 0) -> 12.5 | U77: =IF(COUNTA(S77), VLOOKUP(S77, $C$3:$E$18, 3, 0), 0) -> AI | V77: 6AI2 | W77: =IF(COUNTA(S77), VLOOKUP(S77, $C$3:$G$18, 4, 0), 0) -> -0.01 | X77: =IF(COUNTA(S77), VLOOKUP(S77, $C$3:$G$18, 5, 0), 0) -> -1.37 | Y77: =W77+Y76 -> 16.56 | Z77: =X77+Z76 -> 216.75
S78: X20AO4622 | T78: =IF(COUNTA(S78), VLOOKUP(S78, $C$3:$E$18, 2, 0), 0) -> 12.5 | U78: =IF(COUNTA(S78), VLOOKUP(S78, $C$3:$E$18, 3, 0), 0) -> AO | V78: 6AO1 | W78: =IF(COUNTA(S78), VLOOKUP(S78, $C$3:$G$18, 4, 0), 0) -> -0.01 | X78: =IF(COUNTA(S78), VLOOKUP(S78, $C$3:$G$18, 5, 0), 0) -> -1.8 | Y78: =W78+Y77 -> 16.55 | Z78: =X78+Z77 -> 214.95
T79: =IF(COUNTA(S79), VLOOKUP(S79, $C$3:$E$18, 2, 0), 0) -> 0 | U79: =IF(COUNTA(S79), VLOOKUP(S79, $C$3:$E$18, 3, 0), 0) -> 0 | W79: =IF(COUNTA(S79), VLOOKUP(S79, $C$3:$G$18, 4, 0), 0) -> 0 | X79: =IF(COUNTA(S79), VLOOKUP(S79, $C$3:$G$18, 5, 0), 0) -> 0 | Y79: =W79+Y78 -> 16.55 | Z79: =X79+Z78 -> 214.95
T80: =IF(COUNTA(S80), VLOOKUP(S80, $C$3:$E$18, 2, 0), 0) -> 0 | U80: =IF(COUNTA(S80), VLOOKUP(S80, $C$3:$E$18, 3, 0), 0) -> 0 | W80: =IF(COUNTA(S80), VLOOKUP(S80, $C$3:$G$18, 4, 0), 0) -> 0 | X80: =IF(COUNTA(S80), VLOOKUP(S80, $C$3:$G$18, 5, 0), 0) -> 0 | Y80: =W80+Y79 -> 16.55 | Z80: =X80+Z79 -> 214.95
T81: =IF(COUNTA(S81), VLOOKUP(S81, $C$3:$E$18, 2, 0), 0) -> 0 | U81: =IF(COUNTA(S81), VLOOKUP(S81, $C$3:$E$18, 3, 0), 0) -> 0 | W81: =IF(COUNTA(S81), VLOOKUP(S81, $C$3:$G$18, 4, 0), 0) -> 0 | X81: =IF(COUNTA(S81), VLOOKUP(S81, $C$3:$G$18, 5, 0), 0) -> 0 | Y81: =W81+Y80 -> 16.55 | Z81: =X81+Z80 -> 214.95
T82: =IF(COUNTA(S82), VLOOKUP(S82, $C$3:$E$18, 2, 0), 0) -> 0 | U82: =IF(COUNTA(S82), VLOOKUP(S82, $C$3:$E$18, 3, 0), 0) -> 0 | W82: =IF(COUNTA(S82), VLOOKUP(S82, $C$3:$G$18, 4, 0), 0) -> 0 | X82: =IF(COUNTA(S82), VLOOKUP(S82, $C$3:$G$18, 5, 0), 0) -> 0 | Y82: =W82+Y81 -> 16.55 | Z82: =X82+Z81 -> 214.95
T83: =IF(COUNTA(S83), VLOOKUP(S83, $C$3:$E$18, 2, 0), 0) -> 0 | U83: =IF(COUNTA(S83), VLOOKUP(S83, $C$3:$E$18, 3, 0), 0) -> 0 | W83: =IF(COUNTA(S83), VLOOKUP(S83, $C$3:$G$18, 4, 0), 0) -> 0 | X83: =IF(COUNTA(S83), VLOOKUP(S83, $C$3:$G$18, 5, 0), 0) -> 0 | Y83: =W83+Y82 -> 16.55 | Z83: =X83+Z82 -> 214.95

Sheet Common module
A1: Module | B1: CH | C1: P_terminal | D1: M_terminal | E1: TagNo | F1: IOType | G1: SignalType | H1: PSType | I1: SystemUnit | J1: CAT4VName | K1: Description | L1: Min | M1: Max | N1: Unit | O1: Al_LLT | P1: Al_LLD | Q1: Al_LOT | R1: Al_LOD | S1: Al_HOT | T1: AL_HOD | U1: Al_HHT | V1: Al_HHD | W1: ConnectionPoint | X1: Remark | Y1: CAT3
A2: string | B2: double | C2: double | D2: double | E2: string | F2: categorical | G2: categorical | H2: categorical | I2: categorical | J2: string | K2: string | L2: double | M2: double | N2: string | O2: string | P2: double | Q2: string | R2: double | S2: string | T2: double | U2: string | V2: double | W2: string | X2: string | Y2: categorical
A3: No. | B3: CH | C3: (+) | D3: (-) | E3: Tag No. | F3: Signal type | I3: System Unit | J3: Variable name | K3: Description | L3: Range | O3: Alarm | W3: Connection point | X3: Remark
L4: Min | M4: Max | N4: Unit | O4: Low-Low | P4: Delay | Q4: Low | R4: Delay | S4: High | T4: Delay | U4: High-High | V4: Delay
A5: 1CDI1 | B5: 1 | C5: 11 | E5: MOC00-200 | F5: DI | G5: N/O | H5: DC24V | I5: MOCS | J5: CDI1Reserved1 | K5: MOCS F.O Supply pump Auto mode (Reserved) - 미적용 | W5: Front door → IO module | X5: 1=Auto | Y5: FODS
A6: 1CDI1 | B6: 2 | C6: 21 | E6: MOC00-370 | F6: DI | G6: N/O | H6: DC24V | I6: MOCS | J6: AlarmReset | K6: Alarm Reset | W6: Front door → IO module | X6: 1=Reset | Y6: MOCS
A7: 1CDI1 | B7: 3 | C7: 12 | E7: ENG10-700 | F7: DI | G7: N/C | H7: DC24V | I7: MOCS | J7: LowSulfFOSupd | K7: Low Sulfur fuel supplied (S=0.1%) | Q7: 0 | R7: 1 | W7: Yard → MOCS control unit | X7: 1=0.1% Sulfur | Y7: MOCS
A8: 1CDI1 | B8: 4 | C8: 22 | E8: MOC00-803 | F8: DI | G8: N/C | H8: DC24V | I8: MOCS | J8: InternalPwrFail | K8: Internal power Fail | Q8: 0 | R8: 1 | W8: Internal → IO module | X8: 0=Fail | Y8: MOCS
A9: 1CDI1 | B9: 5 | C9: 13 | E9: MOC00-804 | F9: DI | G9: N/C | H9: DC24V | I9: MOCS | J9: ExternalPwrFail | K9: External power Fail | Q9: 0 | R9: 1 | W9: Internal → IO module | X9: 0=Fail | Y9: MOCS
A10: 1CDI1 | B10: 6 | C10: 23 | E10: MOC00-805 | F10: DI | G10: N/C | H10: DC24V | I10: MOCS | J10: FanPwrFail | K10: Fan power Fail | Q10: 0 | R10: 1 | W10: Internal → IO module | X10: 0=Fail | Y10: MOCS
A11: 1CDI1 | B11: 7 | C11: 14 | E11: MOC00-806 | F11: DI | G11: N/C | H11: DC24V | I11: MOCS | J11: ESDcircuitPwrFail | K11: ESD circuit power Fail | Q11: 0 | R11: 1 | W11: Internal → IO module | X11: 0=Fail | Y11: MOCS
A12: 1CDI1 | B12: 8 | C12: 24 | E12: MOC00-807 | F12: DI | G12: N/C | H12: DC24V | I12: MOCS | J12: UPSPwrFail | K12: UPS power Fail | Q12: 0 | R12: 1 | W12: Internal → IO module | X12: 0=Fail | Y12: MOCS
A13: 1CDI1 | B13: 9 | C13: 15 | E13: FSP00-201 | F13: DI | G13: N/O | H13: DC24V | I13: FODS | J13: No1FOSPumpRemote | K13: No.1 MOCS F.O Supply pump Remote | Q13: 0 | R13: 1 | W13: No.1 MOCS F.O. Supply pump starter → MOCS control unit | X13: 1=Remote | Y13: FODS
A14: 1CDI1 | B14: 10 | C14: 25 | E14: FSP00-301 | F14: DI | G14: N/C | H14: DC24V | I14: FODS | J14: No1FOSPumpAbnormal | K14: No.1 MOCS F.O Supply pump Abnormal | Q14: 0 | R14: 1 | W14: No.1 MOCS F.O. Supply pump starter → MOCS control unit | X14: 0=Abnormal | Y14: FODS
A15: 1CDI1 | B15: 11 | C15: 16 | E15: FSP00-221 | F15: DI | G15: N/O | H15: DC24V | I15: FODS | J15: No1FOSPumpRunning | K15: No.1 MOCS F.O Supply pump Running | Q15: 0 | R15: 10 | W15: No.1 MOCS F.O. Supply pump starter → MOCS control unit | X15: 1=Running | Y15: FODS
A16: 1CDI1 | B16: 12 | C16: 26 | E16: FSP00-202 | F16: DI | G16: N/O | H16: DC24V | I16: FODS | J16: No2FOSPumpRemote | K16: No.2 MOCS F.O Supply pump Remote | Q16: 0 | R16: 1 | W16: No.2 MOCS F.O. Supply pump starter → MOCS control unit | X16: 1=Remote | Y16: FODS
A17: 1CDI1 | B17: 13 | C17: 17 | E17: FSP00-302 | F17: DI | G17: N/C | H17: DC24V | I17: FODS | J17: No2FOSPumpAbnormal | K17: No.2 MOCS F.O Supply pump Abnormal | Q17: 0 | R17: 1 | W17: No.2 MOCS F.O. Supply pump starter → MOCS control unit | X17: 0=Abnormal | Y17: FODS
A18: 1CDI1 | B18: 14 | C18: 27 | E18: FSP00-222 | F18: DI | G18: N/O | H18: DC24V | I18: FODS | J18: No2FOSPumpRunning | K18: No.2 MOCS F.O Supply pump Running | Q18: 0 | R18: 10 | W18: No.2 MOCS F.O. Supply pump starter → MOCS control unit | X18: 1=Running | Y18: FODS
A19: 1CDI1 | B19: 15 | C19: 18 | E19: FSU10-200 | F19: DI | G19: N/O | H19: DC24V | I19: FODS | J19: FOSPumpRunningYard | K19: MOCS F.O Supply pump Running from Yard | Q19: 0 | R19: 10 | W19: Yard → MOCS control unit | X19: 1=Running
A20: 1CDI1 | B20: 16 | C20: 28 | J20: CDI1Reserved16
A21: 1CDO1 | B21: 1 | C21: 11 | E21: MOCS11-331 | F21: DO | G21: N/C | H21: Isolated | I21: MOCS | J21: MOCSCmmnAlarm | K21: MOCS Common Alarm | W21: MOCS control unit → Yard | X21: 0=Alarm | Y21: MOCS
A22: 1CDO1 | B22: 2 | C22: 21 | E22: MOC01-381 | F22: DO | G22: N/O | I22: MOCS | J22: MOCSCmmnAlarmLamp | K22: MOCS Common Alarm Lamp | W22: MOCS control unit → Front door | X22: 1=Lamp on | Y22: MOCS
A23: 1CDO1 | B23: 3 | C23: 12 | E23: MOC01-390 | F23: DO | G23: N/O | I23: MOCS | J23: MOCSCmmnAlarmBuzzer | K23: MOCS Common Alarm Buzzer | W23: MOCS control unit → Front door | X23: 1=Buzzer on | Y23: MOCS
A24: 1CDO1 | B24: 4 | C24: 22 | E24: FSP01-111 | F24: DO | G24: N/O | H24: Isolated | I24: MOCS | J24: No1FOSPumpRunCmd | K24: No.1 MOCS F.O Supply pump Run Command | W24: MOCS control unit → No.1 MOCS F.O. Supply pump starter | X24: 1=Run | Y24: FODS
A25: 1CDO1 | B25: 5 | C25: 13 | E25: FSP01-112 | F25: DO | G25: N/O | H25: Isolated | I25: FODS | J25: No2FOSPumpRunCmd | K25: No.2 MOCS F.O Supply pump Run Command | W25: MOCS control unit → No.2 MOCS F.O. Supply pump starter | X25: 1=Run | Y25: FODS
A26: 1CDO1 | B26: 6 | C26: 23 | E26: FSU11-110 | F26: DO | G26: N/O | H26: Isolated | I26: FODS | J26: FOSPumpRunRqstYard | K26: MOCS F.O Supply pump Run Request to Yard | W26: MOCS control unit → Yard | X26: 1=Run | Y26: FODS
A27: 1CDO1 | B27: 7 | C27: 14 | E27: FSU11-300 | F27: DO | G27: N/C | H27: Isolated | I27: FODS | J27: FOSPumpFailYard | K27: MOCS F.O Supply pump Fail to Yard | W27: MOCS control unit → Yard | X27: 0=Fail | Y27: FODS
A28: 1CDO1 | B28: 8 | C28: 24 | J28: CDO1Reserved8
A29: 1CDO1 | B29: 9 | C29: 15 | J29: CDO1Reserved9
A30: 1CDO1 | B30: 10 | C30: 25 | J30: CDO1Reserved10
A31: 1CDO1 | B31: 11 | C31: 16 | J31: CDO1Reserved11
A32: 1CDO1 | B32: 12 | C32: 26 | J32: CDO1Reserved12
A33: 1CDO1 | B33: 13 | C33: 17 | J33: CDO1Reserved13
A34: 1CDO1 | B34: 14 | C34: 27 | J34: CDO1Reserved14
A35: 1CDO1 | B35: 15 | C35: 18 | J35: CDO1Reserved15
A36: 1CDO1 | B36: 16 | C36: 28 | J36: CDO1Reserved16
A37: 1CAI1 | B37: 1 | C37: 11 | D37: 21 | E37: PT102040 | F37: AI | G37: 4-20mA | H37: DC24V | I37: FODS | J37: FOSupInletPress | K37: MOCS F.O Supply Inlet Press | L37: -1 | M37: 10 | N37: bar | Q37: -0.2 | R37: 2 | W37: MOCS F.O. Supply unit → MOCS control unit | Y37: FODS
A38: 1CAI1 | B38: 2 | C38: 12 | D38: 22 | E38: PT102041 | F38: AI | G38: 4-20mA | H38: DC24V | I38: FODS | J38: FOSupOutletPress | K38: MOCS F.O Supply Outlet Press | L38: 0 | M38: 16 | N38: bar | O38: 4 | P38: 5 | Q38: 5 | R38: 5 | S38: 11 | T38: 10 | U38: 12 | V38: 10 | W38: MOCS F.O. Supply unit → MOCS control unit | Y38: FODS
A39: 1CAI1 | B39: 3 | C39: 13 | D39: 23 | J39: CAI1Reserved3
A40: 1CAI1 | B40: 4 | C40: 14 | D40: 24 | J40: CAI1Reserved4
A41: 1CAI1 | B41: 5 | C41: 15 | D41: 25 | J41: CAI1Reserved5
A42: 1CAI1 | B42: 6 | C42: 16 | D42: 26 | J42: CAI1Reserved6
A43: 1CAI1 | B43: 7 | C43: 17 | D43: 27 | J43: CAI1Reserved7
A44: 1CAI1 | B44: 8 | C44: 18 | D44: 28 | J44: CAI1Reserved8
A45: 1CAO1 | B45: 1 | C45: 12 | D45: 13 | E45: FSP01-411 | F45: AO | G45: 4-20mA | I45: FODS | J45: No1FOSPumpSetpoint | K45: No.1 MOCS F.O Supply pump Setpoint | L45: 확인중 | M45: 확인중 | N45: 확인중 | W45: MOCS control unit → MOCS F.O. Supply unit | Y45: FODS
A46: 1CAO1 | B46: 2 | C46: 22 | D46: 23 | E46: FSP01-412 | F46: AO | G46: 4-20mA | H46: - | I46: FODS | J46: No2FOSPumpSetpoint | K46: No.2 MOCS F.O Supply pump Setpoint | L46: 확인중 | M46: 확인중 | N46: 확인중 | W46: MOCS control unit → MOCS F.O. Supply unit | Y46: FODS
A47: 1CAO1 | B47: 3 | C47: 15 | D47: 16 | J47: ICAOReserved3
A48: 1CAO1 | B48: 4 | C48: 25 | D48: 26 | J48: ICAOReserved4
K54: UPS 적용 여부 | L54: 미적용
K55: FO tank level alarm 필요 여부 | L55: 미적용

Sheet No.# Module
A1: Module | B1: CH | C1: P_terminal | D1: M_terminal | E1: TagNo | F1: IOType | G1: SignalType | H1: PSType | I1: SystemUnit | J1: CAT4VName | K1: Description | L1: Min | M1: Max | N1: Unit | O1: Al_LLT | P1: Al_LLD | Q1: Al_LOT | R1: Al_LOD | S1: Al_HOT | T1: AL_HOD | U1: Al_HHT | V1: Al_HHD | W1: ConnectionPoint | X1: Remark
A2: string | B2: double | C2: double | D2: double | E2: string | F2: categorical | G2: categorical | H2: categorical | I2: categorical | J2: string | K2: string | L2: double | M2: double | N2: string | O2: double | P2: double | Q2: double | R2: double | S2: double | T2: double | U2: double | V2: double | W2: string | X2: string
A3: Module | B3: CH | C3: (+) | D3: (-) | E3: Tag No. | F3: Signal type | I3: Unit | J3: Variable name | K3: Description | L3: Range | O3: Alarm | W3: Connection point | X3: Remark
L4: Min | M4: Max | N4: Unit | O4: Low-Low | P4: Delay | Q4: Low | R4: Delay | S4: High | T4: Delay | U4: High-High | V4: Delay
A5: #DI1 | B5: 1 | C5: 11 | E5: ENG10-70# | F5: DI | G5: N/C | H5: DC24V | I5: MOCS | J5: IDI1Reserved1 | K5: No.# G/E Low Sulfur fuel supplied(S=0.1%)(Reserved)-Not applied | Q5: 0 | R5: 1 | W5: Yard → MOCS control unit | X5: 1=0.1% Sulfur
A6: #DI1 | B6: 2 | C6: 21 | E6: MOC00-20# | F6: DI | G6: N/O | H6: DC24V | I6: MOCS | J6: MOCSRemote | K6: No.# MOCS Remote/Local | W6: Front door → MOCS control unit | X6: 1=Remote
A7: #DI1 | B7: 3 | C7: 12 | E7: MOC00-91#P | F7: DI | G7: N/C | H7: DC24V | I7: MOCS | J7: MOCSEmcyStopPanel | K7: No.# MOCS Em'cy stop From panel(To module) | Q7: 0 | R7: 0.1 | W7: Internal relay → IO module | X7: 0=Em'cy Stop
A8: #DI1 | B8: 4 | C8: 22 | E8: MOC00-91#E | F8: DI | G8: N/C | H8: DC24V | I8: MOCS | J8: MOCSEmcystopECR | K8: No.# MOCS Em'cy stop From ECR(To module) | Q8: 0 | R8: 0.1 | W8: Internal relay → IO module | X8: 0=Em'cy Stop
A9: #DI1 | B9: 5 | C9: 13 | E9: MOC00-91#B | F9: DI | G9: N/C | H9: DC24V | I9: MOCS | J9: MOCSEmcystopBridge | K9: No.# MOCS Em'cy stop From Bridge(To module) | Q9: 0 | R9: 0.1 | W9: Internal relay → IO module | X9: 0=Em'cy Stop
A10: #DI1 | B10: 6 | C10: 23 | E10: MOC10-11# | F10: DI | G10: N/O | H10: DC24V | I10: MOCS | J10: MOCSStart | K10: No.# MOCS Start | W10: Yard → MOCS control unit | X10: 1=Start
A11: #DI1 | B11: 7 | C11: 14 | E11: MBV10-11# | F11: DI | G11: N/O | H11: DC24V | I11: MOCS | J11: MOCSPreparation | K11: No.# MOCS Preparation | W11: Yard → MOCS control unit | X11: 1=Preparation
A12: #DI1 | B12: 8 | C12: 24 | E12: MOC10-01# | F12: DI | G12: N/O | H12: DC24V | I12: MOCS | J12: MOCSStop | K12: No.# MOCS Stop | W12: Yard → MOCS control unit | X12: 1=Stop
A13: #DI1 | B13: 9 | C13: 15 | E13: XC104#01-2 | F13: DI | G13: N/O | H13: DC24V | I13: MOCS | J13: RSVFeedOpen | K13: No.# MOCS RSV Feedback(Open) | W13: RSV → MOCS control unit | X13: 1=Open
A14: #DI1 | B14: 10 | C14: 25 | E14: XC104#01-3 | F14: DI | G14: N/O | H14: DC24V | I14: MOCS | J14: RSVFeedClosed | K14: No.# MOCS RSV Feedback(Closed) | W14: RSV → MOCS control unit | X14: 1=Close
A15: #DI1 | B15: 11 | C15: 16 | E15: XC104#02-2 | F15: DI | G15: N/O | H15: DC24V | I15: MOCS | J15: RBVFeedOpen | K15: No.# MOCS RBV Feedback(Open) | W15: RBV → MOCS control unit | X15: 1=Open
A16: #DI1 | B16: 12 | C16: 26 | E16: XC104#02-3 | F16: DI | G16: N/O | H16: DC24V | I16: MOCS | J16: RBVFeedClosed | K16: No.# MOCS RBV Feedback(Closed) | W16: RBV → MOCS control unitt | X16: 1=Close
A17: #DI1 | B17: 13 | C17: 17 | E17: TS103#42 | F17: DI | G17: N/C | H17: DC24V | I17: FODS | J17: FODosFOInletTemp | K17: No.# MOCS F.O Dosing Fuel Oil Inlet Temp | Q17: 0 | R17: 1 | W17: MOCS F.O. Dosing unit → MOCS control unit | X17: 0 = 60℃ 이상
A18: #DI1 | B18: 14 | C18: 27 | E18: XC104#04-2 | F18: DI | G18: N/O | H18: DC24V | I18: SCR | J18: IDI1Reserved14 | K18: No.# SCR Inlet Valve Feedback(Open)(Reserved)-Not applied | W18: SCR Inlet Valve → MOCS control unit | X18: 1=Open
A19: #DI1 | B19: 15 | C19: 18 | E19: XC104#04-3 | F19: DI | G19: N/O | H19: DC24V | I19: SCR | J19: IDI1Reserved15 | K19: No.# SCR Inlet Valve Feedback(Closed)(Reserved)-Not applied | W19: SCR Inlet Valve → MOCS control unit | X19: 1=Close
A20: #DI1 | B20: 16 | C20: 28 | I20: SCR | J20: SCRFlushRun | K20: No.# SCR Flush Run(Draft) | W20: SCR control unit → MOCS control unit
A21: #DO1 | B21: 1 | C21: 11 | E21: MOC11-20# | F21: DO | G21: N/O | H21: Isolated | I21: MOCS | J21: MOCSReady | K21: No.# MOCS Ready | W21: MOCS control unit → Yard | X21: 1=Ready
A22: #DO1 | B22: 2 | C22: 21 | E22: MBV11-22# | F22: DO | G22: N/O | H22: Isolated | I22: MOCS | J22: AllFlowThroughMOCS | K22: No.# All Flow Through MOCS | W22: MOCS control unit → Yard | X22: 1=All
A23: #DO1 | B23: 3 | C23: 12 | E23: MOC11-22# | F23: DO | G23: N/O | H23: Isolated | I23: MOCS | J23: MOCSActive | K23: No.# MOCS Active | W23: MOCS control unit → Yard | X23: 1=Active
A24: #DO1 | B24: 4 | C24: 22 | E24: MOC11-50# | F24: DO | G24: N/O | H24: Isolated | I24: FODS | J24: FODSFlushRun | K24: No.# MOCS F.O Dosing system Flush Run | W24: MOCS control unit → Yard | X24: 1=Flush
A25: #DO1 | B25: 5 | C25: 13 | E25: ZV103#01 | F25: DO | G25: N/O | H25: DC24V | I25: FODS | J25: FODosAtomAirSolVV | K25: No.# MOCS F.O Dosing Atomizing Air Sol. VV | W25: MOCS control unit → MOCS F.O. Dosing unit | X25: 1=Open
A26: #DO1 | B26: 6 | C26: 23 | E26: ZV103#02 | F26: DO | G26: N/O | H26: DC24V | I26: FODS | J26: FODosPurgingAirSolVv | K26: No.# MOCS F.O Dosing Purging Air Sol. VV | W26: MOCS control unit → MOCS F.O. Dosing unit | X26: 1=Open
A27: #DO1 | B27: 7 | C27: 14 | E27: ZV103#03 | F27: DO | G27: N/O | H27: DC24V | I27: FODS | J27: FODosFOInletSolVv | K27: No.# MOCS F.O Dosing Fuel Oil Inlet Sol. VV | W27: MOCS control unit → MOCS F.O. Dosing unit | X27: 1=Open
A28: #DO1 | B28: 8 | C28: 24 | E28: ZV103#04 | F28: DO | G28: N/O | H28: DC24V | I28: FODS | J28: FODosFOOutletSolVv | K28: No.# MOCS F.O Dosing Fuel Oil Outlet Sol. VV | W28: MOCS control unit → MOCS F.O. Dosing unit | X28: 1=Open
A29: #DO1 | B29: 9 | C29: 15 | E29: ZV103#05 | F29: DO | G29: N/O | H29: DC24V | I29: FODS | J29: FODosFOReturnSolVv | K29: No.# MOCS F.O Dosing Fuel Oil Return Sol. VV | W29: MOCS control unit → MOCS F.O. Dosing unit | X29: 1=Open
A30: #DO1 | B30: 10 | C30: 25 | E30: XC104#01-1 | F30: DO | G30: N/C | H30: DC24V | I30: MOCS | J30: MOCSRSVSetpoint | K30: No.# MOCS RSV Setpoint | W30: MOCS control unit → MOCS RSV | X30: 1= Close
A31: #DO1 | B31: 11 | C31: 16 | E31: XC104#02-1 | F31: DO | G31: N/C | H31: DC24V | I31: MOCS | J31: MOCSRBVSetpoint | K31: No.# MOCS RBV Setpoint | W31: MOCS control unit → MOCS RBV | X31: 1= Close
A32: #DO1 | B32: 12 | C32: 26 | E32: ZV105#01 | F32: DO | G32: N/O | H32: DC24V | I32: MOCS | J32: MOCSVentingSealingSolVv | K32: No.# MOCS Venting & Sealing Sol. VV | W32: MOCS control unit → MOCS Venting&Sealing unit | X32: 1=Open
A33: #DO1 | B33: 13 | C33: 17 | E33: XC104#04-1 | F33: DO | G33: N/C | H33: DC24V | I33: SCR | J33: IDO1Reserved13 | K33: No.# SCR Inlet Valve Setpoint(Reserved)-Not applied | W33: MOCS control unit → SCR Inlet Valve | X33: 1= Close
A34: #DO1 | B34: 14 | C34: 27 | I34: SCR | J34: AllFlowThroughSCR | K34: No.# SCR Allowed(Draft) | W34: MOCS control unit → SCR control unit
A35: #DO1 | B35: 15 | C35: 18 | J35: IDO1Reserved15
A36: #DO1 | B36: 16 | C36: 28 | J36: IDO1Reserved16
A37: #AI1 | B37: 1 | C37: 11 | D37: 21 | E37: TC106#40 | F37: AI | G37: 4-20mA | H37: DC24V | I37: MOCS | J37: InjPipInletTemp | K37: No.# MOCS Injection pipe Inlet Temp | L37: 0 | M37: 600 | N37: °C | W37: MOCS Injection pipe Inlet Temp → MOCS control unit
A38: #AI1 | B38: 2 | C38: 12 | D38: 22 | E38: TC107#40 | F38: AI | G38: 4-20mA | H38: DC24V | I38: MOCS | J38: ChmbInletTemp | K38: No.# MOCS Chamber Inlet Temp | L38: 0 | M38: 800 | N38: °C | O38: 280 | P38: 10 | Q38: 290 | R38: 10 | S38: 480 | T38: 10 | U38: 500 | V38: 60 | W38: MOCS Chamber Inlet Temp → MOCS Chamber instrument panel → MOCS control unit
A39: #AI1 | B39: 3 | C39: 13 | D39: 23 | E39: TC107#41 | F39: AI | G39: 4-20mA | H39: DC24V | I39: MOCS | J39: ChmbMiddleTemp | K39: No.# MOCS Chamber Middle Temp | L39: 0 | M39: 800 | N39: °C | O39: 280 | P39: 10 | Q39: 290 | R39: 10 | S39: 500 | T39: 10 | U39: 520 | V39: 1 | W39: MOCS Chamber Middle Temp → MOCS Chamber instrument panel → MOCS control unit
A40: #AI1 | B40: 4 | C40: 14 | D40: 24 | E40: TC107#42 | F40: AI | G40: 4-20mA | H40: DC24V | I40: MOCS | J40: ChmbOutletTemp | K40: No.# MOCS Chamber Outlet Temp | L40: 0 | M40: 800 | N40: °C | O40: 280 | P40: 10 | Q40: 290 | R40: 10 | S40: 580 | T40: 10 | U40: 600 | V40: 1 | W40: MOCS Chamber Outlet Temp → MOCS Chamber instrument panel → MOCS control unit
A41: #AI1 | B41: 5 | C41: 15 | D41: 25 | E41: PDT107#43 | F41: AI | G41: 4-20mA | H41: DC24V | I41: MOCS | J41: ChmbDiffPres | K41: No.# MOCS Chamber Diff. Press | L41: 0 | M41: 100 | N41: mbar | Q41: 0.5 | R41: 300 | S41: 20 | T41: 60 | U41: 24 | V41: 60 | W41: MOCS Chamber Diff. Press → MOCS Chamber instrument panel → MOCS control unit
A42: #AI1 | B42: 6 | C42: 16 | D42: 26 | E42: PT105#50 | F42: AI | G42: 4-20mA | H42: DC24V | I42: MOCS | J42: VnSAirInletPres | K42: No.# MOCS Venting & Sealing Air Inlet Press | L42: 0 | M42: 16 | N42: bar | O42: 3.5 | P42: 5 | Q42: 4 | R42: 5 | S42: 7.5 | T42: 5 | U42: 8 | V42: 5 | W42: MOCS Venting&Sealing unit → MOCS control unit
A43: #AI1 | B43: 7 | C43: 17 | D43: 27 | J43: IAI1Reserved7
A44: #AI1 | B44: 8 | C44: 18 | D44: 28 | E44: TC120042 | F44: AI | G44: 4-20mA | H44: DC24V | I44: Temporary | J44: TmprMOCSOutletTemp | K44: Temporary MOCS Outlet Temp | L44: 0 | M44: 800 | N44: °C | W44: → MOCS control unit | X44: Temporarily applied only to CHB2050
A45: #AI2 | B45: 1 | C45: 11 | D45: 21 | E45: PDT104#41 | F45: AI | G45: 4-20mA | H45: DC24V | I45: MOCS | J45: IAI2Reserved1 | K45: No.# MOCS RBV Diff. Press(Reserved)-Not applied | L45: 0 | M45: 100 | N45: mbar | S45: 40 | T45: 1 | U45: 44 | V45: 5 | W45: MOCS RBV PDT → MOCS control unit
A46: #AI2 | B46: 2 | C46: 12 | D46: 22 | E46: PDT104#42 | F46: AI | G46: 4-20mA | H46: DC24V | I46: MOCS | J46: RTVDiffPres | K46: No.# MOCS RTV Diff. Press | L46: 0 | M46: 100 | N46: mbar | Q46: 3 | R46: 60 | S46: 50 | T46: 1 | U46: 70 | V46: 5 | W46: MOCS RTV PDT → MOCS control unit
A47: #AI2 | B47: 3 | C47: 13 | D47: 23 | E47: XC104#03-2 | F47: AI | G47: 4-20mA | H47: DC24V | I47: MOCS | J47: RTVFeed | K47: No.# MOCS RTV Feedback | L47: 0 | M47: 100 | N47: % | W47: MOCS RTV → MOCS control unit
A48: #AI2 | B48: 4 | C48: 14 | D48: 24 | E48: TC120040 | F48: AI | G48: 4-20mA | H48: DC24V | I48: Temporary | J48: TmprEGOutletTemp | K48: Temporary Engine Outlet Temp | L48: 0 | M48: 800 | N48: °C | W48: → MOCS control unit | X48: Temporarily applied only to CHB2050
A49: #AI2 | B49: 5 | C49: 15 | D49: 25 | E49: TC120043 | F49: AI | G49: 4-20mA | H49: DC24V | I49: Temporary | J49: TmprSCRInletTemp | K49: Temporary SCR bypass inlet Temp | L49: 0 | M49: 800 | N49: °C | W49: → MOCS control unit | X49: Temporarily applied only to CHB2050
A50: #AI2 | B50: 6 | C50: 16 | D50: 26 | E50: TC120044 | F50: AI | G50: 4-20mA | H50: DC24V | I50: Temporary | J50: TmprSCROutletTemp | K50: Temporary SCR bypass outlet Temp | L50: 0 | M50: 800 | N50: °C | W50: → MOCS control unit | X50: Temporarily applied only to CHB2050
A51: #AI2 | B51: 7 | C51: 17 | D51: 27 | E51: PT120045 | F51: AI | G51: 4-20mA | H51: DC24V | I51: Temporary | J51: TmprEGOutletPress | K51: Temporary Engine Outlet Press | L51: 0 | M51: 100 | N51: mbar | W51: → MOCS control unit | X51: Temporarily applied only to CHB2050
A52: #AI2 | B52: 8 | C52: 18 | D52: 28 | J52: IAI2Reserved8
A53: #AI3 | B53: 1 | C53: 11 | D53: 21 | E53: PT103#40 | F53: AI | G53: 4-20mA | H53: DC24V | I53: FODS | J53: . | K53: No.# MOCS F.O Dosing Atomizing Air Inlet Press | L53: 0 | M53: 10 | N53: bar | O53: 3.5 | P53: 5 | Q53: 4 | R53: 5 | W53: MOCS F.O. Dosing unit → MOCS control unit
A54: #AI3 | B54: 2 | C54: 12 | D54: 22 | E54: PT103#41 | F54: AI | G54: 4-20mA | H54: DC24V | I54: FODS | J54: FODosAtomAirOutletPres | K54: No.# MOCS F.O Dosing Atomizing Air Outlet Press | L54: 0 | M54: 10 | N54: bar | O54: 1 | P54: 5 | Q54: 3 | R54: 5 | W54: MOCS F.O. Dosing unit → MOCS control unit
A55: #AI3 | B55: 3 | C55: 13 | D55: 23 | E55: PT103#43 | F55: AI | G55: 4-20mA | H55: DC24V | I55: FODS | J55: FODosFOInletPress | K55: No.# MOCS F.O Dosing Fuel Oil Inlet Press | L55: 0 | M55: 16 | N55: bar | O55: 4 | P55: 5 | Q55: 5 | R55: 2 | S55: 10 | T55: 10 | U55: 11 | V55: 1 | W55: MOCS F.O. Dosing unit → MOCS control unit
A56: #AI3 | B56: 4 | C56: 14 | D56: 24 | E56: PT103#44 | F56: AI | G56: 4-20mA | H56: DC24V | I56: FODS | J56: FODosFOMiddlePress | K56: No.# MOCS F.O Dosing Fuel Oil Middle Press | L56: 0 | M56: 16 | N56: bar | O56: 4 | P56: 5 | Q56: 5 | R56: 5 | W56: MOCS F.O. Dosing unit → MOCS control unit
A57: #AI3 | B57: 5 | C57: 15 | D57: 25 | E57: FT103#45-2 | F57: AI | G57: 4-20mA | I57: FODS | J57: FODosFOFlowrateFeed | K57: No.# MOCS F.O Dosing Fuel Oil Flowrate(Feedback) | L57: 0 | M57: 100 | N57: L/h | S57: Ref x 155% | T57: 100 | U57: Ref x 160% | V57: 10 | W57: MOCS F.O. Dosing unit → MOCS control unit
A58: #AI3 | B58: 6 | C58: 16 | D58: 26 | E58: PT103#47 | F58: AI | G58: 4-20mA | H58: DC24V | I58: FODS | J58: FODosFOOutletPres | K58: No.# MOCS F.O Dosing Fuel Oil Outlet Press | L58: 0 | M58: 16 | N58: bar | O58: 0.5 | P58: 5 | Q58: 1 | R58: 2 | W58: MOCS F.O. Dosing unit → MOCS control unit
A59: #AI3 | B59: 7 | C59: 17 | D59: 27 | E59: PT120047 | F59: AI | G59: 4-20mA | H59: DC24V | I59: Temporary | J59: TmprMOCSInletPres | K59: Temporary MOCS Outlet Press | L59: 0 | M59: 100 | N59: mbar | W59: → MOCS control unit | X59: Temporarily applied only to CHB2050
A60: #AI3 | B60: 8 | C60: 18 | D60: 28 | E60: PI120049 | F60: AI | G60: 4-20mA | H60: DC24V | I60: Temporary | J60: TmprMOCSOutletPres | K60: Temporary MOCS Inlet Press | L60: 0 | M60: 100 | N60: mbar | W60: → MOCS control unit | X60: Temporarily applied only to CHB2050
A61: #AO1 | B61: 1 | C61: 12 | D61: 13 | E61: XC103#46-2 | F61: AO | G61: 4-20mA | I61: FODS | J61: FODosFOCtrlVvSetpoint | K61: No.# MOCS F.O Dosing Fuel Oil Control VV(Setpoint) | L61: 0 | M61: 100 | N61: % | W61: MOCS control unit → MOCS F.O. Dosing unit
A62: #AO1 | B62: 2 | C62: 22 | D62: 23 | E62: XC104#03-1 | F62: AO | G62: 4-20mA | H62: - | I62: MOCS | J62: RTVSetpoint | K62: No.# MOCS RTV Setpoint | L62: 0 | M62: 100 | N62: % | W62: MOCS control unit → MOCS RTV
A63: #AO1 | B63: 3 | C63: 15 | D63: 16 | J63: IAO1Reserved3
A64: #AO1 | B64: 4 | C64: 25 | D64: 26 | J64: IAO1Reserved4
F66: Engine 통신 항목 | I66: Yard interface로 적용 | K66: - 제어 관련: Hard-wiring
F67: Engine Gas Trip | K67: - 모니터링 관련: 통신
F68: Engine Pilot Trip
F69: Engine SD
F70: Fuel mode(gas)
F71: Diesel actuator rack position
F72: Engine speed
F73: Engine mode
F74: MSS Run signal(active)
F75: Charge Air pressure reference
F76: Charge Air Pressure(PT21)
F77: Charge Air Deviation from Reference
F78: T/C Inlet Temp(TE26)
F79: Cylinder Out Temp(TE25-1)
... F90: Communication hot bit from engine

Sheet Terminal_Arr
B2: Terminal | D2: Description | E2: Remark | F2: Connection
B3: 1X1 | D3: Power source | E3: AC220V | F3: From Yard
B4: 1X2 | D4: Common power supply | E4: CPU, Monitor, I/O card
B5: 2X1 | D5: Common internal power supply 1
B6: 2X2 | D6: Common internal power supply 2
B7: 2X3 | D7: Common internal wiring
B8: 1C1 | D8: F.O. Supply unit & starter
B9: 0Y1 | D9: Common yard interface | F9: From yard
B10: 0Y2 | D10: 통신 interface | F10: From yard/engine
B11: 3X# | D11: Em'cy stop
B12: 4X# | D12: No.# MOCS power supply | E12: Sol.VV
B13: 5X# | D13: No.# MOCS internal wiring 1
B14: 6X# | D14: No.# MOCS internal wiring 2
B15: 7X# | D15: No.# MOCS internal wiring 3
B16: 8X# | D16: No.# MOCS internal wiring 4
B17: 1Y# | D17: No.# Yard interface | F17: From yard
B18: 2Y# | D18: No.# F.O. Dosing unit | F18: From yard
B19: 3Y# | D19: No.# RSV | F19: From yard
B20: 4Y# | D20: No.# RBV | F20: From yard
B21: 5Y# | D21: No.# RTV | F21: From yard
B22: 6Y# | D22: No.# Venting&Sealing unit | F22: From yard
B23: 7Y# | D23: No.# Injection pipe & Chamber instrument panel | F23: From yard

Sheet Common TB
B1: Skid | C1: Tag No. | D1: Signal type | F1: Internal power T/B | I1: External T/B | N1: Power T/B | Q1: MCCB | R1: Fuse | S1: Relay | X1: Module | AB1: Description | AC1: Range | AF1: Alarm | AK1: Connection point | AL1: Remark
A2: NO | B2: Skid | C2: Tag No. | D2: Signal type | E2: Signal type | F2: No. | G2: 24V | H2: 0V | I2: No. | J2: 24V | K2: (+) | L2: (-) | M2: 0V | N2: No. | O2: 24V | P2: 0V | S2: No. | T2: Contact | U2: GND | V2: 24V | W2: 0V | X2: No. | Y2: CH | Z2: (+) | AA2: (-) | AB2: Description | AC2: Min. | AD2: Max. | AE2: Unit | AF2: Low-Low | AG2: Low | AH2: High | AI2: High-High | AJ2: Delay | AK2: Connection point | AL2: Remark
B3: Main power | F3: 1X1 | G3: 1 | H3: 2
B4: Monitor power | F4: 1X2 | G4: 1 | H4: 2
B5: Ethernet hub power | F5: 1X2 | G5: 3 | H5: 4
B6: CPU power | F6: 1X2 | G6: 5 | H6: 6
B7: PS2 power | F7: 1X2 | G7: 7 | H7: 8
B8: PS3 power | F8: 1X2 | G8: 9 | H8: 10
B9: PS4 power | F9: 1X2 | G9: 11 | H9: 12
B10: Main power lamp | F10: 1X3 | G10: 1 | H10: 2
B11: Alarm lamp | F11: 1X3 | G11: 3 | H11: 4
B12: Alarm lamp | F12: 1X3 | G12: 5 | H12: 6
B13: Alarm buzzer | F13: 1X3 | G13: 7 | H13: 8
B14: Alarm buzzer | F14: 1X3 | G14: 9 | H14: 10
B15: Lamp test button | F15: 1X3 | G15: 11 | H15: 12
B18: Internal connection | C18: MOC00-200 | D18: DI | E18: N/O | F18: 2X1 | G18: 1 | H18: 2 | X18: 1CDI1 | Y18: 1 | Z18: 11 | AB18: F.O. Supply pump Auto mode | AC18: - | AD18: - | AE18: - | AF18: - | AG18: - | AH18: - | AI18: - | AJ18: - | AK18: Front door → IO module | AL18: 1=Auto
B19: Internal connection | C19: MOC00-370 | D19: DI | E19: N/O | F19: 2X1 | G19: 3 | H19: 4 | X19: 1CDI1 | Y19: 2 | Z19: 21 | AB19: Alarm Reset | AC19: - | AD19: - | AE19: - | AF19: - | AG19: - | AH19: - | AI19: - | AJ19: - | AK19: Front door → IO module | AL19: 1=Reset
B20: Internal connection | C20: MOC01-381 | D20: DO | E20: N/O | F20: 2X1 | G20: 5 | H20: 6 | N20: 2X2 | O20: 29 | P20: 30 | S20: 1KC4 | T20: N/O | U20: GND | V20: A1 | W20: A2 | X20: 1CDO1 | Y20: 2 | Z20: 21 | AB20: MOCS common alarm lamp | AK20: IO module → Front door | AL20: 1=Lamp on
B21: Internal connection | C21: MOC01-390 | D21: DO | E21: N/O | F21: 2X1 | G21: 7 | H21: 8 | N21: 2X2 | O21: 31 | P21: 32 | S21: 1KC5 | T21: N/O | U21: GND | V21: A1 | W21: A2 | X21: 1CDO1 | Y21: 3 | Z21: 12 | AB21: MOCS common alarm buzzer | AC21: - | AD21: - | AE21: - | AF21: - | AG21: - | AH21: - | AI21: - | AJ21: - | AK21: IO module → Front door | AL21: 1=Buzzer on
B22: Internal connection | C22: - | D22: - | E22: N/O | N22: 2X2 | O22: 32 | P22: 33 | S22: 1KC6 | T22: N/O | U22: GND | V22: A1 | W22: A2 | X22: - | Y22: - | Z22: - | AA22: - | AB22: MOCS Lamp&Buzzer test Push button
B23: Internal connection | C23: MOC00-803 | D23: DI | E23: N/C | F23: 2X1 | G23: 9 | H23: 10 | X23: 1CDI1 | Y23: 4 | Z23: 22 | AB23: Internal power Fail | AC23: - | AD23: - | AE23: - | AF23: - | AG23: - | AH23: - | AI23: - | AJ23: - | AK23: Internal relay → IO module | AL23: 0=Fail
B24: Internal connection | C24: MOC00-804 | D24: DI | E24: N/C | F24: 2X1 | G24: 11 | H24: 12 | X24: 1CDI1 | Y24: 5 | Z24: 13 | AB24: External power Fail | AC24: - | AD24: - | AE24: - | AF24: - | AG24: - | AH24: - | AI24: - | AJ24: - | AK24: Internal relay → IO module | AL24: 0=Fail
B25: Internal connection | C25: MOC00-805 | D25: DI | E25: N/C | F25: 2X1 | G25: 13 | H25: 14 | X25: 1CDI1 | Y25: 6 | Z25: 23 | AB25: Fan power Fail | AC25: - | AD25: - | AE25: - | AF25: - | AG25: - | AH25: - | AI25: - | AJ25: - | AK25: Internal relay → IO module | AL25: 0=Fail
B26: Internal connection | C26: MOC00-806 | D26: DI | E26: N/C | F26: 2X1 | G26: 15 | H26: 16 | X26: 1CDI1 | Y26: 7 | Z26: 14 | AB26: ESD circuit power Fail | AC26: - | AD26: - | AE26: - | AF26: - | AG26: - | AH26: - | AI26: - | AJ26: - | AK26: Internal relay → IO module | AL26: 0=Fail
B27: Internal connection | C27: MOC00-807 | D27: DI | E27: N/C | F27: 2X1 | G27: 17 | H27: 18 | X27: 1CDI1 | Y27: 8 | Z27: 24 | AB27: UPS power Fail | AC27: - | AD27: - | AE27: - | AF27: - | AG27: - | AH27: - | AI27: - | AJ27: - | AK27: Internal relay → IO module | AL27: 0=Fail
B28: Yard interface | C28: MOC11-800 | D28: DO | E28: N/C | F28: 1X1 | G28: 1 | H28: 2 | I28: 0Y1 | K28: 1 | L28: 2 | S28: KE1 | T28: N/C | U28: GND | V28: 1X1: 1 | W28: 1X1: 2 | X28: - | Y28: - | Z28: - | AA28: - | AB28: MOCS Main power fail | AC28: - | AD28: - | AE28: - | AF28: - | AG28: - | AH28: - | AI28: - | AJ28: - | AK28: Internal relay → Yard | AL28: 0=Fail
B29: Yard interface | C29: ENG10-700 | D29: DI | E29: N/C | F29: 2X2 | G29: 29 | H29: 30 | I29: 0Y1 | K29: 3 | L29: 4 | X29: 1CDI1 | Y29: 3 | Z29: 12 | AB29: Low Sulfur fuel supplied (S=0.1%) | AC29: - | AD29: - | AE29: - | AF29: - | AG29: - | AH29: - | AI29: - | AJ29: - | AK29: Yard → MOCS control unit | AL29: 1=0.1% Sulfur
B30: Yard interface | C30: MOC11-331 | D30: DO | E30: N/C | F30: 2X2 | G30: 31 | H30: 32 | I30: 0Y1 | K30: 5 | L30: 6 | S30: 1KC3 | T30: N/C | U30: GND | V30: A1 | W30: A2 | X30: 1CDO1 | Y30: 1 | Z30: 11 | AB30: MOCS Common Alarm | AC30: - | AD30: - | AE30: - | AF30: - | AG30: - | AH30: - | AI30: - | AJ30: - | AK30: MOCS control unit → Yard | AL30: 0=Alarm
B31: Yard interface | D31: RS485 | I31: 0Y2 | K31: 1 | L31: 2 | AB31: SCR-AMS Modbus RTU (Serial communication) | AC31: - | AD31: - | AE31: - | AF31: - | AG31: - | AH31: - | AI31: - | AJ31: - | AK31: SCR control unit ↔ Yard
B32: No.1 F.O. Supply pump starter panel | C32: FSP00-201 | D32: DI | E32: N/O | F32: 2X2 | G32: 1 | H32: 2 | I32: 1C1 | J32: 1 | K32: 2 | X32: 1CDI1 | Y32: 9 | Z32: 15 | AB32: No.1 F.O. Supply pump Remote | AC32: - | AD32: - | AE32: - | AF32: - | AG32: - | AH32: - | AI32: - | AJ32: - | AK32: No.1 F.O. Supply pump starter → MOCS control unit | AL32: 1=Remote
B33: No.1 F.O. Supply pump starter panel | C33: FSP00-301 | D33: DI | E33: N/C | F33: 2X2 | G33: 3 | H33: 4 | I33: 1C1 | J33: 3 | K33: 4 | X33: 1CDI1 | Y33: 10 | Z33: 25 | AB33: No.1 F.O. Supply pump Abnormal | AC33: - | AD33: - | AE33: - | AF33: - | AG33: - | AH33: - | AI33: - | AJ33: - | AK33: No.1 F.O. Supply pump starter → MOCS control unit | AL33: 0=Abnormal
B34: No.1 F.O. Supply pump starter panel | C34: FSP00-221 | D34: DI | E34: N/O | F34: 2X2 | G34: 5 | H34: 6 | I34: 1C1 | J34: 5 | K34: 6 | X34: 1CDI1 | Y34: 11 | Z34: 16 | AB34: No.1 F.O. Supply pump Running | AC34: - | AD34: - | AE34: - | AF34: - | AG34: - | AH34: - | AI34: - | AJ34: - | AK34: No.1 F.O. Supply pump starter → MOCS control unit | AL34: 1=Running
B35: No.2 F.O. Supply pump starter panel | C35: FSP00-202 | D35: DI | E35: N/O | F35: 2X2 | G35: 13 | H35: 14 | I35: 1C1 | J35: 11 | K35: 12 | X35: 1CDI1 | Y35: 12 | Z35: 26 | AB35: No.2 F.O. Supply pump Remote | AC35: - | AD35: - | AE35: - | AF35: - | AG35: - | AH35: - | AI35: - | AJ35: - | AK35: No.2 F.O. Supply pump starter → MOCS control unit | AL35: 1=Remote
B36: No.2 F.O. Supply pump starter panel | C36: FSP00-302 | D36: DI | E36: N/C | F36: 2X2 | G36: 15 | H36: 16 | I36: 1C1 | J36: 13 | K36: 14 | X36: 1CDI1 | Y36: 13 | Z36: 17 | AB36: No.2 F.O. Supply pump Abnormal | AC36: - | AD36: - | AE36: - | AF36: - | AG36: - | AH36: - | AI36: - | AJ36: - | AK36: No.2 F.O. Supply pump starter → MOCS control unit | AL36: 0=Abnormal
B37: No.2 F.O. Supply pump starter panel | C37: FSP00-222 | D37: DI | E37: N/O | F37: 2X2 | G37: 17 | H37: 18 | I37: 1C1 | J37: 15 | K37: 16 | X37: 1CDI1 | Y37: 14 | Z37: 27 | AB37: No.2 F.O. Supply pump Running | AC37: - | AD37: - | AE37: - | AF37: - | AG37: - | AH37: - | AI37: - | AJ37: - | AK37: No.2 F.O. Supply pump starter → MOCS control unit | AL37: 1=Running
B38: No.1 F.O. Supply pump starter panel | C38: FSP01-111 | D38: DO | E38: N/O | F38: 2X2 | G38: 7 | H38: 8 | I38: 1C1 | K38: 7 | L38: 8 | S38: 1KC1 | T38: N/O | U38: GND | V38: A1 | W38: A2 | X38: 1CDO1 | Y38: 4 | Z38: 22 | AB38: No.1 F.O. Supply pump Run Command | AC38: - | AD38: - | AE38: - | AF38: - | AG38: - | AH38: - | AI38: - | AJ38: - | AK38: MOCS control unit → No.1 F.O. Supply pump starter | AL38: 1=Run
B39: No.2 F.O. Supply pump starter panel | C39: FSP01-112 | D39: DO | E39: N/O | F39: 2X2 | G39: 19 | H39: 20 | I39: 1C1 | K39: 17 | L39: 18 | S39: 1KC2 | T39: N/O | U39: GND | V39: A1 | W39: A2 | X39: 1CDO1 | Y39: 5 | Z39: 13 | AB39: No.2 F.O. Supply pump Run Command | AC39: - | AD39: - | AE39: - | AF39: - | AG39: - | AH39: - | AI39: - | AJ39: - | AK39: MOCS control unit → No.2 F.O. Supply pump starter | AL39: 1=Run
B40: F.O. Supply unit | C40: PT102040 | D40: AI | E40: 4-20mA | F40: 2X2 | G40: 25 | H40: 26 | I40: 1C1 | J40: 21 | K40: 22 | R40: FS1 | X40: 1CAI1 | Y40: 1 | Z40: 11 | AA40: 21 | AB40: F.O. Supply, Inlet Press | AC40: -1 | AD40: 5 | AE40: bar | AF40: - | AG40: -0.2 | AH40: - | AI40: - | AJ40: 2 | AK40: F.O. Supply unit → MOCS control unit | AL40: -
B41: F.O. Supply unit | C41: PT102041 | D41: AI | E41: 4-20mA | F41: 2X2 | G41: 27 | H41: 28 | I41: 1C1 | J41: 23 | K41: 24 | R41: FS2 | X41: 1CAI1 | Y41: 2 | Z41: 12 | AA41: 22 | AB41: F.O. Supply, Outlet Press | AC41: 0 | AD41: 16 | AE41: bar | AF41: 4 | AG41: 5 | AH41: - | AI41: - | AJ41: 10 | AK41: F.O. Supply unit → MOCS control unit | AL41: -
B42: F.O. Supply unit | C42: FPS01-411 | D42: AO | E42: 4-20mA | I42: 1C1 | J42: 9 | K42: 10 | R42: FS3 | X42: 1CAO1 | Y42: 1 | Z42: 12 | AA42: 13 | AB42: F.O. Supply, pump motor Setpoint | AC42: 0 | AD42: 100 | AE42: % | AK42: MOCS control unit → F.O. Supply unit | AL42: -
B43: F.O. Supply unit | E43: Power | F43: 2X2 | G43: 11 | H43: 12 | I43: 1C1 | J43: 11 | K43: 12 | R43: FS4 | AB43: Converter DC24V power | AK43: MOCS control unit → F.O. Supply unit | AL43: -
B44: F.O. Supply unit | C44: FPS01-412 | D44: AO | E44: 4-20mA | I44: 1C1 | J44: 19 | K44: 20 | R44: FS5 | X44: 1CAO1 | Y44: 2 | Z44: 22 | AA44: 23 | AB44: F.O. Supply, pump motor Setpoint | AC44: 0 | AD44: 100 | AE44: % | AK44: MOCS control unit → F.O. Supply unit | AL44: -
B45: F.O. Supply unit | E45: Power | F45: 2X2 | G45: 23 | H45: 24 | I45: 1C1 | J45: 23 | K45: 24 | R45: FS6 | AB45: Converter DC24V power | AK45: MOCS control unit → F.O. Supply unit | AL45: -

Sheet No.# TB
B1: Skid | C1: Tag No. | D1: Signal type | F1: Internal power T/B | I1: External T/B | N1: Power T/B | Q1: MCCB | R1: Fuse | S1: Relay | X1: Module | AB1: Description | AC1: Range | AF1: Alarm | AK1: Connection point | AL1: Remark
A2: NO | B2: Skid | C2: Tag No. | D2: Signal type | E2: Signal type | F2: No. | G2: 24V | H2: 0V | I2: No. | J2: 24V | K2: (+) | L2: (-) | M2: 0V | N2: No. | O2: 24V | P2: 0V | S2: No. | T2: Contact | U2: GND | V2: 24V | W2: 0V | X2: No. | Y2: CH | Z2: (+) | AA2: (-) | AB2: Description | AC2: Min. | AD2: Max. | AE2: Unit | AF2: Low-Low | AG2: Low | AH2: High | AI2: High-High | AJ2: Delay | AK2: Connection point | AL2: Remark
B3: Internal connection | C3: MOC10-91#P | D3: DI | E3: N/C | F3: 9X# | G3: 1 | H3: 2 | I3: 1Y# | J3: 1 | M3: 2 | S3: EP# | V3: A1 | W3: A2 | X3: - | Y3: - | Z3: - | AA3: - | AB3: No.# MOCS Em'cy stop From panel | AC3: - | AD3: - | AE3: - | AF3: - | AG3: - | AH3: - | AI3: - | AJ3: - | AK3: Front door → MOCS control unit(Internal relay) | AL3: 0=Em'cy Stop
B4: Yard interface | C4: MOC10-91#E | D4: DI | E4: N/C | F4: 9X# | G4: 3 | H4: 4 | I4: 1Y# | J4: 3 | M4: 4 | S4: EE# | V4: A1 | W4: A2 | X4: - | Y4: - | Z4: - | AA4: - | AB4: No.# MOCS Em'cy stop From ECR | AC4: - | AD4: - | AE4: - | AF4: - | AG4: - | AH4: - | AI4: - | AJ4: - | AK4: Yard → MOCS control unit(Internal relay) | AL4: 0=Em'cy Stop
B5: Yard interface | C5: MOC10-91#B | D5: DI | E5: N/C | F5: 9X# | G5: 5 | H5: 6 | I5: 1Y# | J5: 5 | M5: 6 | S5: EB# | V5: A1 | W5: A2 | X5: - | Y5: - | Z5: - | AA5: - | AB5: No.# MOCS Em'cy stop From Bridge | AC5: - | AD5: - | AE5: - | AF5: - | AG5: - | AH5: - | AI5: - | AJ5: - | AK5: Yard → MOCS control unit(Internal relay) | AL5: 0=Em'cy Stop
B6: Internal connection | C6: MOC00-91#P | D6: DI | E6: N/C | F6: 9X# | G6: 7 | H6: 8 | I6: 3X# | J6: 1 | M6: 2 | S6: EP# | T6: N/O | U6: GND | V6: MOC10-91#P | W6: MOC10-91#P | X6: #DI1 | Y6: 3 | Z6: 12 | AB6: No.# MOCS Em'cy stop From panel (To module) | AC6: - | AD6: - | AE6: - | AF6: - | AG6: - | AH6: - | AI6: - | AJ6: - | AK6: Internal relay → IO module | AL6: 0=Em'cy Stop
B7: Internal connection | C7: MOC00-91#E | D7: DI | E7: N/C | F7: 9X# | G7: 9 | H7: 10 | I7: 3X# | J7: 3 | M7: 4 | S7: EE# | T7: N/O | U7: GND | V7: MOC10-91#E | W7: MOC10-91#E | X7: #DI1 | Y7: 4 | Z7: 22 | AB7: No.# MOCS Em'cy stop From ECR (To module) | AC7: - | AD7: - | AE7: - | AF7: - | AG7: - | AH7: - | AI7: - | AJ7: - | AK7: Internal relay → IO module | AL7: 0=Em'cy Stop
B8: Internal connection | C8: MOC00-91#B | D8: DI | E8: N/C | F8: 9X# | G8: 11 | H8: 12 | I8: 3X# | J8: 5 | M8: 6 | S8: EB# | T8: N/O | U8: GND | V8: MOC10-91#B | W8: MOC10-91#B | X8: #DI1 | Y8: 5 | Z8: 13 | AB8: No.# MOCS Em'cy stop From Bridge (To module) | AC8: - | AD8: - | AE8: - | AF8: - | AG8: - | AH8: - | AI8: - | AJ8: - | AK8: Internal relay → IO module | AL8: 0=Em'cy Stop
B9: Internal connection | C9: - | D9: DO | E9: N/C | I9: 3X# | K9: 9 | L9: 10 | S9: EV# | T9: N/O | U9: GND | V9: A1 | W9: A2 | X9: - | Y9: - | Z9: - | AA9: - | AB9: No.# RSV Forced open | AK9: Internal relay → Circuit | AL9: 0=Forced open
B10: Internal connection | C10: - | D10: DO | E10: N/C | I10: 3X# | K10: 11 | L10: 12 | S10: EV# | T10: N/O | U10: GND | V10: A1 | W10: A2 | X10: - | Y10: - | Z10: - | AA10: - | AB10: No.# RBV Forced open | AK10: Internal relay → Circuit | AL10: 0=Forced open
B11: Internal connection | C11: - | D11: DO | E11: N/C | I11: 3X# | K11: 13 | L11: 14 | S11: EV# | T11: N/O | U11: GND | V11: A1 | W11: A2 | X11: - | Y11: - | Z11: - | AA11: - | AB11: No.# RTV Forced open | AK11: Internal relay → Circuit | AL11: 0=Forced open
B12: Internal connection | C12: - | D12: DO | E12: N/C | I12: 3X# | K12: 15 | L12: 16 | S12: EV# | T12: N/O | U12: GND | V12: A1 | W12: A2 | X12: - | Y12: - | Z12: - | AA12: - | AB12: No.# SCR Valve Forced open | AK12: Internal relay → Circuit | AL12: 0=Forced open
B13: Internal connection | C13: MOC00-20# | D13: DI | E13: N/O | F13: 9X# | G13: 13 | H13: 14 | I13: 3X# | J13: 7 | K13: 8 | X13: #DI1 | Y13: 2 | Z13: 21 | AB13: No.# MOCS Remote/Local | AC13: - | AD13: - | AE13: - | AF13: - | AG13: - | AH13: - | AI13: - | AJ13: - | AK13: Front door → IO module | AL13: 1=Remote
B14: Yard interface | C14: ENG10-70# | D14: DI | E14: N/O | F14: 5X# | G14: 1 | H14: 2 | I14: 1Y# | J14: 7 | K14: 8 | X14: #DI1 | Y14: 1 | Z14: 11 | AB14: No.# G/E Low Sulfur fuel supplied (S=0.1%) | AC14: - | AD14: - | AE14: - | AF14: - | AG14: - | AH14: - | AI14: - | AJ14: - | AK14: Yard → MOCS control unit | AL14: 1=0.1% Sulfur
B15: Yard interface | C15: MOC10-11# | D15: DI | E15: N/O | F15: 5X# | G15: 3 | H15: 4 | I15: 1Y# | J15: 9 | K15: 10 | X15: #DI1 | Y15: 6 | Z15: 23 | AB15: No.# MOCS Start | AC15: - | AD15: - | AE15: - | AF15: - | AG15: - | AH15: - | AI15: - | AJ15: - | AK15: Yard → MOCS control unit | AL15: 1=Start
B16: Yard interface | C16: MBV10-11# | D16: DI | E16: N/O | F16: 5X# | G16: 5 | H16: 6 | I16: 1Y# | J16: 11 | K16: 12 | X16: #DI1 | Y16: 7 | Z16: 14 | AB16: No.# MOCS Preparation | AC16: - | AD16: - | AE16: - | AF16: - | AG16: - | AH16: - | AI16: - | AJ16: - | AK16: Yard → MOCS control unit | AL16: 1=Preparation
B17: Yard interface | C17: MOC10-01# | D17: DI | E17: N/O | F17: 5X# | G17: 7 | H17: 8 | I17: 1Y# | J17: 13 | K17: 14 | X17: #DI1 | Y17: 8 | Z17: 24 | AB17: No.# MOCS Stop | AC17: - | AD17: - | AE17: - | AF17: - | AG17: - | AH17: - | AI17: - | AJ17: - | AK17: Yard → MOCS control unit | AL17: 1=Stop
B18: Yard interface | C18: MOC11-20# | D18: DO | E18: N/O | F18: 5X# | G18: 9 | H18: 10 | I18: 1Y# | K18: 15 | L18: 16 | S18: #KY1 | T18: N/O | U18: GND | V18: A1 | W18: A2 | X18: #DO1 | Y18: 1 | Z18: 11 | AB18: No.# MOCS Ready | AC18: - | AD18: - | AE18: - | AF18: - | AG18: - | AH18: - | AI18: - | AJ18: - | AK18: MOCS control unit → Yard | AL18: 1=Ready
B19: Yard interface | C19: MBV11-22# | D19: DO | E19: N/O | F19: 5X# | G19: 11 | H19: 12 | I19: 1Y# | K19: 17 | L19: 18 | S19: #KY2 | T19: N/O | U19: GND | V19: A1 | W19: A2 | X19: #DO1 | Y19: 2 | Z19: 21 | AB19: No.# All Flow Through MOCS | AC19: - | AD19: - | AE19: - | AF19: - | AG19: - | AH19: - | AI19: - | AJ19: - | AK19: MOCS control unit → Yard | AL19: 1=All
B20: Yard interface | C20: MOC11-22# | D20: DO | E20: N/O | F20: 5X# | G20: 13 | H20: 14 | I20: 1Y# | K20: 19 | L20: 20 | S20: #KY3 | T20: N/O | U20: GND | V20: A1 | W20: A2 | X20: #DO1 | Y20: 3 | Z20: 12 | AB20: No.# MOCS Active | AC20: - | AD20: - | AE20: - | AF20: - | AG20: - | AH20: - | AI20: - | AJ20: - | AK20: MOCS control unit → Yard | AL20: 1=Active
B21: Yard interface | C21: MOC11-50# | D21: DO | E21: N/O | F21: 5X# | G21: 15 | H21: 16 | I21: 1Y# | K21: 21 | L21: 22 | S21: #KY4 | T21: N/O | U21: GND | V21: A1 | W21: A2 | X21: #DO1 | Y21: 4 | Z21: 22 | AB21: No.# MOCS F.O. Dosing system Flush Run | AC21: - | AD21: - | AE21: - | AF21: - | AG21: - | AH21: - | AI21: - | AJ21: - | AK21: MOCS control unit → Yard | AL21: 1=Flush
B22: F.O. Dosing unit | C22: TS103#42 | D22: DI | E22: N/C | F22: 6X# | G22: 1 | H22: 2 | I22: 2Y# | J22: 1 | K22: 2 | X22: #DI1 | Y22: 13 | Z22: 17 | AB22: No.# F.O. Dosing Fuel Oil Inlet Temp | AC22: - | AD22: - | AE22: - | AF22: - | AG22: - | AH22: - | AI22: - | AJ22: - | AK22: F.O. Dosing unit → MOCS control unit | AL22: 0 = 60℃ 이상
B23: F.O. Dosing unit | C23: ZV103#01 | D23: DO | E23: N/O | F23: 6X# | G23: 3 | H23: 4 | I23: 2Y# | J23: 3 | M23: 4 | N23: 4X# | O23: 1 | P23: 2 | S23: #KD1 | T23: N/O | U23: GND | V23: A1 | W23: A2 | X23: #DO1 | Y23: 5 | Z23: 13 | AB23: No.# F.O. Dosing Atomizing Air Sol. VV | AC23: - | AD23: - | AE23: - | AF23: - | AG23: - | AH23: - | AI23: - | AJ23: - | AK23: MOCS control unit → F.O. Dosing unit | AL23: 1=Open
B24: F.O. Dosing unit | C24: ZV103#02 | D24: DO | E24: N/O | F24: 6X# | G24: 5 | H24: 6 | I24: 2Y# | J24: 5 | M24: 6 | N24: 4X# | O24: 3 | P24: 4 | S24: #KD2 | T24: N/O | U24: GND | V24: A1 | W24: A2 | X24: #DO1 | Y24: 6 | Z24: 23 | AB24: No.# F.O. Dosing Purging Air Sol. VV | AC24: - | AD24: - | AE24: - | AF24: - | AG24: - | AH24: - | AI24: - | AJ24: - | AK24: MOCS control unit → F.O. Dosing unit | AL24: 1=Open
B25: F.O. Dosing unit | C25: ZV103#03 | D25: DO | E25: N/O | F25: 6X# | G25: 7 | H25: 8 | I25: 2Y# | J25: 7 | M25: 8 | N25: 4X# | O25: 5 | P25: 6 | S25: #KD3 | T25: N/O | U25: GND | V25: A1 | W25: A2 | X25: #DO1 | Y25: 7 | Z25: 14 | AB25: No.# F.O. Dosing Fuel Oil Inlet Sol. VV | AC25: - | AD25: - | AE25: - | AF25: - | AG25: - | AH25: - | AI25: - | AJ25: - | AK25: MOCS control unit → F.O. Dosing unit | AL25: 1=Open
B26: F.O. Dosing unit | C26: ZV103#04 | D26: DO | E26: N/O | F26: 6X# | G26: 9 | H26: 10 | I26: 2Y# | J26: 9 | M26: 10 | N26: 4X# | O26: 7 | P26: 8 | S26: #KD4 | T26: N/O | U26: GND | V26: A1 | W26: A2 | X26: #DO1 | Y26: 8 | Z26: 24 | AB26: No.# F.O. Dosing Fuel Oil Outlet Sol. VV | AC26: - | AD26: - | AE26: - | AF26: - | AG26: - | AH26: - | AI26: - | AJ26: - | AK26: MOCS control unit → F.O. Dosing unit | AL26: 1=Open
B27: F.O. Dosing unit | C27: ZV103#05 | D27: DO | E27: N/O | F27: 6X# | G27: 11 | H27: 12 | I27: 2Y# | J27: 11 | M27: 12 | N27: 4X# | O27: 9 | P27: 10 | S27: #KD5 | T27: N/O | U27: GND | V27: A1 | W27: A2 | X27: #DO1 | Y27: 9 | Z27: 15 | AB27: No.# F.O. Dosing Fuel Oil Return Sol. VV | AC27: - | AD27: - | AE27: - | AF27: - | AG27: - | AH27: - | AI27: - | AJ27: - | AK27: MOCS control unit → F.O. Dosing unit | AL27: 1=Open
B28: F.O. Dosing unit | C28: FT103#45-1 | D28: Power | F28: 6X# | G28: 13 | H28: 14 | I28: 2Y# | J28: 13 | M28: 14 | N28: 4X# | O28: 11 | P28: 12 | X28: - | Y28: - | Z28: - | AA28: - | AB28: No.# F.O. Dosing Fuel Oil Flowrate (Power) | AC28: - | AD28: - | AE28: - | AF28: - | AG28: - | AH28: - | AI28: - | AJ28: - | AK28: MOCS control unit → F.O. Dosing unit
B29: F.O. Dosing unit | C29: XC103#46-1 | D29: Power | F29: 6X# | G29: 15 | H29: 16 | I29: 2Y# | J29: 15 | M29: 16 | N29: 4X# | O29: 13 | P29: 14 | X29: - | Y29: - | Z29: - | AA29: - | AB29: No.# F.O. Dosing Fuel Oil Control VV (Power) | AC29: - | AD29: - | AE29: - | AF29: - | AG29: - | AH29: - | AI29: - | AJ29: - | AK29: MOCS control unit → F.O. Dosing unit
B30: F.O. Dosing unit | C30: PT103#40 | D30: AI | E30: 4-20mA | F30: 6X# | G30: 17 | H30: 18 | I30: 2Y# | J30: 17 | K30: 18 | Q30: #FD1 | R30: 100mA | X30: #AI3 | Y30: 1 | Z30: 11 | AA30: 21 | AB30: No.# F.O. Dosing Atomizing Air Inlet Press | AC30: 0 | AD30: 10 | AE30: bar | AF30: 3.5 | AG30: 4 | AJ30: 5 | AK30: F.O. Dosing unit → MOCS control unit
B31: F.O. Dosing unit | C31: PT103#41 | D31: AI | E31: 4-20mA | F31: 6X# | G31: 19 | H31: 20 | I31: 2Y# | J31: 19 | K31: 20 | Q31: #FD2 | R31: 100mA | X31: #AI3 | Y31: 2 | Z31: 12 | AA31: 22 | AB31: No.# F.O. Dosing Atomizing Air Outlet Press | AC31: 0 | AD31: 10 | AE31: bar | AF31: 1 | AG31: 3 | AJ31: 5 | AK31: F.O. Dosing unit → MOCS control unit
B32: F.O. Dosing unit | C32: PT103#43 | D32: AI | E32: 4-20mA | F32: 6X# | G32: 21 | H32: 22 | I32: 2Y# | J32: 21 | K32: 22 | Q32: #FD3 | R32: 100mA | X32: #AI3 | Y32: 3 | Z32: 13 | AA32: 23 | AB32: No.# F.O. Dosing Fuel Oil Inlet Press | AC32: 0 | AD32: 16 | AE32: bar | AF32: 4 | AG32: 5 | AH32: 10 | AI32: 11 | AJ32: 1 | AK32: F.O. Dosing unit → MOCS control unit
B33: F.O. Dosing unit | C33: PT103#44 | D33: AI | E33: 4-20mA | F33: 6X# | G33: 23 | H33: 24 | I33: 2Y# | J33: 23 | K33: 24 | Q33: #FD4 | R33: 100mA | X33: #AI3 | Y33: 4 | Z33: 14 | AA33: 24 | AB33: No.# F.O. Dosing Fuel Oil Middle Press | AC33: 0 | AD33: 16 | AE33: bar | AF33: 4 | AG33: 5 | AJ33: 5 | AK33: F.O. Dosing unit → MOCS control unit
B34: F.O. Dosing unit | C34: FT103#45-2 | D34: AI | E34: 4-20mA | I34: 2Y# | J34: 25 | K34: 26 | Q34: #FD5 | R34: 100mA | X34: #AI3 | Y34: 5 | Z34: 15 | AA34: 25 | AB34: No.# F.O. Dosing Fuel Oil Flowrate (Feedback) | AC34: 0 | AD34: 100 | AE34: L/h | AH34: Ref x 155% | AI34: Ref x 160% | AJ34: 10 | AK34: F.O. Dosing unit → MOCS control unit
B35: F.O. Dosing unit | C35: PT103#47 | D35: AI | E35: 4-20mA | F35: 6X# | G35: 27 | H35: 28 | I35: 2Y# | J35: 27 | K35: 28 | Q35: #FD6 | R35: 100mA | X35: #AI3 | Y35: 6 | Z35: 16 | AA35: 26 | AB35: No.# F.O. Dosing Fuel Oil Outlet Press | AC35: 0 | AD35: 16 | AE35: bar | AF35: 0.5 | AG35: 1 | AJ35: 5 | AK35: F.O. Dosing unit → MOCS control unit
B36: F.O. Dosing unit | C36: XC103#46-2 | D36: AO | E36: 4-20mA | F36: 6X# | I36: 2Y# | J36: 29 | K36: 30 | Q36: #FD7 | R36: 100mA | X36: #AO1 | Y36: 1 | Z36: 12 | AA36: 13 | AB36: No.# F.O. Dosing Fuel Oil Control VV (Setpoint) | AC36: 0 | AD36: 100 | AE36: % | AK36: MOCS control unit → F.O. Dosing unit
B37: RSV | C37: XC104#01-1 | D37: DO | E37: N/C | F37: 7X# | G37: 1 | H37: 2 | I37: 3Y# | J37: 1 | K37: 2 | N37: 4X# | O37: 15 | P37: 16 | S37: #KB1 | T37: N/O | U37: GND | V37: A1 | W37: A2 | X37: #DO1 | Y37: 10 | Z37: 25 | AB37: No.# RSV Setpoint | AC37: - | AD37: - | AE37: - | AF37: - | AG37: - | AH37: - | AI37: - | AJ37: - | AK37: MOCS control unit → RSV | AL37: 1= Close
B38: RSV | C38: XC104#01-2 | D38: DI | E38: N/O | F38: 7X# | G38: 3 | H38: 4 | I38: 3Y# | J38: 3 | K38: 4 | X38: #DI1 | Y38: 9 | Z38: 15 | AB38: No.# RSV Feedback(Open) | AC38: - | AD38: - | AE38: - | AF38: - | AG38: - | AH38: - | AI38: - | AJ38: - | AK38: RSV → MOCS control unit | AL38: 1=Open
B39: RSV | C39: XC104#01-3 | D39: DI | E39: N/O | F39: 7X# | G39: 5 | H39: 6 | I39: 3Y# | J39: 5 | K39: 6 | X39: #DI1 | Y39: 10 | Z39: 25 | AB39: No.# RSV Feedback(Closed) | AC39: - | AD39: - | AE39: - | AF39: - | AG39: - | AH39: - | AI39: - | AJ39: - | AK39: RSV → MOCS control unit | AL39: 1=Close
B40: RBV | C40: XC104#02-1 | D40: DO | E40: N/C | F40: 7X# | G40: 9 | H40: 10 | I40: 4Y# | J40: 1 | K40: 2 | N40: 4X# | O40: 17 | P40: 18 | S40: #KB2 | T40: N/O | U40: GND | V40: A1 | W40: A2 | X40: #DO1 | Y40: 11 | Z40: 16 | AB40: No.# RBV Setpoint | AC40: - | AD40: - | AE40: - | AF40: - | AG40: - | AH40: - | AI40: - | AJ40: - | AK40: MOCS control unit → RBV | AL40: 1= Close
B41: RBV | C41: XC104#02-2 | D41: DI | E41: N/O | F41: 7X# | G41: 11 | H41: 12 | I41: 4Y# | J41: 3 | K41: 4 | X41: #DI1 | Y41: 11 | Z41: 16 | AB41: No.# RBV Feedback(Open) | AC41: - | AD41: - | AE41: - | AF41: - | AG41: - | AH41: - | AI41: - | AJ41: - | AK41: RBV → MOCS control unit | AL41: 1=Open
B42: RBV | C42: XC104#02-3 | D42: DI | E42: N/O | F42: 7X# | G42: 13 | H42: 14 | I42: 4Y# | J42: 5 | K42: 6 | X42: #DI1 | Y42: 12 | Z42: 26 | AB42: No.# RBV Feedback(Closed) | AC42: - | AD42: - | AE42: - | AF42: - | AG42: - | AH42: - | AI42: - | AJ42: - | AK42: RBV → MOCS control unitt | AL42: 1=Close
B43: RTV | C43: XC104#03-1 | D43: AO | E43: 4-20mA | F43: 7X# | I43: 5Y# | J43: 1 | K43: 2 | Q43: #FB2 | R43: 100mA | X43: #AO1 | Y43: 2 | Z43: 22 | AA43: 23 | AB43: No.# RTV Setpoint | AC43: 0 | AD43: 100 | AE43: % | AK43: MOCS control unit → RTV
B44: RTV | C44: XC104#03-2 | D44: AI | E44: 4-20mA | F44: 7X# | G44: 17 | H44: 18 | I44: 5Y# | J44: 3 | K44: 4 | Q44: #FB3 | R44: 100mA | X44: #AI2 | Y44: 3 | Z44: 13 | AA44: 23 | AB44: No.# RTV Feedback | AC44: 0 | AD44: 100 | AE44: % | AI44: 10 | AJ44: 60 | AK44: RTV → MOCS control unit
B45: RTV | C45: PDT104#42 | D45: AI | E45: 4-20mA | F45: 7X# | G45: 19 | H45: 20 | I45: 5Y# | J45: 5 | K45: 6 | Q45: #FB4 | R45: 100mA | X45: #AI2 | Y45: 2 | Z45: 12 | AA45: 22 | AB45: No.# RTV Diff. Press | AC45: 0 | AD45: 100 | AE45: mbar | AG45: 3 | AH45: 50 | AI45: 70 | AJ45: 60 | AK45: RTV PDT → MOCS control unit
B46: SCR Valve | C46: XC104#04-1 | D46: DO | E46: N/C | F46: 7X# | I46: 6Y# | J46: 1 | K46: 2 | N46: 4X# | O46: 21 | P46: 22 | S46: #KB3 | T46: N/O | U46: GND | V46: A1 | W46: A2 | X46: #DO1 | Y46: 13 | Z46: 17 | AB46: No.# SCR Valve Setpoint | AC46: - | AD46: - | AE46: - | AF46: - | AG46: - | AH46: - | AI46: - | AJ46: - | AK46: MOCS control unit → RBV | AL46: 1= Close
B47: SCR Valve | C47: XC104#04-2 | D47: DI | E47: N/O | F47: 7X# | I47: 6Y# | J47: 3 | K47: 4 | X47: #DI1 | Y47: 14 | Z47: 27 | AB47: No.# SCR Valve Feedback(Open) | AC47: - | AD47: - | AE47: - | AF47: - | AG47: - | AH47: - | AI47: - | AJ47: - | AK47: RBV → MOCS control unit | AL47: 1=Open
B48: SCR Valve | C48: XC104#04-3 | D48: DI | E48: N/O | F48: 7X# | I48: 6Y# | J48: 5 | K48: 6 | X48: #DI1 | Y48: 15 | Z48: 18 | AB48: No.# SCR Valve Feedback(Closed) | AC48: - | AD48: - | AE48: - | AF48: - | AG48: - | AH48: - | AI48: - | AJ48: - | AK48: RBV → MOCS control unitt | AL48: 1=Close
B49: Venting&Sealing unit | C49: ZV105#01 | D49: DO | E49: N/O | F49: 8X# | G49: 1 | H49: 2 | I49: 7Y# | J49: 1 | K49: 2 | N49: 4X# | O49: 19 | P49: 20 | S49: #KV1 | T49: N/O | U49: GND | V49: A1 | W49: A2 | X49: #DO1 | Y49: 12 | Z49: 26 | AB49: No.# Venting & Sealing Sol. VV | AC49: - | AD49: - | AE49: - | AF49: - | AG49: - | AH49: - | AI49: - | AJ49: - | AK49: MOCS control unit → Venting&Sealing unit | AL49: 1=Open
B50: Venting&Sealing unit | C50: PT105#50 | D50: AI | E50: 4-20mA | F50: 8X# | G50: 3 | H50: 4 | I50: 7Y# | J50: 3 | K50: 4 | Q50: #FV1 | R50: 100mA | X50: #AI1 | Y50: 6 | Z50: 16 | AA50: 26 | AB50: No.# Venting & Sealing Air Inlet Press | AC50: 0 | AD50: 16 | AE50: bar | AF50: 3.5 | AG50: 4 | AH50: 7.5 | AI50: 8 | AJ50: 5 | AK50: Venting&Sealing unit → MOCS control unit
B51: Injection pipe | C51: TC106#40 | D51: AI | E51: 4-20mA | F51: 8X# | G51: 5 | H51: 6 | I51: 8Y# | J51: 1 | K51: 2 | Q51: #FO1 | R51: 100mA | X51: #AI1 | Y51: 1 | Z51: 11 | AA51: 21 | AB51: No.# Injection pipe Inlet Temp | AC51: 0 | AD51: 600 | AE51: °C | AK51: Mixer Inlet Temp → MOCS control unit
B52: Chamber instrument panel | C52: TC107#40 | D52: AI | E52: 4-20mA | F52: 8X# | G52: 7 | H52: 8 | I52: 8Y# | J52: 3 | K52: 4 | Q52: #FO2 | R52: 100mA | X52: #AI1 | Y52: 2 | Z52: 12 | AA52: 22 | AB52: No.# Chamber Inlet Temp | AC52: 0 | AD52: 800 | AE52: °C | AF52: 280 | AG52: 290 | AH52: 480 | AI52: 500 | AJ52: 60 | AK52: Chamber Inlet Temp → MOCS control unit
B53: Chamber instrument panel | C53: TC107#41 | D53: AI | E53: 4-20mA | F53: 8X# | G53: 9 | H53: 10 | I53: 8Y# | J53: 5 | K53: 6 | Q53: #FO3 | R53: 100mA | X53: #AI1 | Y53: 3 | Z53: 13 | AA53: 23 | AB53: No.# Chamber Middle Temp | AC53: 0 | AD53: 800 | AE53: °C | AF53: 280 | AG53: 290 | AH53: 500 | AI53: 520 | AJ53: 60 | AK53: Chamber Middle Temp → MOCS control unit
B54: Chamber instrument panel | C54: TC107#42 | D54: AI | E54: 4-20mA | F54: 8X# | G54: 11 | H54: 12 | I54: 8Y# | J54: 7 | K54: 8 | Q54: #FO4 | R54: 100mA | X54: #AI1 | Y54: 4 | Z54: 14 | AA54: 24 | AB54: No.# Chamber Outlet Temp | AC54: 0 | AD54: 800 | AE54: °C | AF54: 280 | AG54: 290 | AH54: 580 | AI54: 600 | AJ54: 60 | AK54: Chamber Outlet Temp → MOCS control unit
B55: Chamber instrument panel | C55: PDT107#43 | D55: AI | E55: 4-20mA | F55: 8X# | G55: 13 | H55: 14 | I55: 8Y# | J55: 9 | K55: 10 | Q55: #FO5 | R55: 100mA | X55: #AI1 | Y55: 5 | Z55: 15 | AA55: 25 | AB55: No.# Chamber Diff. Press | AC55: 0 | AD55: 100 | AE55: mbar | AG55: 20 | AH55: 20 | AI55: 24 | AJ55: 60 | AK55: Chamber PDT → MOCS control unit

Sheet Tag numbering
C3: Signal tag numbering | M3: Sensor tag numbering
C5: ① | D5: ② | E5: ③ | G5: ④ | H5: ⑤ | I5: ⑥ | M5: ① | N5: ② | O5: ③ | P5: ④ | Q5: ⑤ | S5: ⑥
C6: Skid | D6: Interface | E6: In/Out | G6: Type | H6: Function | I6: Order | M6: Instrument | N6: Application | O6: Installation | P6: Order | Q6: Numbering | S6: Sub-num
C7: MOC | D7: 1 | E7: 0 | F7: - | G7: 2 | H7: 2 | I7: 1 | M7: PT | N7: 1 | O7: 03 | P7: 1 | Q7: 01 | R7: - | S7: 1
C9: 1) Skid description | H9: 5) Function | M9: 1) Instrument | P9: 3) Installation
C10: MOC: MOC | H10: 0: Status | M10: LT: Level transmitter | P10: 01: Fuel tank
C11: ENG: Engine | H11: 1: Command | M11: LS: Level switch | P11: 02: MOC fuel supply unit
C12: FSU: MOC fuel oil supply unit | H12: 2: Feedback | M12: TE: Temp. element(PT100) | P12: 03: MOC fuel dosing unit
C13: FSP: MOC fuel oil supply pump starter | H13: 3: Alarm | M13: TC: Thermocouple | P13: 04: Bypass valve
C14: FDU: MOC fuel oil dosing unit | H14: 4: … | M14: TS: Temp. switch | P14: 05: Venting&Sealing unit
C15: BNR: Burner | H15: 5: … | M15: TI: Temp. indicator | P15: 06: Mixer
C16: BFP: Burner fuel oil pump starter | H16: 6: … | M16: PT: Press. transmitter | P16: 07: Chamber
C17: VSU: Venting&Sealing unit | H17: 7: … | M17: PS: Press. switch | P17: 08: …
H18: 8: Lamp | M18: PDT: Diff. Press. transmitter | P18: 09: Pipe
C19: 2) Interface | H19: 9: Buzzer | M19: PDS: Diff. Press. switch | P19: 10: …
C20: 0: Internal | M20: PI: Press. indicator | P20: 11: Burner
C21: 1: External | H21: 6) Order | M21: FT: Flowmeter
H22: 0: Only 1 | M22: FS: Flowswitch | P22: 4) Order
C23: 3) Input/Output | H23: 1: No.1 | M23: FI: Flow indicator | P23: 0: Only 1
C24: 0: Input | H24: 2: No.2 | M24: ZV: Sol. Valve | P24: 1: No.1
C25: 1: Output | H25: 3: … | M25: XC: Control valve | P25: 2: No.2
M26: PSV: Press. safety valve | P26: 3: …
C27: 4) Signal type | M27: RV: Press. regulating valve
C28: 0: Stop | M28: NV: Non return valve | P28: 5) Numbering (Input → Output)
C29: 1: Start | M29: VV: Manual valve | P29: 01~39: Mechanical equipment(Pump, Valve, Actucator)
C30: 2: Run/Stop, Remote/Local | M30: MP: Motor driven pump | P30: 40~79: Sensor(Transmitter, Switch, Indicator)
C31: 3: Alarm | M31: NT: NOx detector | P31: 80~89: Emergency shutdown - Mechanical equipment
C32: 4: Analog (4-20mA) | M32: MT: Methane detector | P32: 90~99: Emergency shutdown - Sensor
C33: 5: …
C34: 6: … | M34: 2) Application | P34: 6) Sub-numbering
C35: 7: … | M35: 0: Common use | P35: 1: No.1
C36: 8: Power | M36: 1: 4S-LP MOCS | P36: 2: No.2
C37: 9: Emergency | P37: 3: …

Sheet Reserved Tag
B2: 1. Reserved tag number list(Signal)
B4: Skid | C4: Tag No. | D4: Description | E4: From | F4: To
B5: MOC | C5: MOC00-200 | D5: F.O. Supply pump Auto mode | E5: Front door | F5: MOCS control unit
B6: MOC | C6: MOC00-20# | D6: No.# MOCS Remote/Local | E6: Front door | F6: MOCS control unit
B7: MOC | C7: MOC00-370 | D7: Alarm Reset | E7: Front door | F7: MOCS control unit
B8: MOC | C8: MOC00-801 | D8: Main power Fail | E8: Internal relay | F8: Yard
B9: MOC | C9: MOC00-802 | D9: PLC power Fail | E9: Internal relay | F9: MOCS control unit
B10: MOC | C10: MOC00-803 | D10: Internal power Fail | E10: Internal relay | F10: MOCS control unit
B11: MOC | C11: MOC00-804 | D11: External power Fail | E11: Internal relay | F11: MOCS control unit
B12: MOC | C12: MOC00-805 | D12: Fan power Fail | E12: Internal relay | F12: MOCS control unit
B13: MOC | C13: MOC00-806 | D13: ESD circuit power Fail | E13: Internal relay | F13: MOCS control unit
B14: MOC | C14: MOC00-91#P | D14: No.# MOCS Em'cy stop (From panel) | E14: Front door | F14: MOCS control unit
B15: MOC | C15: MOC00-91#E | D15: No.# MOCS Em'cy stop (From ECR) | E15: Yard | F15: MOCS control unit
... B37: FSP | C37: FSP01-112 | D37: No.2 F.O. Supply pump Run Command | E37: MOCS control unit | F37: No.2 F.O. supply pump starter
B40: 2. Reserved tag number list(Instrument)
B42: Skid | C42: Tag No. | D42: Description | E42: From | F42: To
B43: FSU | C43: MP102001 | D43: F.O. Supply, Pump 1
B44: FSU | C44: MP102002 | D44: F.O. Supply, Pump 2
B45: FSU | C45: PT102040 | D45: F.O. Supply, inlet PT
B46: FSU | C46: PI102040 | D46: F.O. Supply, inlet PI
B47: FSU | C47: PT102041 | D47: F.O. Supply, outlet PT
B48: FSU | C48: PI102041 | D48: F.O. Supply, outlet PI
B50: FDU | C50: ZV103#01 | D50: No.# F.O. Dosing Atomizing Air Sol. VV
B51: FDU | C51: ZV103#02 | D51: No.# F.O. Dosing Purging Air Sol. VV
B52: FDU | C52: ZV103#03 | D52: No.# F.O. Dosing Fuel Inlet Sol. VV
B53: FDU | C53: ZV103#04 | D53: No.# F.O. Dosing Fuel Outlet Sol. VV
B54: FDU | C54: ZV103#05 | D54: No.# F.O. Dosing Fuel Return Sol. VV
B55: FDU | C55: PT103#40 | D55: No.# F.O. Dosing Atomizing Air Inlet PT
... B93: Chamber | C93: PDT107#43 | D93: No.# Chamber PDT
